 "command";"executable";"simtype";"ncores";"nodes";"atomics/node";"iterations";"% remotes";"% priority";"end time" ;"branch-misses";"branch-misses (of all branches          (49.93%))";"branches";"branches (M/sec                    (50.15%))";"context-switches";"context-switches (K/sec)";"cpu-migrations";"cpu-migrations (K/sec)";"cycles";"cycles (GHz                      (49.80%))";"instructions";"instructions (insns per cycle)";"page-faults";"page-faults (K/sec)";"stalled-cycles-backend";"stalled-cycles-backend (backend  cycles idle     (50.22%))";"stalled-cycles-frontend";"stalled-cycles-frontend (frontend cycles idle     (50.09%))";"task-clock (msec)";"task-clock (CPUs utilized)";"time-elapsed (seconds)"
"./build/Benchmark/dxexmachina_phold classic -n 6 -s 4 -i 0 -r 90 -p 0.1 -t 1000000";"dxexmachina_phold";"classic";1;6;4;0;90;10.0;1000000;2228967.0;0.0316;70525840.0;125.979;56.0;0.1;0.0;0.0;1993098163.0;3.56;2679528740.0;1.34;515.0;0.92;935994100.0;0.4696;23464290.0;0.0118;559.823015;1.0;0.559904706
"./build/Benchmark/dxexmachina_phold classic -n 6 -s 4 -i 0 -r 90 -p 0.1 -t 1000000";"dxexmachina_phold";"classic";1;6;4;0;90;10.0;1000000;2300550.0;0.0325;70883774.0;127.437;57.0;0.102;0.0;0.0;1988211703.0;3.574;2681981499.0;1.35;519.0;0.933;937339850.0;0.4714;23639396.0;0.011899999999999999;556.224737;0.999;0.55652008
"./build/Benchmark/dxexmachina_phold classic -n 6 -s 4 -i 0 -r 90 -p 0.1 -t 1000000";"dxexmachina_phold";"classic";1;6;4;0;90;10.0;1000000;2287429.0;0.0325;70387466.0;126.032;57.0;0.102;0.0;0.0;1998882007.0;3.579;2670238480.0;1.34;517.0;0.926;940109045.0;0.4703;23641560.0;0.0118;558.488078;1.0;0.558709766
"./build/Benchmark/dxexmachina_phold classic -n 6 -s 4 -i 0 -r 90 -p 0.1 -t 1000000";"dxexmachina_phold";"classic";1;6;4;0;90;10.0;1000000;2285052.0;0.032400000000000005;70475582.0;126.39;56.0;0.1;0.0;0.0;1996329297.0;3.58;2673366234.0;1.34;518.0;0.929;933108167.0;0.46740000000000004;23839192.0;0.011899999999999999;557.605831;1.0;0.557817574
"./build/Benchmark/dxexmachina_phold classic -n 6 -s 4 -i 0 -r 90 -p 0.1 -t 1000000";"dxexmachina_phold";"classic";1;6;4;0;90;10.0;1000000;2141981.0;0.0301;71265721.0;127.98;57.0;0.102;0.0;0.0;1989898507.0;3.573;2685452991.0;1.35;518.0;0.93;936784323.0;0.4708;21151683.0;0.0106;556.850593;1.0;0.557073498
"./build/Benchmark/dxexmachina_phold classic -n 6 -s 4 -i 0 -r 90 -p 0.1 -t 1000000";"dxexmachina_phold";"classic";1;6;4;0;90;10.0;1000000;2292442.0;0.0323;70990504.0;127.429;56.0;0.101;0.0;0.0;1991160844.0;3.574;2683484941.0;1.35;516.0;0.926;933255647.0;0.46869999999999995;23089368.0;0.0116;557.098772;1.0;0.557269515
"./build/Benchmark/dxexmachina_phold classic -n 6 -s 4 -i 0 -r 90 -p 0.1 -t 1000000";"dxexmachina_phold";"classic";1;6;4;0;90;10.0;1000000;2243606.0;0.0317;70811533.0;127.09;57.0;0.102;0.0;0.0;1997226759.0;3.585;2680297924.0;1.34;519.0;0.931;942980792.0;0.4721;23154334.0;0.0116;557.178312;1.0;0.557007858
"./build/Benchmark/dxexmachina_phold classic -n 6 -s 4 -i 0 -r 90 -p 0.1 -t 1000000";"dxexmachina_phold";"classic";1;6;4;0;90;10.0;1000000;2268871.0;0.0319;71108186.0;127.539;56.0;0.1;0.0;0.0;1994235828.0;3.577;2681364843.0;1.34;518.0;0.929;937040645.0;0.46990000000000004;22681553.0;0.011399999999999999;557.541567;1.0;0.557458059
"./build/Benchmark/dxexmachina_phold classic -n 6 -s 4 -i 0 -r 90 -p 0.1 -t 1000000";"dxexmachina_phold";"classic";1;6;4;0;90;10.0;1000000;2254190.0;0.0319;70636990.0;126.158;58.0;0.104;0.0;0.0;1994003976.0;3.561;2683562083.0;1.35;516.0;0.922;941853869.0;0.47229999999999994;23280673.0;0.011699999999999999;559.90748;1.0;0.560123776
"./build/Benchmark/dxexmachina_phold classic -n 6 -s 4 -i 0 -r 90 -p 0.1 -t 1000000";"dxexmachina_phold";"classic";1;6;4;0;90;10.0;1000000;2270701.0;0.0321;70637604.0;126.436;58.0;0.104;0.0;0.0;1993555821.0;3.568;2667003087.0;1.34;518.0;0.927;935253312.0;0.46909999999999996;23518554.0;0.0118;558.680488;1.0;0.558899789
"./build/Benchmark/dxexmachina_phold classic -n 6 -s 4 -i 0 -r 90 -p 0.1 -t 1000000";"dxexmachina_phold";"classic";1;6;4;0;90;10.0;1000000;2287977.0;0.032400000000000005;70538014.0;126.483;55.0;0.099;0.0;0.0;1996073502.0;3.579;2673230920.0;1.34;518.0;0.929;935234818.0;0.4685;22951163.0;0.0115;557.687911;1.0;0.557576625
"./build/Benchmark/dxexmachina_phold classic -n 6 -s 4 -i 0 -r 90 -p 0.1 -t 1000000";"dxexmachina_phold";"classic";1;6;4;0;90;10.0;1000000;2298194.0;0.0325;70792812.0;126.781;57.0;0.102;0.0;0.0;1995399800.0;3.574;2678138638.0;1.34;516.0;0.924;934408923.0;0.4683;23139879.0;0.0116;558.38594;1.0;0.558554358
"./build/Benchmark/dxexmachina_phold classic -n 6 -s 4 -i 0 -r 90 -p 0.1 -t 1000000";"dxexmachina_phold";"classic";1;6;4;0;90;10.0;1000000;2284190.0;0.032400000000000005;70546999.0;126.392;59.0;0.106;0.0;0.0;1995352717.0;3.575;2677885682.0;1.34;516.0;0.924;935170611.0;0.46869999999999995;23650776.0;0.011899999999999999;558.160322;1.0;0.558357718
"./build/Benchmark/dxexmachina_phold classic -n 6 -s 4 -i 0 -r 90 -p 0.1 -t 1000000";"dxexmachina_phold";"classic";1;6;4;0;90;10.0;1000000;2131940.0;0.03;71175022.0;128.094;57.0;0.103;0.0;0.0;1978550608.0;3.561;2683493172.0;1.36;517.0;0.93;936360221.0;0.4733;21221765.0;0.010700000000000001;555.64824;1.0;0.555833206
"./build/Benchmark/dxexmachina_phold classic -n 6 -s 4 -i 0 -r 90 -p 0.1 -t 1000000";"dxexmachina_phold";"classic";1;6;4;0;90;10.0;1000000;2286584.0;0.0321;71243556.0;128.059;58.0;0.104;0.0;0.0;1996834785.0;3.589;2678913565.0;1.34;519.0;0.933;935828211.0;0.46869999999999995;22824652.0;0.011399999999999999;556.334184;0.999;0.556700914
"./build/Benchmark/dxexmachina_phold classic -n 6 -s 4 -i 0 -r 90 -p 0.2 -t 1000000";"dxexmachina_phold";"classic";1;6;4;0;90;20.0;1000000;2492417.0;0.0322;77326082.0;126.505;62.0;0.101;0.0;0.0;2181200210.0;3.568;2922645368.0;1.34;519.0;0.849;1021001439.0;0.4681;25508199.0;0.011699999999999999;611.247663;1.0;0.611489374
"./build/Benchmark/dxexmachina_phold classic -n 6 -s 4 -i 0 -r 90 -p 0.2 -t 1000000";"dxexmachina_phold";"classic";1;6;4;0;90;20.0;1000000;2492685.0;0.0327;76289295.0;125.416;62.0;0.102;0.0;0.0;2181486469.0;3.586;2931910187.0;1.34;520.0;0.855;1028474353.0;0.4715;25720270.0;0.0118;608.290669;1.0;0.608468251
"./build/Benchmark/dxexmachina_phold classic -n 6 -s 4 -i 0 -r 90 -p 0.2 -t 1000000";"dxexmachina_phold";"classic";1;6;4;0;90;20.0;1000000;2491074.0;0.0323;77191797.0;126.901;62.0;0.102;0.0;0.0;2173686861.0;3.573;2929420906.0;1.35;516.0;0.848;1026008625.0;0.47200000000000003;24974111.0;0.0115;608.28599;1.0;0.608363623
"./build/Benchmark/dxexmachina_phold classic -n 6 -s 4 -i 0 -r 90 -p 0.2 -t 1000000";"dxexmachina_phold";"classic";1;6;4;0;90;20.0;1000000;2494008.0;0.0323;77282155.0;127.791;64.0;0.106;0.0;0.0;2176511650.0;3.599;2927940545.0;1.35;517.0;0.855;1023814882.0;0.4704;24362019.0;0.011200000000000002;604.756511;1.0;0.604504475
"./build/Benchmark/dxexmachina_phold classic -n 6 -s 4 -i 0 -r 90 -p 0.2 -t 1000000";"dxexmachina_phold";"classic";1;6;4;0;90;20.0;1000000;2494342.0;0.0323;77114087.0;126.384;62.0;0.102;0.0;0.0;2168656095.0;3.554;2928630778.0;1.35;518.0;0.849;1021595660.0;0.4711;25822216.0;0.011899999999999999;610.156233;1.001;0.609848502
"./build/Benchmark/dxexmachina_phold classic -n 6 -s 4 -i 0 -r 90 -p 0.2 -t 1000000";"dxexmachina_phold";"classic";1;6;4;0;90;20.0;1000000;2497299.0;0.0325;76854369.0;126.553;62.0;0.102;0.0;0.0;2177386577.0;3.585;2920556689.0;1.34;517.0;0.851;1023782814.0;0.4702;25324794.0;0.0116;607.287924;1.0;0.607308097
"./build/Benchmark/dxexmachina_phold classic -n 6 -s 4 -i 0 -r 90 -p 0.2 -t 1000000";"dxexmachina_phold";"classic";1;6;4;0;90;20.0;1000000;2480965.0;0.0322;76998820.0;126.291;64.0;0.105;0.0;0.0;2168504831.0;3.557;2934301673.0;1.35;517.0;0.848;1025840273.0;0.4731;25391796.0;0.011699999999999999;609.693061;1.0;0.609780231
"./build/Benchmark/dxexmachina_phold classic -n 6 -s 4 -i 0 -r 90 -p 0.2 -t 1000000";"dxexmachina_phold";"classic";1;6;4;0;90;20.0;1000000;2499837.0;0.0323;77295074.0;126.6;62.0;0.102;0.0;0.0;2181169379.0;3.573;2924171569.0;1.34;515.0;0.844;1022471682.0;0.46880000000000005;25006033.0;0.0115;610.543219;1.001;0.610202539
"./build/Benchmark/dxexmachina_phold classic -n 6 -s 4 -i 0 -r 90 -p 0.2 -t 1000000";"dxexmachina_phold";"classic";1;6;4;0;90;20.0;1000000;2514769.0;0.032400000000000005;77710299.0;127.753;63.0;0.104;0.0;0.0;2183752983.0;3.59;2927692883.0;1.34;517.0;0.85;1031117393.0;0.4722;25366288.0;0.0116;608.284171;1.0;0.608362932
"./build/Benchmark/dxexmachina_phold classic -n 6 -s 4 -i 0 -r 90 -p 0.2 -t 1000000";"dxexmachina_phold";"classic";1;6;4;0;90;20.0;1000000;2489988.0;0.032400000000000005;76898884.0;126.025;64.0;0.105;0.0;0.0;2169756755.0;3.556;2929244399.0;1.35;516.0;0.846;1022607641.0;0.47130000000000005;25526505.0;0.0118;610.187368;1.001;0.609824583
"./build/Benchmark/dxexmachina_phold classic -n 6 -s 4 -i 0 -r 90 -p 0.2 -t 1000000";"dxexmachina_phold";"classic";1;6;4;0;90;20.0;1000000;2490682.0;0.0322;77310132.0;127.162;62.0;0.102;0.0;0.0;2177735198.0;3.582;2931970460.0;1.35;519.0;0.854;1026231306.0;0.47119999999999995;25175128.0;0.0116;607.96508;1.0;0.608053534
"./build/Benchmark/dxexmachina_phold classic -n 6 -s 4 -i 0 -r 90 -p 0.2 -t 1000000";"dxexmachina_phold";"classic";1;6;4;0;90;20.0;1000000;2464289.0;0.0322;76643970.0;126.355;62.0;0.102;0.0;0.0;2179728420.0;3.594;2918652619.0;1.34;514.0;0.847;1029767995.0;0.47240000000000004;24888534.0;0.011399999999999999;606.575192;1.0;0.606323894
"./build/Benchmark/dxexmachina_phold classic -n 6 -s 4 -i 0 -r 90 -p 0.2 -t 1000000";"dxexmachina_phold";"classic";1;6;4;0;90;20.0;1000000;2483736.0;0.032;77499870.0;127.1;66.0;0.108;0.0;0.0;2166655408.0;3.553;2932462015.0;1.35;516.0;0.846;1023620749.0;0.47240000000000004;24903734.0;0.0115;609.754096;1.0;0.609949007
"./build/Benchmark/dxexmachina_phold classic -n 6 -s 4 -i 0 -r 90 -p 0.2 -t 1000000";"dxexmachina_phold";"classic";1;6;4;0;90;20.0;1000000;2487888.0;0.0323;77127727.0;126.025;61.0;0.1;0.0;0.0;2181715658.0;3.565;2928836549.0;1.34;517.0;0.845;1024612957.0;0.4696;26032083.0;0.011899999999999999;612.002693;1.0;0.611809882
"./build/Benchmark/dxexmachina_phold classic -n 6 -s 4 -i 0 -r 90 -p 0.2 -t 1000000";"dxexmachina_phold";"classic";1;6;4;0;90;20.0;1000000;2455593.0;0.032;76789940.0;126.978;66.0;0.109;0.0;0.0;2176476256.0;3.599;2932222102.0;1.35;519.0;0.858;1026719105.0;0.4717;25065753.0;0.0115;604.749927;1.0;0.604477412
"./build/Benchmark/dxexmachina_phold classic -n 6 -s 4 -i 0 -r 90 -p 0.3 -t 1000000";"dxexmachina_phold";"classic";1;6;4;0;90;30.0;1000000;2793608.0;0.0332;84252399.0;125.359;68.0;0.101;0.0;0.0;2398031688.0;3.568;3220221099.0;1.34;519.0;0.772;1121805825.0;0.4678;28328279.0;0.0118;672.088811;1.0;0.672100229
"./build/Benchmark/dxexmachina_phold classic -n 6 -s 4 -i 0 -r 90 -p 0.3 -t 1000000";"dxexmachina_phold";"classic";1;6;4;0;90;30.0;1000000;2746892.0;0.0326;84280593.0;125.925;68.0;0.102;0.0;0.0;2398197885.0;3.583;3227584036.0;1.35;515.0;0.769;1131904899.0;0.47200000000000003;28476359.0;0.011899999999999999;669.29165;1.0;0.669338956
"./build/Benchmark/dxexmachina_phold classic -n 6 -s 4 -i 0 -r 90 -p 0.3 -t 1000000";"dxexmachina_phold";"classic";1;6;4;0;90;30.0;1000000;2792348.0;0.0332;84169348.0;125.851;68.0;0.102;0.0;0.0;2388738629.0;3.572;3231011316.0;1.35;518.0;0.775;1124212229.0;0.4706;28196518.0;0.0118;668.801293;1.0;0.668855613
"./build/Benchmark/dxexmachina_phold classic -n 6 -s 4 -i 0 -r 90 -p 0.3 -t 1000000";"dxexmachina_phold";"classic";1;6;4;0;90;30.0;1000000;2793954.0;0.033;84698008.0;126.244;70.0;0.104;0.0;0.0;2396714860.0;3.572;3222704201.0;1.34;519.0;0.774;1122528141.0;0.46840000000000004;27807084.0;0.0116;670.906816;1.0;0.670977563
"./build/Benchmark/dxexmachina_phold classic -n 6 -s 4 -i 0 -r 90 -p 0.3 -t 1000000";"dxexmachina_phold";"classic";1;6;4;0;90;30.0;1000000;2750638.0;0.0327;84108359.0;122.821;69.0;0.101;0.0;0.0;2446331247.0;3.572;3218632046.0;1.32;518.0;0.756;1179565037.0;0.48219999999999996;28089665.0;0.0115;684.80408;1.0;0.684833533
"./build/Benchmark/dxexmachina_phold classic -n 6 -s 4 -i 0 -r 90 -p 0.3 -t 1000000";"dxexmachina_phold";"classic";1;6;4;0;90;30.0;1000000;2802601.0;0.0331;84651337.0;127.158;69.0;0.104;0.0;0.0;2395940491.0;3.599;3218667395.0;1.34;517.0;0.777;1124533517.0;0.4693;27565705.0;0.0115;665.716867;1.0;0.665393587
"./build/Benchmark/dxexmachina_phold classic -n 6 -s 4 -i 0 -r 90 -p 0.3 -t 1000000";"dxexmachina_phold";"classic";1;6;4;0;90;30.0;1000000;2787023.0;0.0329;84774344.0;126.412;68.0;0.101;0.0;0.0;2393302885.0;3.569;3230978129.0;1.35;518.0;0.772;1124533274.0;0.46990000000000004;27748956.0;0.0116;670.620042;1.0;0.670851412
"./build/Benchmark/dxexmachina_phold classic -n 6 -s 4 -i 0 -r 90 -p 0.3 -t 1000000";"dxexmachina_phold";"classic";1;6;4;0;90;30.0;1000000;2796377.0;0.033;84687698.0;126.152;68.0;0.101;0.0;0.0;2398343699.0;3.573;3223447733.0;1.34;519.0;0.773;1125620629.0;0.4693;28107220.0;0.011699999999999999;671.314918;1.0;0.67143629
"./build/Benchmark/dxexmachina_phold classic -n 6 -s 4 -i 0 -r 90 -p 0.3 -t 1000000";"dxexmachina_phold";"classic";1;6;4;0;90;30.0;1000000;2796327.0;0.0331;84375027.0;125.643;69.0;0.103;0.0;0.0;2399378073.0;3.573;3218971271.0;1.34;520.0;0.774;1123032548.0;0.4681;28611537.0;0.011899999999999999;671.545433;1.0;0.671450236
"./build/Benchmark/dxexmachina_phold classic -n 6 -s 4 -i 0 -r 90 -p 0.3 -t 1000000";"dxexmachina_phold";"classic";1;6;4;0;90;30.0;1000000;2784957.0;0.0329;84641214.0;126.227;68.0;0.101;0.0;0.0;2396930334.0;3.575;3221933333.0;1.34;518.0;0.773;1122899205.0;0.4685;27809671.0;0.0116;670.546278;1.0;0.670215626
"./build/Benchmark/dxexmachina_phold classic -n 6 -s 4 -i 0 -r 90 -p 0.3 -t 1000000";"dxexmachina_phold";"classic";1;6;4;0;90;30.0;1000000;2828755.0;0.0335;84329631.0;125.89;70.0;0.104;0.0;0.0;2388350374.0;3.565;3226163538.0;1.35;517.0;0.772;1124675834.0;0.47090000000000004;28313940.0;0.011899999999999999;669.869366;1.0;0.669923287
"./build/Benchmark/dxexmachina_phold classic -n 6 -s 4 -i 0 -r 90 -p 0.3 -t 1000000";"dxexmachina_phold";"classic";1;6;4;0;90;30.0;1000000;2823913.0;0.0335;84314258.0;125.656;69.0;0.103;0.0;0.0;2397867252.0;3.574;3227812757.0;1.35;514.0;0.766;1125680365.0;0.46950000000000003;28820695.0;0.012;670.990976;1.0;0.670968318
"./build/Benchmark/dxexmachina_phold classic -n 6 -s 4 -i 0 -r 90 -p 0.3 -t 1000000";"dxexmachina_phold";"classic";1;6;4;0;90;30.0;1000000;2780817.0;0.033;84291767.0;125.326;68.0;0.101;0.0;0.0;2402268420.0;3.572;3219276628.0;1.34;514.0;0.764;1133890350.0;0.47200000000000003;28157164.0;0.011699999999999999;672.579829;1.0;0.672632222
"./build/Benchmark/dxexmachina_phold classic -n 6 -s 4 -i 0 -r 90 -p 0.3 -t 1000000";"dxexmachina_phold";"classic";1;6;4;0;90;30.0;1000000;2732988.0;0.032799999999999996;83215798.0;124.55;68.0;0.102;0.0;0.0;2393621977.0;3.583;3228676023.0;1.35;518.0;0.775;1129401633.0;0.4718;28962661.0;0.0121;668.131875;1.0;0.668210553
"./build/Benchmark/dxexmachina_phold classic -n 6 -s 4 -i 0 -r 90 -p 0.3 -t 1000000";"dxexmachina_phold";"classic";1;6;4;0;90;30.0;1000000;2791095.0;0.0332;84149112.0;125.098;68.0;0.101;0.0;0.0;2403517221.0;3.573;3213711555.0;1.34;517.0;0.769;1130879276.0;0.4705;28583254.0;0.011899999999999999;672.667582;1.0;0.672568791
"./build/Benchmark/dxexmachina_phold classic -n 6 -s 4 -i 0 -r 90 -p 0.4 -t 1000000";"dxexmachina_phold";"classic";1;6;4;0;90;40.0;1000000;3196023.0;0.0334;95712870.0;125.168;76.0;0.099;0.0;0.0;2729416166.0;3.569;3677412903.0;1.35;517.0;0.676;1283966335.0;0.4704;32016364.0;0.011699999999999999;764.675886;1.0;0.76465759
"./build/Benchmark/dxexmachina_phold classic -n 6 -s 4 -i 0 -r 90 -p 0.4 -t 1000000";"dxexmachina_phold";"classic";1;6;4;0;90;40.0;1000000;3213588.0;0.0339;94849241.0;124.406;77.0;0.101;0.0;0.0;2722726034.0;3.571;3684927691.0;1.35;517.0;0.678;1277802212.0;0.4693;33077134.0;0.0121;762.419774;1.0;0.762164449
"./build/Benchmark/dxexmachina_phold classic -n 6 -s 4 -i 0 -r 90 -p 0.4 -t 1000000";"dxexmachina_phold";"classic";1;6;4;0;90;40.0;1000000;3186916.0;0.0336;94733304.0;124.21;78.0;0.102;0.0;0.0;2736773627.0;3.588;3678856876.0;1.34;516.0;0.677;1289624304.0;0.47119999999999995;32926116.0;0.012;762.684049;1.001;0.762232019
"./build/Benchmark/dxexmachina_phold classic -n 6 -s 4 -i 0 -r 90 -p 0.4 -t 1000000";"dxexmachina_phold";"classic";1;6;4;0;90;40.0;1000000;3198659.0;0.0336;95225626.0;124.66;77.0;0.101;0.0;0.0;2729019260.0;3.573;3681193631.0;1.35;515.0;0.674;1281306117.0;0.46950000000000003;32686888.0;0.012;763.885038;1.0;0.763763318
"./build/Benchmark/dxexmachina_phold classic -n 6 -s 4 -i 0 -r 90 -p 0.4 -t 1000000";"dxexmachina_phold";"classic";1;6;4;0;90;40.0;1000000;3214507.0;0.0337;95409283.0;125.02;77.0;0.101;0.0;0.0;2726253117.0;3.572;3676751510.0;1.35;523.0;0.685;1281561122.0;0.47009999999999996;32411943.0;0.011899999999999999;763.155195;1.0;0.762985636
"./build/Benchmark/dxexmachina_phold classic -n 6 -s 4 -i 0 -r 90 -p 0.4 -t 1000000";"dxexmachina_phold";"classic";1;6;4;0;90;40.0;1000000;3219401.0;0.0338;95268211.0;123.959;80.0;0.104;2.0;0.003;2732183813.0;3.555;3670054218.0;1.34;519.0;0.675;1281618988.0;0.46909999999999996;32419406.0;0.011899999999999999;768.544899;1.0;0.76832858
"./build/Benchmark/dxexmachina_phold classic -n 6 -s 4 -i 0 -r 90 -p 0.4 -t 1000000";"dxexmachina_phold";"classic";1;6;4;0;90;40.0;1000000;3134370.0;0.0327;95769964.0;125.247;76.0;0.099;0.0;0.0;2729397034.0;3.569;3683278718.0;1.35;516.0;0.675;1287505520.0;0.4717;31588783.0;0.0116;764.645932;1.0;0.764508339
"./build/Benchmark/dxexmachina_phold classic -n 6 -s 4 -i 0 -r 90 -p 0.4 -t 1000000";"dxexmachina_phold";"classic";1;6;4;0;90;40.0;1000000;3200384.0;0.0336;95216543.0;124.654;78.0;0.102;0.0;0.0;2729939852.0;3.574;3681260981.0;1.35;515.0;0.674;1285376728.0;0.4708;32572195.0;0.011899999999999999;763.843822;1.0;0.763779513
"./build/Benchmark/dxexmachina_phold classic -n 6 -s 4 -i 0 -r 90 -p 0.4 -t 1000000";"dxexmachina_phold";"classic";1;6;4;0;90;40.0;1000000;3035046.0;0.0316;95922086.0;126.054;80.0;0.105;0.0;0.0;2723805781.0;3.579;3686817228.0;1.35;519.0;0.682;1280613363.0;0.4702;29762071.0;0.0109;760.960511;1.0;0.760894219
"./build/Benchmark/dxexmachina_phold classic -n 6 -s 4 -i 0 -r 90 -p 0.4 -t 1000000";"dxexmachina_phold";"classic";1;6;4;0;90;40.0;1000000;3125312.0;0.033;94649163.0;124.889;76.0;0.1;0.0;0.0;2727697451.0;3.599;3671950798.0;1.35;518.0;0.683;1287251967.0;0.4719;31876405.0;0.011699999999999999;757.865553;1.001;0.757381517
"./build/Benchmark/dxexmachina_phold classic -n 6 -s 4 -i 0 -r 90 -p 0.4 -t 1000000";"dxexmachina_phold";"classic";1;6;4;0;90;40.0;1000000;3191924.0;0.0333;95793551.0;125.225;78.0;0.102;1.0;0.001;2728297564.0;3.567;3678577510.0;1.35;518.0;0.677;1283680828.0;0.4705;32010756.0;0.011699999999999999;764.974426;1.0;0.76493533
"./build/Benchmark/dxexmachina_phold classic -n 6 -s 4 -i 0 -r 90 -p 0.4 -t 1000000";"dxexmachina_phold";"classic";1;6;4;0;90;40.0;1000000;3203993.0;0.0335;95780488.0;125.16;77.0;0.101;0.0;0.0;2727702318.0;3.564;3680908757.0;1.35;519.0;0.678;1283541142.0;0.4706;32457684.0;0.011899999999999999;765.261435;1.0;0.765206045
"./build/Benchmark/dxexmachina_phold classic -n 6 -s 4 -i 0 -r 90 -p 0.4 -t 1000000";"dxexmachina_phold";"classic";1;6;4;0;90;40.0;1000000;3209634.0;0.0336;95432736.0;125.081;77.0;0.101;0.0;0.0;2728568846.0;3.576;3671381267.0;1.35;519.0;0.68;1282603377.0;0.47009999999999996;32874384.0;0.012;762.969624;1.0;0.762844154
"./build/Benchmark/dxexmachina_phold classic -n 6 -s 4 -i 0 -r 90 -p 0.4 -t 1000000";"dxexmachina_phold";"classic";1;6;4;0;90;40.0;1000000;3135547.0;0.032799999999999996;95494558.0;122.799;78.0;0.1;0.0;0.0;2772211746.0;3.565;3687664377.0;1.33;518.0;0.666;1337446875.0;0.4824;32285623.0;0.0116;777.647279;1.0;0.777631391
"./build/Benchmark/dxexmachina_phold classic -n 6 -s 4 -i 0 -r 90 -p 0.4 -t 1000000";"dxexmachina_phold";"classic";1;6;4;0;90;40.0;1000000;3199108.0;0.0337;94903837.0;124.197;78.0;0.102;0.0;0.0;2731004053.0;3.574;3680192399.0;1.35;519.0;0.679;1284235062.0;0.4702;32895436.0;0.012;764.137707;1.001;0.763708293
"./build/Benchmark/dxexmachina_phold classic -n 6 -s 4 -i 0 -r 90 -p 0.5 -t 1000000";"dxexmachina_phold";"classic";1;6;4;0;90;50.0;1000000;3694384.0;0.0344;107316922.0;123.947;88.0;0.102;0.0;0.0;3103530094.0;3.584;4190057057.0;1.35;517.0;0.597;1459475734.0;0.4703;36615710.0;0.0118;865.826272;1.001;0.865354881
"./build/Benchmark/dxexmachina_phold classic -n 6 -s 4 -i 0 -r 90 -p 0.5 -t 1000000";"dxexmachina_phold";"classic";1;6;4;0;90;50.0;1000000;3671719.0;0.0342;107266532.0;124.098;88.0;0.102;0.0;0.0;3090148587.0;3.575;4191492072.0;1.36;516.0;0.597;1448196549.0;0.4686;37133465.0;0.012;864.372474;1.0;0.8641478
"./build/Benchmark/dxexmachina_phold classic -n 6 -s 4 -i 0 -r 90 -p 0.5 -t 1000000";"dxexmachina_phold";"classic";1;6;4;0;90;50.0;1000000;3621627.0;0.0337;107357342.0;124.176;87.0;0.101;0.0;0.0;3091626279.0;3.576;4188996306.0;1.35;518.0;0.599;1448198722.0;0.46840000000000004;37686175.0;0.012199999999999999;864.5601;1.0;0.86420923
"./build/Benchmark/dxexmachina_phold classic -n 6 -s 4 -i 0 -r 90 -p 0.5 -t 1000000";"dxexmachina_phold";"classic";1;6;4;0;90;50.0;1000000;3686840.0;0.034300000000000004;107510723.0;124.26;87.0;0.101;0.0;0.0;3097341980.0;3.58;4172447260.0;1.35;517.0;0.598;1450117189.0;0.4682;36838068.0;0.011899999999999999;865.205603;1.0;0.864948462
"./build/Benchmark/dxexmachina_phold classic -n 6 -s 4 -i 0 -r 90 -p 0.5 -t 1000000";"dxexmachina_phold";"classic";1;6;4;0;90;50.0;1000000;3678350.0;0.0341;107812872.0;124.731;88.0;0.102;0.0;0.0;3091964847.0;3.577;4185215467.0;1.35;514.0;0.595;1444741199.0;0.4673;36688634.0;0.011899999999999999;864.360509;1.0;0.864050873
"./build/Benchmark/dxexmachina_phold classic -n 6 -s 4 -i 0 -r 90 -p 0.5 -t 1000000";"dxexmachina_phold";"classic";1;6;4;0;90;50.0;1000000;3678214.0;0.0341;107728448.0;124.543;87.0;0.101;0.0;0.0;3093140804.0;3.576;4184527912.0;1.35;516.0;0.597;1450046903.0;0.46880000000000005;37049692.0;0.012;864.98981;1.0;0.864757564
"./build/Benchmark/dxexmachina_phold classic -n 6 -s 4 -i 0 -r 90 -p 0.5 -t 1000000";"dxexmachina_phold";"classic";1;6;4;0;90;50.0;1000000;3708102.0;0.0344;107640346.0;124.478;88.0;0.102;0.0;0.0;3095451883.0;3.58;4178996618.0;1.35;519.0;0.6;1451374096.0;0.4689;37102236.0;0.012;864.734434;1.0;0.864492859
"./build/Benchmark/dxexmachina_phold classic -n 6 -s 4 -i 0 -r 90 -p 0.5 -t 1000000";"dxexmachina_phold";"classic";1;6;4;0;90;50.0;1000000;3690359.0;0.0344;107353498.0;124.138;88.0;0.102;0.0;0.0;3092961891.0;3.577;4186522430.0;1.35;518.0;0.599;1447860985.0;0.4681;37354058.0;0.0121;864.790883;1.0;0.864571349
"./build/Benchmark/dxexmachina_phold classic -n 6 -s 4 -i 0 -r 90 -p 0.5 -t 1000000";"dxexmachina_phold";"classic";1;6;4;0;90;50.0;1000000;3673333.0;0.0341;107738800.0;124.504;87.0;0.101;0.0;0.0;3094803094.0;3.576;4182241554.0;1.35;517.0;0.597;1451862809.0;0.46909999999999996;36829677.0;0.011899999999999999;865.343409;1.0;0.865063466
"./build/Benchmark/dxexmachina_phold classic -n 6 -s 4 -i 0 -r 90 -p 0.5 -t 1000000";"dxexmachina_phold";"classic";1;6;4;0;90;50.0;1000000;3682293.0;0.0344;107151533.0;122.928;89.0;0.102;0.0;0.0;3137445773.0;3.599;4177890100.0;1.33;520.0;0.597;1496229558.0;0.4769;37804126.0;0.012;871.658516;1.001;0.871056088
"./build/Benchmark/dxexmachina_phold classic -n 6 -s 4 -i 0 -r 90 -p 0.5 -t 1000000";"dxexmachina_phold";"classic";1;6;4;0;90;50.0;1000000;3690993.0;0.0344;107340829.0;123.963;88.0;0.102;0.0;0.0;3096757075.0;3.576;4184599677.0;1.35;515.0;0.595;1450578354.0;0.46840000000000004;37462943.0;0.0121;865.907671;1.001;0.865296308
"./build/Benchmark/dxexmachina_phold classic -n 6 -s 4 -i 0 -r 90 -p 0.5 -t 1000000";"dxexmachina_phold";"classic";1;6;4;0;90;50.0;1000000;3686579.0;0.034300000000000004;107351129.0;123.929;90.0;0.104;0.0;0.0;3096471809.0;3.575;4186063152.0;1.35;517.0;0.597;1451132342.0;0.4686;37678752.0;0.012199999999999999;866.232424;1.0;0.865910143
"./build/Benchmark/dxexmachina_phold classic -n 6 -s 4 -i 0 -r 90 -p 0.5 -t 1000000";"dxexmachina_phold";"classic";1;6;4;0;90;50.0;1000000;3716110.0;0.0344;107893837.0;125.09;88.0;0.102;0.0;0.0;3093639986.0;3.587;4192459427.0;1.36;514.0;0.596;1448867420.0;0.4683;37297885.0;0.0121;862.528322;1.0;0.862269219
"./build/Benchmark/dxexmachina_phold classic -n 6 -s 4 -i 0 -r 90 -p 0.5 -t 1000000";"dxexmachina_phold";"classic";1;6;4;0;90;50.0;1000000;3722265.0;0.0346;107626062.0;124.333;88.0;0.102;0.0;0.0;3098054329.0;3.579;4189004909.0;1.35;517.0;0.597;1454770438.0;0.4696;37592491.0;0.0121;865.630675;1.001;0.864998745
"./build/Benchmark/dxexmachina_phold classic -n 6 -s 4 -i 0 -r 90 -p 0.5 -t 1000000";"dxexmachina_phold";"classic";1;6;4;0;90;50.0;1000000;3719724.0;0.0344;108223348.0;124.593;86.0;0.099;0.0;0.0;3096641296.0;3.565;4191222084.0;1.35;518.0;0.596;1459060249.0;0.47119999999999995;37215754.0;0.012;868.611539;1.0;0.868362097
"./build/Benchmark/dxexmachina_phold classic -n 6 -s 4 -i 0 -r 90 -p 0.6 -t 1000000";"dxexmachina_phold";"classic";1;6;4;0;90;60.0;1000000;6255796.0;0.0329;190074948.0;124.071;156.0;0.102;0.0;0.0;5502059147.0;3.591;7480548272.0;1.36;519.0;0.339;2578375962.0;0.4686;62188512.0;0.0113;1531.986822;1.001;1.530489559
"./build/Benchmark/dxexmachina_phold classic -n 6 -s 4 -i 0 -r 90 -p 0.6 -t 1000000";"dxexmachina_phold";"classic";1;6;4;0;90;60.0;1000000;6334466.0;0.0333;190060231.0;123.864;155.0;0.101;0.0;0.0;5497286862.0;3.583;7495899125.0;1.36;518.0;0.338;2581482610.0;0.4696;64643909.0;0.0118;1534.430522;1.001;1.532924423
"./build/Benchmark/dxexmachina_phold classic -n 6 -s 4 -i 0 -r 90 -p 0.6 -t 1000000";"dxexmachina_phold";"classic";1;6;4;0;90;60.0;1000000;6311444.0;0.0331;190706439.0;124.237;155.0;0.101;0.0;0.0;5497575972.0;3.581;7489974277.0;1.36;517.0;0.337;2579934796.0;0.4693;63645117.0;0.0116;1535.023428;1.001;1.533671267
"./build/Benchmark/dxexmachina_phold classic -n 6 -s 4 -i 0 -r 90 -p 0.6 -t 1000000";"dxexmachina_phold";"classic";1;6;4;0;90;60.0;1000000;6335143.0;0.0332;190799761.0;124.348;155.0;0.101;0.0;0.0;5498121926.0;3.583;7487664326.0;1.36;517.0;0.337;2580703983.0;0.4694;61783614.0;0.011200000000000002;1534.405285;1.001;1.533120269
"./build/Benchmark/dxexmachina_phold classic -n 6 -s 4 -i 0 -r 90 -p 0.6 -t 1000000";"dxexmachina_phold";"classic";1;6;4;0;90;60.0;1000000;6299415.0;0.0331;190368394.0;124.156;160.0;0.104;0.0;0.0;5502383353.0;3.589;7488090656.0;1.36;517.0;0.337;2581888433.0;0.4692;63207893.0;0.0115;1533.30507;1.001;1.531987699
"./build/Benchmark/dxexmachina_phold classic -n 6 -s 4 -i 0 -r 90 -p 0.6 -t 1000000";"dxexmachina_phold";"classic";1;6;4;0;90;60.0;1000000;6273056.0;0.033;190048357.0;123.856;155.0;0.101;0.0;0.0;5507916310.0;3.59;7492142858.0;1.36;523.0;0.341;2590533562.0;0.4703;63310536.0;0.0115;1534.435572;1.001;1.53333664
"./build/Benchmark/dxexmachina_phold classic -n 6 -s 4 -i 0 -r 90 -p 0.6 -t 1000000";"dxexmachina_phold";"classic";1;6;4;0;90;60.0;1000000;6332774.0;0.0334;189454564.0;123.13;156.0;0.101;0.0;0.0;5517640715.0;3.586;7484626319.0;1.36;518.0;0.337;2594370379.0;0.4702;64705737.0;0.011699999999999999;1538.657814;1.001;1.537435924
"./build/Benchmark/dxexmachina_phold classic -n 6 -s 4 -i 0 -r 90 -p 0.6 -t 1000000";"dxexmachina_phold";"classic";1;6;4;0;90;60.0;1000000;6280719.0;0.0331;189514536.0;123.579;156.0;0.102;0.0;0.0;5497155839.0;3.585;7495217365.0;1.36;519.0;0.338;2580350306.0;0.4694;62852639.0;0.011399999999999999;1533.543658;1.001;1.532359206
"./build/Benchmark/dxexmachina_phold classic -n 6 -s 4 -i 0 -r 90 -p 0.6 -t 1000000";"dxexmachina_phold";"classic";1;6;4;0;90;60.0;1000000;6265175.0;0.033;190096526.0;124.002;156.0;0.102;0.0;0.0;5497743060.0;3.586;7487499739.0;1.36;519.0;0.339;2577515016.0;0.46880000000000005;60842190.0;0.0111;1533.013254;1.001;1.531756248
"./build/Benchmark/dxexmachina_phold classic -n 6 -s 4 -i 0 -r 90 -p 0.6 -t 1000000";"dxexmachina_phold";"classic";1;6;4;0;90;60.0;1000000;5892216.0;0.0311;189701951.0;123.879;156.0;0.102;0.0;0.0;5504732298.0;3.595;7486440151.0;1.36;518.0;0.338;2587080369.0;0.47;58340019.0;0.0106;1531.348176;1.001;1.529667983
"./build/Benchmark/dxexmachina_phold classic -n 6 -s 4 -i 0 -r 90 -p 0.6 -t 1000000";"dxexmachina_phold";"classic";1;6;4;0;90;60.0;1000000;6235467.0;0.0327;190748570.0;124.243;154.0;0.1;0.0;0.0;5497820238.0;3.581;7489095476.0;1.36;517.0;0.337;2583684504.0;0.46990000000000004;60491381.0;0.011000000000000001;1535.29036;1.001;1.534075245
"./build/Benchmark/dxexmachina_phold classic -n 6 -s 4 -i 0 -r 90 -p 0.6 -t 1000000";"dxexmachina_phold";"classic";1;6;4;0;90;60.0;1000000;6282926.0;0.0331;190033329.0;123.472;154.0;0.1;0.0;0.0;5517881702.0;3.585;7489117185.0;1.36;515.0;0.335;2587617066.0;0.469;63591896.0;0.0115;1539.086401;1.001;1.537725756
"./build/Benchmark/dxexmachina_phold classic -n 6 -s 4 -i 0 -r 90 -p 0.6 -t 1000000";"dxexmachina_phold";"classic";1;6;4;0;90;60.0;1000000;6270977.0;0.033;189761564.0;123.801;158.0;0.103;0.0;0.0;5497589109.0;3.587;7495109623.0;1.36;519.0;0.339;2577044459.0;0.46880000000000005;64792719.0;0.0118;1532.789158;1.001;1.531609863
"./build/Benchmark/dxexmachina_phold classic -n 6 -s 4 -i 0 -r 90 -p 0.6 -t 1000000";"dxexmachina_phold";"classic";1;6;4;0;90;60.0;1000000;6317615.0;0.0332;190195674.0;124.157;154.0;0.101;0.0;0.0;5501936391.0;3.592;7485792346.0;1.36;518.0;0.338;2577271180.0;0.46840000000000004;62119413.0;0.0113;1531.897053;1.001;1.5306391
"./build/Benchmark/dxexmachina_phold classic -n 6 -s 4 -i 0 -r 90 -p 0.6 -t 1000000";"dxexmachina_phold";"classic";1;6;4;0;90;60.0;1000000;6349650.0;0.0335;189525964.0;123.596;155.0;0.101;0.0;0.0;5497302789.0;3.585;7496891249.0;1.36;519.0;0.338;2577270051.0;0.46880000000000005;64836420.0;0.0118;1533.435936;1.001;1.532205736
"./build/Benchmark/dxexmachina_phold classic -n 6 -s 4 -i 0 -r 90 -p 0.7 -t 1000000";"dxexmachina_phold";"classic";1;6;4;0;90;70.0;1000000;7255733.0;0.032;226838248.0;122.91;187.0;0.101;0.0;0.0;6620800598.0;3.587;9017640392.0;1.36;519.0;0.281;3111392504.0;0.46990000000000004;71276641.0;0.0108;1845.566231;1.001;1.844146344
"./build/Benchmark/dxexmachina_phold classic -n 6 -s 4 -i 0 -r 90 -p 0.7 -t 1000000";"dxexmachina_phold";"classic";1;6;4;0;90;70.0;1000000;7670072.0;0.0338;226784820.0;122.465;187.0;0.101;0.0;0.0;6643796387.0;3.588;9018401659.0;1.36;518.0;0.28;3120314863.0;0.4697;77183834.0;0.0116;1851.837631;1.001;1.850175687
"./build/Benchmark/dxexmachina_phold classic -n 6 -s 4 -i 0 -r 90 -p 0.7 -t 1000000";"dxexmachina_phold";"classic";1;6;4;0;90;70.0;1000000;7850633.0;0.0346;227163516.0;122.823;187.0;0.101;0.0;0.0;6637037008.0;3.589;9013697419.0;1.36;518.0;0.28;3107741426.0;0.4682;76458253.0;0.0115;1849.522257;1.001;1.847809317
"./build/Benchmark/dxexmachina_phold classic -n 6 -s 4 -i 0 -r 90 -p 0.7 -t 1000000";"dxexmachina_phold";"classic";1;6;4;0;90;70.0;1000000;7291525.0;0.0322;226539445.0;122.86;187.0;0.101;0.0;0.0;6618169175.0;3.589;9015954071.0;1.36;519.0;0.281;3104992318.0;0.4692;72822541.0;0.011000000000000001;1843.878418;1.001;1.842210048
"./build/Benchmark/dxexmachina_phold classic -n 6 -s 4 -i 0 -r 90 -p 0.7 -t 1000000";"dxexmachina_phold";"classic";1;6;4;0;90;70.0;1000000;7836815.0;0.0345;227087842.0;122.931;187.0;0.101;0.0;0.0;6627976327.0;3.588;9018601023.0;1.36;517.0;0.28;3108850658.0;0.469;77770346.0;0.011699999999999999;1847.276902;1.001;1.845486051
"./build/Benchmark/dxexmachina_phold classic -n 6 -s 4 -i 0 -r 90 -p 0.7 -t 1000000";"dxexmachina_phold";"classic";1;6;4;0;90;70.0;1000000;7793842.0;0.034300000000000004;226990092.0;122.765;189.0;0.102;0.0;0.0;6638526042.0;3.59;9019510066.0;1.36;516.0;0.279;3117709961.0;0.4696;75033953.0;0.0113;1848.975278;1.001;1.847053081
"./build/Benchmark/dxexmachina_phold classic -n 6 -s 4 -i 0 -r 90 -p 0.7 -t 1000000";"dxexmachina_phold";"classic";1;6;4;0;90;70.0;1000000;7822737.0;0.0344;227255289.0;122.944;186.0;0.101;0.0;0.0;6632755801.0;3.588;9016733575.0;1.36;519.0;0.281;3104535058.0;0.4681;77050000.0;0.0116;1848.442334;1.001;1.8467459
"./build/Benchmark/dxexmachina_phold classic -n 6 -s 4 -i 0 -r 90 -p 0.7 -t 1000000";"dxexmachina_phold";"classic";1;6;4;0;90;70.0;1000000;7684202.0;0.0338;227364534.0;123.067;186.0;0.101;0.0;0.0;6622178401.0;3.584;9014965720.0;1.36;519.0;0.281;3106573643.0;0.46909999999999996;76006674.0;0.0115;1847.485575;1.001;1.845859192
"./build/Benchmark/dxexmachina_phold classic -n 6 -s 4 -i 0 -r 90 -p 0.7 -t 1000000";"dxexmachina_phold";"classic";1;6;4;0;90;70.0;1000000;7719885.0;0.034;227130608.0;123.18;188.0;0.102;0.0;0.0;6632391975.0;3.597;9016375405.0;1.36;519.0;0.281;3105458028.0;0.4682;74675497.0;0.0113;1843.892948;1.001;1.842256478
"./build/Benchmark/dxexmachina_phold classic -n 6 -s 4 -i 0 -r 90 -p 0.7 -t 1000000";"dxexmachina_phold";"classic";1;6;4;0;90;70.0;1000000;7751991.0;0.0341;227101055.0;122.99;185.0;0.1;0.0;0.0;6621839384.0;3.586;9017760484.0;1.36;516.0;0.279;3102907707.0;0.4686;76230426.0;0.0115;1846.501831;1.001;1.844814563
"./build/Benchmark/dxexmachina_phold classic -n 6 -s 4 -i 0 -r 90 -p 0.7 -t 1000000";"dxexmachina_phold";"classic";1;6;4;0;90;70.0;1000000;7668992.0;0.0339;226269649.0;122.339;188.0;0.102;0.0;0.0;6634166830.0;3.587;9008862017.0;1.36;517.0;0.28;3108059742.0;0.4685;75727076.0;0.011399999999999999;1849.532802;1.001;1.847774352
"./build/Benchmark/dxexmachina_phold classic -n 6 -s 4 -i 0 -r 90 -p 0.7 -t 1000000";"dxexmachina_phold";"classic";1;6;4;0;90;70.0;1000000;7729390.0;0.0341;226883014.0;122.89;188.0;0.102;0.0;0.0;6622209184.0;3.587;9021856980.0;1.36;518.0;0.281;3111378379.0;0.4698;76850877.0;0.0116;1846.227365;1.001;1.844399664
"./build/Benchmark/dxexmachina_phold classic -n 6 -s 4 -i 0 -r 90 -p 0.7 -t 1000000";"dxexmachina_phold";"classic";1;6;4;0;90;70.0;1000000;7765900.0;0.0341;227469905.0;122.77;187.0;0.101;0.0;0.0;6642719194.0;3.585;9016994081.0;1.36;517.0;0.279;3125083613.0;0.4705;75284665.0;0.0113;1852.813436;1.001;1.851226433
"./build/Benchmark/dxexmachina_phold classic -n 6 -s 4 -i 0 -r 90 -p 0.7 -t 1000000";"dxexmachina_phold";"classic";1;6;4;0;90;70.0;1000000;7782776.0;0.034300000000000004;226936147.0;122.789;188.0;0.102;0.0;0.0;6635902812.0;3.59;9017073603.0;1.36;517.0;0.28;3106662891.0;0.4682;78075485.0;0.0118;1848.185192;1.001;1.84611901
"./build/Benchmark/dxexmachina_phold classic -n 6 -s 4 -i 0 -r 90 -p 0.7 -t 1000000";"dxexmachina_phold";"classic";1;6;4;0;90;70.0;1000000;7702146.0;0.034;226309189.0;122.644;188.0;0.102;0.0;0.0;6622875380.0;3.589;9021748600.0;1.36;517.0;0.28;3107855107.0;0.4693;77837860.0;0.0118;1845.251381;1.001;1.843556584
"./build/Benchmark/dxexmachina_phold classic -n 6 -s 4 -i 0 -r 90 -p 0.8 -t 1000000";"dxexmachina_phold";"classic";1;6;4;0;90;80.0;1000000;10161600.0;0.0346;293389243.0;121.888;244.0;0.101;0.0;0.0;8642223127.0;3.59;11755497806.0;1.36;519.0;0.216;4050717994.0;0.46869999999999995;99353852.0;0.0115;2407.033633;1.001;2.404786241
"./build/Benchmark/dxexmachina_phold classic -n 6 -s 4 -i 0 -r 90 -p 0.8 -t 1000000";"dxexmachina_phold";"classic";1;6;4;0;90;80.0;1000000;10110558.0;0.0345;292890383.0;121.387;244.0;0.101;0.0;0.0;8648726074.0;3.584;11759295736.0;1.36;517.0;0.214;4075784762.0;0.47130000000000005;99792394.0;0.0115;2412.865308;1.001;2.410361729
"./build/Benchmark/dxexmachina_phold classic -n 6 -s 4 -i 0 -r 90 -p 0.8 -t 1000000";"dxexmachina_phold";"classic";1;6;4;0;90;80.0;1000000;10118589.0;0.0345;292923726.0;121.867;242.0;0.101;0.0;0.0;8632310932.0;3.591;11748294720.0;1.36;518.0;0.216;4050834519.0;0.4693;98333399.0;0.011399999999999999;2403.637134;1.001;2.401110633
"./build/Benchmark/dxexmachina_phold classic -n 6 -s 4 -i 0 -r 90 -p 0.8 -t 1000000";"dxexmachina_phold";"classic";1;6;4;0;90;80.0;1000000;10104202.0;0.0346;292320920.0;121.686;244.0;0.102;0.0;0.0;8636392658.0;3.595;11747482323.0;1.36;518.0;0.216;4044571395.0;0.4683;99026649.0;0.0115;2402.263332;1.001;2.399784555
"./build/Benchmark/dxexmachina_phold classic -n 6 -s 4 -i 0 -r 90 -p 0.8 -t 1000000";"dxexmachina_phold";"classic";1;6;4;0;90;80.0;1000000;9557049.0;0.0326;293495411.0;122.259;243.0;0.101;0.0;0.0;8610089015.0;3.587;11760127915.0;1.37;519.0;0.216;4045985945.0;0.46990000000000004;93241845.0;0.0108;2400.598744;1.001;2.398310998
"./build/Benchmark/dxexmachina_phold classic -n 6 -s 4 -i 0 -r 90 -p 0.8 -t 1000000";"dxexmachina_phold";"classic";1;6;4;0;90;80.0;1000000;10058024.0;0.0345;291956638.0;121.397;242.0;0.101;0.0;0.0;8630712685.0;3.589;11762386218.0;1.36;517.0;0.215;4053398822.0;0.4696;99351657.0;0.0115;2404.978051;1.001;2.402559721
"./build/Benchmark/dxexmachina_phold classic -n 6 -s 4 -i 0 -r 90 -p 0.8 -t 1000000";"dxexmachina_phold";"classic";1;6;4;0;90;80.0;1000000;10104782.0;0.0345;292868639.0;121.829;244.0;0.102;0.0;0.0;8632448002.0;3.591;11749083399.0;1.36;520.0;0.216;4049562073.0;0.46909999999999996;99740590.0;0.0116;2403.938541;1.001;2.401429885
"./build/Benchmark/dxexmachina_phold classic -n 6 -s 4 -i 0 -r 90 -p 0.8 -t 1000000";"dxexmachina_phold";"classic";1;6;4;0;90;80.0;1000000;10155883.0;0.0346;293334233.0;122.207;245.0;0.102;0.0;0.0;8627684648.0;3.594;11757571661.0;1.36;517.0;0.215;4050599467.0;0.46950000000000003;98304012.0;0.011399999999999999;2400.314129;1.001;2.39772453
"./build/Benchmark/dxexmachina_phold classic -n 6 -s 4 -i 0 -r 90 -p 0.8 -t 1000000";"dxexmachina_phold";"classic";1;6;4;0;90;80.0;1000000;10113081.0;0.0346;292399072.0;121.722;244.0;0.102;1.0;0.0;8637364218.0;3.596;11754574139.0;1.36;519.0;0.216;4047319577.0;0.4686;99983726.0;0.0116;2402.17825;1.001;2.399962819
"./build/Benchmark/dxexmachina_phold classic -n 6 -s 4 -i 0 -r 90 -p 0.8 -t 1000000";"dxexmachina_phold";"classic";1;6;4;0;90;80.0;1000000;10181172.0;0.0348;292954550.0;121.789;243.0;0.101;0.0;0.0;8634191841.0;3.589;11758520377.0;1.36;517.0;0.215;4057928138.0;0.47;100312875.0;0.0116;2405.418837;1.001;2.40285489
"./build/Benchmark/dxexmachina_phold classic -n 6 -s 4 -i 0 -r 90 -p 0.8 -t 1000000";"dxexmachina_phold";"classic";1;6;4;0;90;80.0;1000000;10152581.0;0.0347;292413469.0;121.663;243.0;0.101;0.0;0.0;8636800723.0;3.593;11747370941.0;1.36;518.0;0.216;4049129803.0;0.46880000000000005;100209911.0;0.0116;2403.465641;1.001;2.40122793
"./build/Benchmark/dxexmachina_phold classic -n 6 -s 4 -i 0 -r 90 -p 0.8 -t 1000000";"dxexmachina_phold";"classic";1;6;4;0;90;80.0;1000000;10141762.0;0.0346;293204484.0;121.853;242.0;0.101;0.0;0.0;8633404772.0;3.588;11756764942.0;1.36;514.0;0.214;4055101016.0;0.4697;98609809.0;0.011399999999999999;2406.204999;1.001;2.403606493
"./build/Benchmark/dxexmachina_phold classic -n 6 -s 4 -i 0 -r 90 -p 0.8 -t 1000000";"dxexmachina_phold";"classic";1;6;4;0;90;80.0;1000000;10124521.0;0.0346;292641198.0;121.831;244.0;0.102;0.0;0.0;8636442628.0;3.595;11758457750.0;1.36;518.0;0.216;4050732899.0;0.469;99466959.0;0.0115;2402.018712;1.001;2.399496481
"./build/Benchmark/dxexmachina_phold classic -n 6 -s 4 -i 0 -r 90 -p 0.8 -t 1000000";"dxexmachina_phold";"classic";1;6;4;0;90;80.0;1000000;10106717.0;0.0345;292624650.0;121.979;242.0;0.101;0.0;0.0;8627771631.0;3.596;11758423882.0;1.36;518.0;0.216;4052438833.0;0.4697;98092661.0;0.011399999999999999;2398.980504;1.001;2.396529488
"./build/Benchmark/dxexmachina_phold classic -n 6 -s 4 -i 0 -r 90 -p 0.8 -t 1000000";"dxexmachina_phold";"classic";1;6;4;0;90;80.0;1000000;10156851.0;0.0347;292753661.0;121.873;247.0;0.103;0.0;0.0;8628978360.0;3.592;11763275916.0;1.36;518.0;0.216;4046016912.0;0.4689;99387190.0;0.0115;2402.122742;1.001;2.399678626
"./build/Benchmark/dxexmachina_phold classic -n 6 -s 4 -i 0 -r 90 -p 0.9 -t 1000000";"dxexmachina_phold";"classic";1;6;4;0;90;90.0;1000000;14854324.0;0.0326;456261785.0;120.332;383.0;0.101;0.0;0.0;13628628036.0;3.594;18582358375.0;1.36;518.0;0.137;6422065123.0;0.47119999999999995;142780783.0;0.0105;3791.703898;1.001;3.787155797
"./build/Benchmark/dxexmachina_phold classic -n 6 -s 4 -i 0 -r 90 -p 0.9 -t 1000000";"dxexmachina_phold";"classic";1;6;4;0;90;90.0;1000000;16009828.0;0.0351;456341983.0;120.237;392.0;0.103;0.0;0.0;13649298181.0;3.596;18579637922.0;1.36;517.0;0.136;6419341113.0;0.4703;158028344.0;0.0116;3795.340251;1.001;3.790898379
"./build/Benchmark/dxexmachina_phold classic -n 6 -s 4 -i 0 -r 90 -p 0.9 -t 1000000";"dxexmachina_phold";"classic";1;6;4;0;90;90.0;1000000;15927256.0;0.0349;456147421.0;120.438;382.0;0.101;0.0;0.0;13613745714.0;3.594;18579341140.0;1.36;517.0;0.137;6395199401.0;0.4698;153398135.0;0.0113;3787.396685;1.001;3.782913038
"./build/Benchmark/dxexmachina_phold classic -n 6 -s 4 -i 0 -r 90 -p 0.9 -t 1000000";"dxexmachina_phold";"classic";1;6;4;0;90;90.0;1000000;15888509.0;0.0348;456317542.0;120.427;382.0;0.101;0.0;0.0;13624185640.0;3.596;18580472488.0;1.36;518.0;0.137;6400403869.0;0.4698;152975726.0;0.011200000000000002;3789.159957;1.001;3.784211122
"./build/Benchmark/dxexmachina_phold classic -n 6 -s 4 -i 0 -r 90 -p 0.9 -t 1000000";"dxexmachina_phold";"classic";1;6;4;0;90;90.0;1000000;15756746.0;0.0345;456390474.0;120.456;382.0;0.101;0.0;0.0;13620178879.0;3.595;18582697202.0;1.36;519.0;0.137;6397934221.0;0.4697;151974681.0;0.011200000000000002;3788.845252;1.001;3.783711216
"./build/Benchmark/dxexmachina_phold classic -n 6 -s 4 -i 0 -r 90 -p 0.9 -t 1000000";"dxexmachina_phold";"classic";1;6;4;0;90;90.0;1000000;14858950.0;0.0326;456411597.0;120.663;382.0;0.101;0.0;0.0;13594243290.0;3.594;18583335351.0;1.37;516.0;0.136;6394940002.0;0.4704;145403782.0;0.010700000000000001;3782.534821;1.001;3.777873277
"./build/Benchmark/dxexmachina_phold classic -n 6 -s 4 -i 0 -r 90 -p 0.9 -t 1000000";"dxexmachina_phold";"classic";1;6;4;0;90;90.0;1000000;16001902.0;0.0351;455532280.0;120.303;386.0;0.102;0.0;0.0;13613781925.0;3.595;18578907408.0;1.36;514.0;0.136;6390528607.0;0.4694;153738087.0;0.0113;3786.547736;1.001;3.782240773
"./build/Benchmark/dxexmachina_phold classic -n 6 -s 4 -i 0 -r 90 -p 0.9 -t 1000000";"dxexmachina_phold";"classic";1;6;4;0;90;90.0;1000000;15741022.0;0.0344;456969231.0;120.625;383.0;0.101;0.0;0.0;13607058339.0;3.592;18585206316.0;1.37;520.0;0.137;6393996940.0;0.46990000000000004;151271383.0;0.0111;3788.333303;1.001;3.783881189
"./build/Benchmark/dxexmachina_phold classic -n 6 -s 4 -i 0 -r 90 -p 0.9 -t 1000000";"dxexmachina_phold";"classic";1;6;4;0;90;90.0;1000000;15733472.0;0.0346;455245874.0;120.219;381.0;0.101;0.0;0.0;13615248446.0;3.595;18579134695.0;1.36;518.0;0.137;6398213994.0;0.46990000000000004;150396024.0;0.011000000000000001;3786.792321;1.001;3.7820107
"./build/Benchmark/dxexmachina_phold classic -n 6 -s 4 -i 0 -r 90 -p 0.9 -t 1000000";"dxexmachina_phold";"classic";1;6;4;0;90;90.0;1000000;15815865.0;0.0347;455799322.0;120.43;385.0;0.102;0.0;0.0;13607431646.0;3.595;18579103576.0;1.37;519.0;0.137;6380825423.0;0.4689;151455778.0;0.0111;3784.754033;1.001;3.780486326
"./build/Benchmark/dxexmachina_phold classic -n 6 -s 4 -i 0 -r 90 -p 0.9 -t 1000000";"dxexmachina_phold";"classic";1;6;4;0;90;90.0;1000000;15931925.0;0.035;455258779.0;120.205;382.0;0.101;0.0;0.0;13607916823.0;3.593;18586944184.0;1.37;518.0;0.137;6393602781.0;0.4698;154037368.0;0.0113;3787.361049;1.001;3.782823355
"./build/Benchmark/dxexmachina_phold classic -n 6 -s 4 -i 0 -r 90 -p 0.9 -t 1000000";"dxexmachina_phold";"classic";1;6;4;0;90;90.0;1000000;15816869.0;0.0346;456554225.0;120.331;383.0;0.101;0.0;0.0;13638709711.0;3.595;18580059227.0;1.36;516.0;0.136;6420727737.0;0.4708;154633855.0;0.0113;3794.144458;1.001;3.789591755
"./build/Benchmark/dxexmachina_phold classic -n 6 -s 4 -i 0 -r 90 -p 0.9 -t 1000000";"dxexmachina_phold";"classic";1;6;4;0;90;90.0;1000000;15818004.0;0.0347;456505669.0;118.452;387.0;0.1;0.0;0.0;13844781483.0;3.592;18577707845.0;1.34;519.0;0.135;6626729753.0;0.47859999999999997;150496929.0;0.0109;3853.917884;1.001;3.849093018
"./build/Benchmark/dxexmachina_phold classic -n 6 -s 4 -i 0 -r 90 -p 0.9 -t 1000000";"dxexmachina_phold";"classic";1;6;4;0;90;90.0;1000000;14913430.0;0.0327;456120273.0;120.614;384.0;0.102;0.0;0.0;13585546109.0;3.593;18580655274.0;1.37;523.0;0.138;6390371623.0;0.4704;144222751.0;0.0106;3781.640693;1.001;3.777096209
"./build/Benchmark/dxexmachina_phold classic -n 6 -s 4 -i 0 -r 90 -p 0.9 -t 1000000";"dxexmachina_phold";"classic";1;6;4;0;90;90.0;1000000;15597870.0;0.0341;456766882.0;120.596;386.0;0.102;0.0;0.0;13607575739.0;3.593;18576697362.0;1.37;518.0;0.137;6388205510.0;0.46950000000000003;151743291.0;0.011200000000000002;3787.569599;1.001;3.782970048
