 "command";"executable";"simtype";"ncores";"nodes";"atomics/node";"iterations";"% remotes";"% priority";"end time" ;"branch-misses";"branch-misses (of all branches          (50.05%))";"branches";"branches (M/sec                    (50.06%))";"context-switches";"context-switches (K/sec)";"cpu-migrations";"cpu-migrations (K/sec)";"cycles";"cycles (GHz                      (50.03%))";"instructions";"instructions (insns per cycle)";"page-faults";"page-faults (K/sec)";"stalled-cycles-backend";"stalled-cycles-backend (backend  cycles idle     (49.98%))";"stalled-cycles-frontend";"stalled-cycles-frontend (frontend cycles idle     (49.97%))";"task-clock (msec)";"task-clock (CPUs utilized)";"time-elapsed (seconds)"
"./build/Benchmark/dxexmachina_phold cpdevs -c 6 -n 6 -s 4 -i 0 -r 90 -p 0.1 -t 1000000";"dxexmachina_phold";"cpdevs";6;6;4;0;90;10.0;1000000;121199626.0;0.0168;7200965563.0;473.042;2080.0;0.137;7.0;0.0;54614650976.0;3.588;37411115874.0;0.69;739.0;0.049;36064140213.0;0.6603;1767269769.0;0.032400000000000005;15222.687022;5.952;2.557554298
"./build/Benchmark/dxexmachina_phold cpdevs -c 6 -n 6 -s 4 -i 0 -r 90 -p 0.1 -t 1000000";"dxexmachina_phold";"cpdevs";6;6;4;0;90;10.0;1000000;121893944.0;0.0166;7340469666.0;478.668;2435.0;0.159;9.0;0.001;55084269477.0;3.592;37832966987.0;0.69;740.0;0.048;36361835253.0;0.6601;1753140566.0;0.0318;15335.198755;5.934;2.584309199
"./build/Benchmark/dxexmachina_phold cpdevs -c 6 -n 6 -s 4 -i 0 -r 90 -p 0.1 -t 1000000";"dxexmachina_phold";"cpdevs";6;6;4;0;90;10.0;1000000;126605987.0;0.0181;7010129399.0;466.801;2335.0;0.155;8.0;0.001;53864126683.0;3.587;36326654557.0;0.67;738.0;0.049;35788947821.0;0.6644;1716492639.0;0.0319;15017.387518;5.943;2.526846174
"./build/Benchmark/dxexmachina_phold cpdevs -c 6 -n 6 -s 4 -i 0 -r 90 -p 0.1 -t 1000000";"dxexmachina_phold";"cpdevs";6;6;4;0;90;10.0;1000000;116720608.0;0.0163;7145854839.0;466.856;2143.0;0.14;11.0;0.001;54934465703.0;3.589;37018577472.0;0.67;741.0;0.048;36664514183.0;0.6674;1684302093.0;0.030699999999999998;15306.345944;5.951;2.571904208
"./build/Benchmark/dxexmachina_phold cpdevs -c 6 -n 6 -s 4 -i 0 -r 90 -p 0.1 -t 1000000";"dxexmachina_phold";"cpdevs";6;6;4;0;90;10.0;1000000;132844162.0;0.018600000000000002;7145751759.0;464.065;2220.0;0.144;6.0;0.0;55258358527.0;3.589;36813531745.0;0.67;739.0;0.048;36747266433.0;0.665;1907928799.0;0.0345;15398.175632;5.951;2.587428066
"./build/Benchmark/dxexmachina_phold cpdevs -c 6 -n 6 -s 4 -i 0 -r 90 -p 0.1 -t 1000000";"dxexmachina_phold";"cpdevs";6;6;4;0;90;10.0;1000000;141759290.0;0.0202;7029137765.0;461.85;2156.0;0.142;7.0;0.0;54593781449.0;3.587;36439283073.0;0.67;740.0;0.049;36178560456.0;0.6627;1883494545.0;0.0345;15219.527287;5.951;2.557292893
"./build/Benchmark/dxexmachina_phold cpdevs -c 6 -n 6 -s 4 -i 0 -r 90 -p 0.1 -t 1000000";"dxexmachina_phold";"cpdevs";6;6;4;0;90;10.0;1000000;115373598.0;0.0167;6926184613.0;470.787;1980.0;0.135;6.0;0.0;52810103232.0;3.59;35844666839.0;0.68;739.0;0.05;35106158758.0;0.6648000000000001;1636851477.0;0.031;14711.92345;5.955;2.470480562
"./build/Benchmark/dxexmachina_phold cpdevs -c 6 -n 6 -s 4 -i 0 -r 90 -p 0.1 -t 1000000";"dxexmachina_phold";"cpdevs";6;6;4;0;90;10.0;1000000;116182247.0;0.0169;6876967482.0;469.889;2044.0;0.14;5.0;0.0;52493367772.0;3.587;35650256514.0;0.68;737.0;0.05;34876789798.0;0.6644;1649474019.0;0.031400000000000004;14635.292486;5.951;2.459434619
"./build/Benchmark/dxexmachina_phold cpdevs -c 6 -n 6 -s 4 -i 0 -r 90 -p 0.1 -t 1000000";"dxexmachina_phold";"cpdevs";6;6;4;0;90;10.0;1000000;131238478.0;0.0184;7129896413.0;468.344;2170.0;0.143;8.0;0.001;54644580178.0;3.589;36846467599.0;0.67;740.0;0.049;36264358505.0;0.6636;1755677004.0;0.0321;15223.636956;5.953;2.557183546
"./build/Benchmark/dxexmachina_phold cpdevs -c 6 -n 6 -s 4 -i 0 -r 90 -p 0.1 -t 1000000";"dxexmachina_phold";"cpdevs";6;6;4;0;90;10.0;1000000;118739624.0;0.0165;7197524687.0;468.661;2180.0;0.142;7.0;0.0;55153713673.0;3.591;37416486354.0;0.68;740.0;0.048;36686121173.0;0.6652;1696772200.0;0.0308;15357.62861;5.957;2.577883348
"./build/Benchmark/dxexmachina_phold cpdevs -c 6 -n 6 -s 4 -i 0 -r 90 -p 0.1 -t 1000000";"dxexmachina_phold";"cpdevs";6;6;4;0;90;10.0;1000000;127615323.0;0.0179;7128523264.0;471.998;2173.0;0.144;9.0;0.001;54211511354.0;3.589;36804690852.0;0.68;739.0;0.049;35976294809.0;0.6636;1718152149.0;0.0317;15102.878672;5.947;2.53970005
"./build/Benchmark/dxexmachina_phold cpdevs -c 6 -n 6 -s 4 -i 0 -r 90 -p 0.1 -t 1000000";"dxexmachina_phold";"cpdevs";6;6;4;0;90;10.0;1000000;120394879.0;0.0175;6891087999.0;471.062;2001.0;0.137;7.0;0.0;52513315001.0;3.59;35717881977.0;0.68;740.0;0.051;34718088892.0;0.6611;1719249491.0;0.0327;14628.82267;5.953;2.457302422
"./build/Benchmark/dxexmachina_phold cpdevs -c 6 -n 6 -s 4 -i 0 -r 90 -p 0.1 -t 1000000";"dxexmachina_phold";"cpdevs";6;6;4;0;90;10.0;1000000;108952947.0;0.0152;7166126720.0;479.051;2086.0;0.139;6.0;0.0;53726988124.0;3.592;37125789141.0;0.69;742.0;0.05;35690256599.0;0.6643000000000001;1536524738.0;0.0286;14958.993634;5.953;2.512996839
"./build/Benchmark/dxexmachina_phold cpdevs -c 6 -n 6 -s 4 -i 0 -r 90 -p 0.1 -t 1000000";"dxexmachina_phold";"cpdevs";6;6;4;0;90;10.0;1000000;124773019.0;0.018000000000000002;6936438672.0;471.909;2122.0;0.144;10.0;0.001;52709844116.0;3.586;35937581180.0;0.68;743.0;0.051;34880374707.0;0.6617000000000001;1747593039.0;0.0332;14698.679014;5.95;2.470312533
"./build/Benchmark/dxexmachina_phold cpdevs -c 6 -n 6 -s 4 -i 0 -r 90 -p 0.1 -t 1000000";"dxexmachina_phold";"cpdevs";6;6;4;0;90;10.0;1000000;120697025.0;0.016;7555024157.0;476.955;2354.0;0.149;9.0;0.001;56883582156.0;3.591;39027423553.0;0.69;738.0;0.047;37755224345.0;0.6637000000000001;1702932082.0;0.029900000000000003;15840.113923;5.937;2.667809883
"./build/Benchmark/dxexmachina_phold cpdevs -c 6 -n 6 -s 4 -i 0 -r 90 -p 0.2 -t 1000000";"dxexmachina_phold";"cpdevs";6;6;4;0;90;20.0;1000000;121294979.0;0.0167;7257239670.0;482.568;2184.0;0.145;7.0;0.0;53990263817.0;3.59;37558366970.0;0.7;744.0;0.049;35486284851.0;0.6573;1748918521.0;0.032400000000000005;15038.783948;5.961;2.522755186
"./build/Benchmark/dxexmachina_phold cpdevs -c 6 -n 6 -s 4 -i 0 -r 90 -p 0.2 -t 1000000";"dxexmachina_phold";"cpdevs";6;6;4;0;90;20.0;1000000;116161985.0;0.0161;7218278286.0;483.503;2244.0;0.15;10.0;0.001;53583932461.0;3.589;37416536186.0;0.7;743.0;0.05;35273302861.0;0.6583;1647224125.0;0.030699999999999998;14929.141503;5.944;2.511488132
"./build/Benchmark/dxexmachina_phold cpdevs -c 6 -n 6 -s 4 -i 0 -r 90 -p 0.2 -t 1000000";"dxexmachina_phold";"cpdevs";6;6;4;0;90;20.0;1000000;125636316.0;0.0168;7475973098.0;470.672;2251.0;0.142;9.0;0.001;57079419213.0;3.594;38905384856.0;0.68;742.0;0.047;37740097111.0;0.6612;1810175714.0;0.0317;15883.622409;5.96;2.664897402
"./build/Benchmark/dxexmachina_phold cpdevs -c 6 -n 6 -s 4 -i 0 -r 90 -p 0.2 -t 1000000";"dxexmachina_phold";"cpdevs";6;6;4;0;90;20.0;1000000;150358433.0;0.02;7526109539.0;441.862;2299.0;0.135;9.0;0.001;61102680339.0;3.587;39239558971.0;0.64;743.0;0.044;41322107847.0;0.6762999999999999;1983154187.0;0.0325;17032.708518;5.954;2.860921671
"./build/Benchmark/dxexmachina_phold cpdevs -c 6 -n 6 -s 4 -i 0 -r 90 -p 0.2 -t 1000000";"dxexmachina_phold";"cpdevs";6;6;4;0;90;20.0;1000000;132576462.0;0.0178;7461459690.0;472.036;2259.0;0.143;7.0;0.0;56699470603.0;3.587;38607940558.0;0.68;743.0;0.047;37481960974.0;0.6611;1905218399.0;0.0336;15806.985272;5.952;2.655866865
"./build/Benchmark/dxexmachina_phold cpdevs -c 6 -n 6 -s 4 -i 0 -r 90 -p 0.2 -t 1000000";"dxexmachina_phold";"cpdevs";6;6;4;0;90;20.0;1000000;146432348.0;0.0192;7617944029.0;455.6;2279.0;0.136;7.0;0.0;60094342549.0;3.594;39490790141.0;0.66;743.0;0.044;40208388464.0;0.6690999999999999;1995081462.0;0.0332;16720.693047;5.961;2.80495446
"./build/Benchmark/dxexmachina_phold cpdevs -c 6 -n 6 -s 4 -i 0 -r 90 -p 0.2 -t 1000000";"dxexmachina_phold";"cpdevs";6;6;4;0;90;20.0;1000000;145210874.0;0.0206;7048965701.0;471.104;2186.0;0.146;11.0;0.001;53668993319.0;3.587;36681413782.0;0.68;745.0;0.05;34998891545.0;0.6520999999999999;1914672060.0;0.035699999999999996;14962.649113;5.947;2.516114879
"./build/Benchmark/dxexmachina_phold cpdevs -c 6 -n 6 -s 4 -i 0 -r 90 -p 0.2 -t 1000000";"dxexmachina_phold";"cpdevs";6;6;4;0;90;20.0;1000000;128547629.0;0.018000000000000002;7147306757.0;473.505;2215.0;0.147;7.0;0.0;54104630142.0;3.584;37259470329.0;0.69;747.0;0.049;35565255586.0;0.6573;1788582286.0;0.0331;15094.473766;5.962;2.531772817
"./build/Benchmark/dxexmachina_phold cpdevs -c 6 -n 6 -s 4 -i 0 -r 90 -p 0.2 -t 1000000";"dxexmachina_phold";"cpdevs";6;6;4;0;90;20.0;1000000;123261846.0;0.0165;7453960208.0;478.172;2307.0;0.148;8.0;0.001;55973893064.0;3.591;38763785044.0;0.69;742.0;0.048;36884200074.0;0.659;1777622065.0;0.0318;15588.440953;5.964;2.613780978
"./build/Benchmark/dxexmachina_phold cpdevs -c 6 -n 6 -s 4 -i 0 -r 90 -p 0.2 -t 1000000";"dxexmachina_phold";"cpdevs";6;6;4;0;90;20.0;1000000;117979915.0;0.0159;7414255774.0;474.066;2311.0;0.148;6.0;0.0;56130340636.0;3.589;38497537010.0;0.69;743.0;0.048;37255253048.0;0.6637000000000001;1698837460.0;0.030299999999999997;15639.717749;5.956;2.625690164
"./build/Benchmark/dxexmachina_phold cpdevs -c 6 -n 6 -s 4 -i 0 -r 90 -p 0.2 -t 1000000";"dxexmachina_phold";"cpdevs";6;6;4;0;90;20.0;1000000;148855262.0;0.0206;7236489119.0;463.142;2369.0;0.152;9.0;0.001;56091697515.0;3.59;37627053025.0;0.67;745.0;0.048;36993686133.0;0.6595;1975383968.0;0.0352;15624.766938;5.952;2.62525396
"./build/Benchmark/dxexmachina_phold cpdevs -c 6 -n 6 -s 4 -i 0 -r 90 -p 0.2 -t 1000000";"dxexmachina_phold";"cpdevs";6;6;4;0;90;20.0;1000000;129348347.0;0.018000000000000002;7205248932.0;476.522;2281.0;0.151;11.0;0.001;54307655539.0;3.592;37407560700.0;0.69;743.0;0.049;35699600188.0;0.6574;1807073289.0;0.0333;15120.504282;5.962;2.536035855
"./build/Benchmark/dxexmachina_phold cpdevs -c 6 -n 6 -s 4 -i 0 -r 90 -p 0.2 -t 1000000";"dxexmachina_phold";"cpdevs";6;6;4;0;90;20.0;1000000;132048004.0;0.0179;7370581883.0;477.482;2373.0;0.154;8.0;0.001;55369680999.0;3.587;38265707387.0;0.69;747.0;0.048;36500558598.0;0.6592;1766614583.0;0.0319;15436.368405;5.948;2.595297665
"./build/Benchmark/dxexmachina_phold cpdevs -c 6 -n 6 -s 4 -i 0 -r 90 -p 0.2 -t 1000000";"dxexmachina_phold";"cpdevs";6;6;4;0;90;20.0;1000000;130768662.0;0.0177;7396209303.0;473.605;2233.0;0.143;11.0;0.001;56052762755.0;3.589;38447172808.0;0.69;743.0;0.048;36857796868.0;0.6576000000000001;1911959450.0;0.0341;15616.834655;5.951;2.624045877
"./build/Benchmark/dxexmachina_phold cpdevs -c 6 -n 6 -s 4 -i 0 -r 90 -p 0.2 -t 1000000";"dxexmachina_phold";"cpdevs";6;6;4;0;90;20.0;1000000;128575252.0;0.018000000000000002;7138577669.0;471.517;2153.0;0.142;6.0;0.0;54382397859.0;3.592;37135561906.0;0.68;742.0;0.049;35751274207.0;0.6574;1883173375.0;0.0346;15139.607016;5.958;2.541055793
"./build/Benchmark/dxexmachina_phold cpdevs -c 6 -n 6 -s 4 -i 0 -r 90 -p 0.3 -t 1000000";"dxexmachina_phold";"cpdevs";6;6;4;0;90;30.0;1000000;154221549.0;0.020499999999999997;7520105250.0;473.591;2270.0;0.143;8.0;0.001;56981316778.0;3.588;39332171649.0;0.69;740.0;0.047;37110850613.0;0.6513;2044429010.0;0.0359;15878.914131;5.952;2.667716997
"./build/Benchmark/dxexmachina_phold cpdevs -c 6 -n 6 -s 4 -i 0 -r 90 -p 0.3 -t 1000000";"dxexmachina_phold";"cpdevs";6;6;4;0;90;30.0;1000000;130825365.0;0.0168;7771140304.0;484.901;2339.0;0.146;6.0;0.0;57519049190.0;3.589;40586967372.0;0.71;738.0;0.046;37575738187.0;0.6533;1836739218.0;0.0319;16026.224773;5.947;2.694936073
"./build/Benchmark/dxexmachina_phold cpdevs -c 6 -n 6 -s 4 -i 0 -r 90 -p 0.3 -t 1000000";"dxexmachina_phold";"cpdevs";6;6;4;0;90;30.0;1000000;142992174.0;0.0195;7341301140.0;481.966;2283.0;0.15;5.0;0.0;54615398190.0;3.586;38414512186.0;0.7;737.0;0.048;35407566971.0;0.6483;1901688811.0;0.0348;15231.998317;5.951;2.559645283
"./build/Benchmark/dxexmachina_phold cpdevs -c 6 -n 6 -s 4 -i 0 -r 90 -p 0.3 -t 1000000";"dxexmachina_phold";"cpdevs";6;6;4;0;90;30.0;1000000;128392815.0;0.0173;7440025488.0;485.207;2346.0;0.153;6.0;0.0;55055893108.0;3.591;38808378442.0;0.7;742.0;0.048;35827850137.0;0.6507999999999999;1798571152.0;0.0327;15333.725948;5.958;2.573539947
"./build/Benchmark/dxexmachina_phold cpdevs -c 6 -n 6 -s 4 -i 0 -r 90 -p 0.3 -t 1000000";"dxexmachina_phold";"cpdevs";6;6;4;0;90;30.0;1000000;131693422.0;0.0171;7680001153.0;479.766;2354.0;0.147;7.0;0.0;57439862977.0;3.588;39956723172.0;0.7;740.0;0.046;37738734081.0;0.657;1842714970.0;0.0321;16007.819824;5.951;2.690152097
"./build/Benchmark/dxexmachina_phold cpdevs -c 6 -n 6 -s 4 -i 0 -r 90 -p 0.3 -t 1000000";"dxexmachina_phold";"cpdevs";6;6;4;0;90;30.0;1000000;125789943.0;0.0169;7432450460.0;481.773;2233.0;0.145;6.0;0.0;55382864294.0;3.59;38781434634.0;0.7;740.0;0.048;36202542776.0;0.6537000000000001;1794396199.0;0.032400000000000005;15427.300947;5.948;2.593660439
"./build/Benchmark/dxexmachina_phold cpdevs -c 6 -n 6 -s 4 -i 0 -r 90 -p 0.3 -t 1000000";"dxexmachina_phold";"cpdevs";6;6;4;0;90;30.0;1000000;126720243.0;0.0166;7620846341.0;483.477;2176.0;0.138;10.0;0.001;56591530785.0;3.59;39551936968.0;0.7;737.0;0.047;37176045665.0;0.6568999999999999;1808414636.0;0.032;15762.578723;5.954;2.64731273
"./build/Benchmark/dxexmachina_phold cpdevs -c 6 -n 6 -s 4 -i 0 -r 90 -p 0.3 -t 1000000";"dxexmachina_phold";"cpdevs";6;6;4;0;90;30.0;1000000;133368329.0;0.0171;7804900390.0;483.786;2406.0;0.149;6.0;0.0;57859834738.0;3.586;40683925366.0;0.7;739.0;0.046;37976063172.0;0.6563;1762113418.0;0.0305;16132.952025;5.95;2.711468613
"./build/Benchmark/dxexmachina_phold cpdevs -c 6 -n 6 -s 4 -i 0 -r 90 -p 0.3 -t 1000000";"dxexmachina_phold";"cpdevs";6;6;4;0;90;30.0;1000000;125538395.0;0.0161;7775972067.0;486.498;2280.0;0.143;11.0;0.001;57358771434.0;3.589;40517773630.0;0.71;738.0;0.046;37560866848.0;0.6548;1811292713.0;0.0316;15983.553573;5.952;2.685226752
"./build/Benchmark/dxexmachina_phold cpdevs -c 6 -n 6 -s 4 -i 0 -r 90 -p 0.3 -t 1000000";"dxexmachina_phold";"cpdevs";6;6;4;0;90;30.0;1000000;134049431.0;0.0179;7468599562.0;489.177;2369.0;0.155;8.0;0.001;54828992016.0;3.591;38874330824.0;0.71;739.0;0.048;35564108858.0;0.6486;1798355382.0;0.032799999999999996;15267.694134;5.955;2.563932332
"./build/Benchmark/dxexmachina_phold cpdevs -c 6 -n 6 -s 4 -i 0 -r 90 -p 0.3 -t 1000000";"dxexmachina_phold";"cpdevs";6;6;4;0;90;30.0;1000000;131417805.0;0.0172;7658742452.0;485.057;2284.0;0.145;9.0;0.001;56655456048.0;3.588;39934293908.0;0.7;736.0;0.047;37046926644.0;0.6539;1749197324.0;0.030899999999999997;15789.370075;5.952;2.652953516
"./build/Benchmark/dxexmachina_phold cpdevs -c 6 -n 6 -s 4 -i 0 -r 90 -p 0.3 -t 1000000";"dxexmachina_phold";"cpdevs";6;6;4;0;90;30.0;1000000;136114132.0;0.0179;7584722352.0;468.355;2333.0;0.144;9.0;0.001;58175958786.0;3.592;39424296114.0;0.68;741.0;0.046;38555791679.0;0.6627;1927724318.0;0.0331;16194.394853;5.953;2.720500833
"./build/Benchmark/dxexmachina_phold cpdevs -c 6 -n 6 -s 4 -i 0 -r 90 -p 0.3 -t 1000000";"dxexmachina_phold";"cpdevs";6;6;4;0;90;30.0;1000000;128633903.0;0.0171;7531550223.0;487.559;2359.0;0.153;9.0;0.001;55403511235.0;3.587;39162339535.0;0.71;737.0;0.048;36091787725.0;0.6514;1824602139.0;0.0329;15447.468312;5.948;2.597062182
"./build/Benchmark/dxexmachina_phold cpdevs -c 6 -n 6 -s 4 -i 0 -r 90 -p 0.3 -t 1000000";"dxexmachina_phold";"cpdevs";6;6;4;0;90;30.0;1000000;133661472.0;0.0173;7711477518.0;481.619;2351.0;0.147;12.0;0.001;57504383466.0;3.591;40134160190.0;0.7;738.0;0.046;37670911283.0;0.6551;1875747271.0;0.0326;16011.561179;5.947;2.692240443
"./build/Benchmark/dxexmachina_phold cpdevs -c 6 -n 6 -s 4 -i 0 -r 90 -p 0.3 -t 1000000";"dxexmachina_phold";"cpdevs";6;6;4;0;90;30.0;1000000;124794261.0;0.016200000000000003;7701274009.0;484.214;2290.0;0.144;8.0;0.001;57092029087.0;3.59;40184674596.0;0.7;740.0;0.047;37456771362.0;0.6561;1770412622.0;0.031;15904.698023;5.962;2.667790366
"./build/Benchmark/dxexmachina_phold cpdevs -c 6 -n 6 -s 4 -i 0 -r 90 -p 0.4 -t 1000000";"dxexmachina_phold";"cpdevs";6;6;4;0;90;40.0;1000000;156964656.0;0.0202;7754896541.0;484.001;2521.0;0.157;6.0;0.0;57433979888.0;3.585;40840982057.0;0.71;742.0;0.046;36959011778.0;0.6435;2044335517.0;0.0356;16022.478434;5.95;2.693041578
"./build/Benchmark/dxexmachina_phold cpdevs -c 6 -n 6 -s 4 -i 0 -r 90 -p 0.4 -t 1000000";"dxexmachina_phold";"cpdevs";6;6;4;0;90;40.0;1000000;127333599.0;0.0155;8209813749.0;496.637;2506.0;0.152;8.0;0.0;59303627686.0;3.587;42931474198.0;0.72;746.0;0.045;38507309860.0;0.6493000000000001;1797222178.0;0.030299999999999997;16530.809926;5.949;2.77868211
"./build/Benchmark/dxexmachina_phold cpdevs -c 6 -n 6 -s 4 -i 0 -r 90 -p 0.4 -t 1000000";"dxexmachina_phold";"cpdevs";6;6;4;0;90;40.0;1000000;146542753.0;0.019;7720560583.0;478.346;2428.0;0.15;10.0;0.001;57955443030.0;3.591;40658314382.0;0.7;739.0;0.046;37726301982.0;0.6509999999999999;1914812742.0;0.033;16140.129738;5.948;2.713605881
"./build/Benchmark/dxexmachina_phold cpdevs -c 6 -n 6 -s 4 -i 0 -r 90 -p 0.4 -t 1000000";"dxexmachina_phold";"cpdevs";6;6;4;0;90;40.0;1000000;129882058.0;0.016200000000000003;8036639657.0;495.011;2565.0;0.158;12.0;0.001;58307811953.0;3.591;41979461609.0;0.72;741.0;0.046;37775909994.0;0.6479;1824658909.0;0.0313;16235.283312;5.959;2.724580119
"./build/Benchmark/dxexmachina_phold cpdevs -c 6 -n 6 -s 4 -i 0 -r 90 -p 0.4 -t 1000000";"dxexmachina_phold";"cpdevs";6;6;4;0;90;40.0;1000000;146289820.0;0.0183;7997391011.0;484.006;2346.0;0.142;5.0;0.0;59278980929.0;3.588;41765774351.0;0.7;748.0;0.045;38698191767.0;0.6528;1938851373.0;0.0327;16523.331166;5.953;2.775624604
"./build/Benchmark/dxexmachina_phold cpdevs -c 6 -n 6 -s 4 -i 0 -r 90 -p 0.4 -t 1000000";"dxexmachina_phold";"cpdevs";6;6;4;0;90;40.0;1000000;119044801.0;0.015;7938341659.0;494.081;2368.0;0.147;9.0;0.001;57734608550.0;3.593;41634253056.0;0.72;740.0;0.046;37564563446.0;0.6506000000000001;1692780532.0;0.029300000000000003;16066.870589;5.961;2.69512759
"./build/Benchmark/dxexmachina_phold cpdevs -c 6 -n 6 -s 4 -i 0 -r 90 -p 0.4 -t 1000000";"dxexmachina_phold";"cpdevs";6;6;4;0;90;40.0;1000000;131573733.0;0.0163;8079169404.0;493.477;2525.0;0.154;9.0;0.001;58752127327.0;3.589;42336858865.0;0.72;743.0;0.045;38051457979.0;0.6476999999999999;1877100956.0;0.0319;16371.933763;5.949;2.752250417
"./build/Benchmark/dxexmachina_phold cpdevs -c 6 -n 6 -s 4 -i 0 -r 90 -p 0.4 -t 1000000";"dxexmachina_phold";"cpdevs";6;6;4;0;90;40.0;1000000;134262063.0;0.0169;7933165177.0;497.792;2371.0;0.149;7.0;0.0;57209116052.0;3.59;41498605757.0;0.73;744.0;0.047;36858104454.0;0.6443000000000001;1852567213.0;0.032400000000000005;15936.693932;5.958;2.67496422
"./build/Benchmark/dxexmachina_phold cpdevs -c 6 -n 6 -s 4 -i 0 -r 90 -p 0.4 -t 1000000";"dxexmachina_phold";"cpdevs";6;6;4;0;90;40.0;1000000;145339516.0;0.018500000000000003;7853388492.0;492.328;2359.0;0.148;13.0;0.001;57236900407.0;3.588;41209411428.0;0.72;737.0;0.046;36936191875.0;0.6453;1883956825.0;0.0329;15951.553091;5.951;2.680379547
"./build/Benchmark/dxexmachina_phold cpdevs -c 6 -n 6 -s 4 -i 0 -r 90 -p 0.4 -t 1000000";"dxexmachina_phold";"cpdevs";6;6;4;0;90;40.0;1000000;157623443.0;0.0202;7821231940.0;484.696;2607.0;0.162;11.0;0.001;57908230134.0;3.589;40989023122.0;0.71;745.0;0.046;37364031719.0;0.6452;2040427169.0;0.0352;16136.362206;5.952;2.711134323
"./build/Benchmark/dxexmachina_phold cpdevs -c 6 -n 6 -s 4 -i 0 -r 90 -p 0.4 -t 1000000";"dxexmachina_phold";"cpdevs";6;6;4;0;90;40.0;1000000;134307299.0;0.0167;8044271529.0;491.043;2461.0;0.15;8.0;0.0;58842355658.0;3.592;42062043870.0;0.71;748.0;0.046;38173686637.0;0.6487;1910470195.0;0.0325;16382.021586;5.961;2.748081136
"./build/Benchmark/dxexmachina_phold cpdevs -c 6 -n 6 -s 4 -i 0 -r 90 -p 0.4 -t 1000000";"dxexmachina_phold";"cpdevs";6;6;4;0;90;40.0;1000000;127592312.0;0.016;7996537460.0;467.571;2591.0;0.151;8.0;0.0;61436350136.0;3.592;41934986383.0;0.68;738.0;0.043;40997552858.0;0.6673;1789064306.0;0.0291;17102.312476;5.948;2.875274576
"./build/Benchmark/dxexmachina_phold cpdevs -c 6 -n 6 -s 4 -i 0 -r 90 -p 0.4 -t 1000000";"dxexmachina_phold";"cpdevs";6;6;4;0;90;40.0;1000000;132848297.0;0.0163;8161260461.0;501.619;2544.0;0.156;9.0;0.001;58342339429.0;3.586;42776656285.0;0.73;742.0;0.046;37533270569.0;0.6433;1897869550.0;0.0325;16269.837362;5.949;2.734704954
"./build/Benchmark/dxexmachina_phold cpdevs -c 6 -n 6 -s 4 -i 0 -r 90 -p 0.4 -t 1000000";"dxexmachina_phold";"cpdevs";6;6;4;0;90;40.0;1000000;145711285.0;0.0181;8060759261.0;490.088;2693.0;0.164;6.0;0.0;58957227475.0;3.585;42168419205.0;0.72;746.0;0.045;38153149046.0;0.6470999999999999;1944661049.0;0.033;16447.580441;5.949;2.764775383
"./build/Benchmark/dxexmachina_phold cpdevs -c 6 -n 6 -s 4 -i 0 -r 90 -p 0.4 -t 1000000";"dxexmachina_phold";"cpdevs";6;6;4;0;90;40.0;1000000;158573014.0;0.020499999999999997;7747800681.0;486.045;2488.0;0.156;9.0;0.001;57165694724.0;3.586;40772379842.0;0.71;750.0;0.047;36722883743.0;0.6424;2004883371.0;0.0351;15940.511654;5.948;2.680092025
"./build/Benchmark/dxexmachina_phold cpdevs -c 6 -n 6 -s 4 -i 0 -r 90 -p 0.5 -t 1000000";"dxexmachina_phold";"cpdevs";6;6;4;0;90;50.0;1000000;137820485.0;0.0166;8316626716.0;508.782;2772.0;0.17;7.0;0.0;58710483851.0;3.592;43722311206.0;0.74;747.0;0.046;37462365168.0;0.6381;1911520651.0;0.0326;16346.16308;5.953;2.745905678
"./build/Benchmark/dxexmachina_phold cpdevs -c 6 -n 6 -s 4 -i 0 -r 90 -p 0.5 -t 1000000";"dxexmachina_phold";"cpdevs";6;6;4;0;90;50.0;1000000;159962431.0;0.019299999999999998;8286815600.0;494.659;2489.0;0.149;8.0;0.0;60087739386.0;3.587;43674916922.0;0.73;750.0;0.045;38555112266.0;0.6416;2003627577.0;0.0333;16752.594917;5.951;2.814865467
"./build/Benchmark/dxexmachina_phold cpdevs -c 6 -n 6 -s 4 -i 0 -r 90 -p 0.5 -t 1000000";"dxexmachina_phold";"cpdevs";6;6;4;0;90;50.0;1000000;127870615.0;0.0155;8252788549.0;489.898;2581.0;0.153;11.0;0.001;60503440750.0;3.592;43587735555.0;0.72;743.0;0.044;39476086781.0;0.6525;1790659741.0;0.0296;16845.942407;5.957;2.827902415
"./build/Benchmark/dxexmachina_phold cpdevs -c 6 -n 6 -s 4 -i 0 -r 90 -p 0.5 -t 1000000";"dxexmachina_phold";"cpdevs";6;6;4;0;90;50.0;1000000;146840855.0;0.0176;8353438169.0;487.676;2776.0;0.162;10.0;0.001;61470834410.0;3.589;43951417944.0;0.71;748.0;0.044;40035995359.0;0.6513;1915506219.0;0.031200000000000002;17129.07731;5.946;2.880703328
"./build/Benchmark/dxexmachina_phold cpdevs -c 6 -n 6 -s 4 -i 0 -r 90 -p 0.5 -t 1000000";"dxexmachina_phold";"cpdevs";6;6;4;0;90;50.0;1000000;137889315.0;0.016200000000000003;8515356213.0;507.923;2572.0;0.153;7.0;0.0;60169089465.0;3.589;44934857783.0;0.75;740.0;0.044;38423504263.0;0.6386;1903886512.0;0.0316;16765.068028;5.951;2.817345907
"./build/Benchmark/dxexmachina_phold cpdevs -c 6 -n 6 -s 4 -i 0 -r 90 -p 0.5 -t 1000000";"dxexmachina_phold";"cpdevs";6;6;4;0;90;50.0;1000000;140854394.0;0.017;8276372962.0;506.058;2703.0;0.165;11.0;0.001;58738795746.0;3.592;43618135845.0;0.74;749.0;0.046;37437484418.0;0.6374;1950790526.0;0.0332;16354.595458;5.958;2.744824096
"./build/Benchmark/dxexmachina_phold cpdevs -c 6 -n 6 -s 4 -i 0 -r 90 -p 0.5 -t 1000000";"dxexmachina_phold";"cpdevs";6;6;4;0;90;50.0;1000000;148982195.0;0.0172;8655585270.0;501.95;2587.0;0.15;10.0;0.001;61970611509.0;3.594;45555032300.0;0.74;740.0;0.043;39722762891.0;0.6409999999999999;1996367062.0;0.0322;17243.928939;5.962;2.892379738
"./build/Benchmark/dxexmachina_phold cpdevs -c 6 -n 6 -s 4 -i 0 -r 90 -p 0.5 -t 1000000";"dxexmachina_phold";"cpdevs";6;6;4;0;90;50.0;1000000;135803290.0;0.0159;8539447195.0;493.142;2666.0;0.154;6.0;0.0;62102153067.0;3.586;44872793577.0;0.72;747.0;0.043;40401956948.0;0.6506000000000001;1914009226.0;0.0308;17316.400993;5.951;2.909879831
"./build/Benchmark/dxexmachina_phold cpdevs -c 6 -n 6 -s 4 -i 0 -r 90 -p 0.5 -t 1000000";"dxexmachina_phold";"cpdevs";6;6;4;0;90;50.0;1000000;130861048.0;0.0155;8424413054.0;491.836;2884.0;0.168;8.0;0.0;61464586061.0;3.588;44390853710.0;0.72;747.0;0.044;40046816726.0;0.6515000000000001;1834797727.0;0.029900000000000003;17128.49596;5.945;2.881245834
"./build/Benchmark/dxexmachina_phold cpdevs -c 6 -n 6 -s 4 -i 0 -r 90 -p 0.5 -t 1000000";"dxexmachina_phold";"cpdevs";6;6;4;0;90;50.0;1000000;123517712.0;0.014199999999999999;8726340940.0;508.941;2799.0;0.163;9.0;0.001;61587331868.0;3.592;46013296720.0;0.75;749.0;0.044;39608565407.0;0.6431;1759804925.0;0.0286;17146.086947;5.957;2.8781714
"./build/Benchmark/dxexmachina_phold cpdevs -c 6 -n 6 -s 4 -i 0 -r 90 -p 0.5 -t 1000000";"dxexmachina_phold";"cpdevs";6;6;4;0;90;50.0;1000000;129212361.0;0.0148;8705507467.0;505.555;2704.0;0.157;9.0;0.001;61808840150.0;3.589;45709330429.0;0.74;747.0;0.043;39866081773.0;0.645;1831563291.0;0.0296;17219.711862;5.95;2.893891956
"./build/Benchmark/dxexmachina_phold cpdevs -c 6 -n 6 -s 4 -i 0 -r 90 -p 0.5 -t 1000000";"dxexmachina_phold";"cpdevs";6;6;4;0;90;50.0;1000000;160065452.0;0.019799999999999998;8088456141.0;485.678;2744.0;0.165;9.0;0.001;59832951950.0;3.593;42751853560.0;0.71;742.0;0.045;38468332079.0;0.6429;2041973860.0;0.0341;16653.932789;5.95;2.79908942
"./build/Benchmark/dxexmachina_phold cpdevs -c 6 -n 6 -s 4 -i 0 -r 90 -p 0.5 -t 1000000";"dxexmachina_phold";"cpdevs";6;6;4;0;90;50.0;1000000;139570116.0;0.0166;8420570613.0;489.527;2657.0;0.154;6.0;0.0;61823725236.0;3.594;44364542297.0;0.72;746.0;0.043;40198787612.0;0.6502;1925421836.0;0.0311;17201.448794;5.958;2.886925335
"./build/Benchmark/dxexmachina_phold cpdevs -c 6 -n 6 -s 4 -i 0 -r 90 -p 0.5 -t 1000000";"dxexmachina_phold";"cpdevs";6;6;4;0;90;50.0;1000000;139620044.0;0.0165;8465854001.0;496.382;2983.0;0.175;11.0;0.001;61178133809.0;3.587;44496886227.0;0.73;751.0;0.044;39528806930.0;0.6461;1954877003.0;0.032;17055.129797;5.948;2.867260058
"./build/Benchmark/dxexmachina_phold cpdevs -c 6 -n 6 -s 4 -i 0 -r 90 -p 0.5 -t 1000000";"dxexmachina_phold";"cpdevs";6;6;4;0;90;50.0;1000000;145365709.0;0.0176;8252827668.0;497.008;2783.0;0.168;8.0;0.0;59552409344.0;3.586;43492976157.0;0.73;743.0;0.045;38321922941.0;0.6435;1897770525.0;0.0319;16605.014263;5.945;2.793155454
"./build/Benchmark/dxexmachina_phold cpdevs -c 6 -n 6 -s 4 -i 0 -r 90 -p 0.6 -t 1000000";"dxexmachina_phold";"cpdevs";6;6;4;0;90;60.0;1000000;162676384.0;0.014199999999999999;11494271166.0;557.931;3740.0;0.182;5.0;0.0;73997405544.0;3.592;61848216026.0;0.84;748.0;0.036;44762677772.0;0.6049;2314449441.0;0.0313;20601.600418;5.952;3.461555026
"./build/Benchmark/dxexmachina_phold cpdevs -c 6 -n 6 -s 4 -i 0 -r 90 -p 0.6 -t 1000000";"dxexmachina_phold";"cpdevs";6;6;4;0;90;60.0;1000000;175893542.0;0.015600000000000001;11244146812.0;549.615;3725.0;0.182;5.0;0.0;73465605087.0;3.591;61139361733.0;0.83;748.0;0.037;44450652265.0;0.6051;2265251565.0;0.0308;20458.21123;5.951;3.437904666
"./build/Benchmark/dxexmachina_phold cpdevs -c 6 -n 6 -s 4 -i 0 -r 90 -p 0.6 -t 1000000";"dxexmachina_phold";"cpdevs";6;6;4;0;90;60.0;1000000;162567997.0;0.0144;11277128665.0;562.095;3638.0;0.181;7.0;0.0;72032078261.0;3.59;60827441366.0;0.84;748.0;0.037;43415510005.0;0.6027;2202543823.0;0.030600000000000002;20062.689642;5.949;3.372671216
"./build/Benchmark/dxexmachina_phold cpdevs -c 6 -n 6 -s 4 -i 0 -r 90 -p 0.6 -t 1000000";"dxexmachina_phold";"cpdevs";6;6;4;0;90;60.0;1000000;163811557.0;0.0144;11412392589.0;566.573;3507.0;0.174;12.0;0.001;72429748028.0;3.596;61291483500.0;0.85;752.0;0.037;43522632695.0;0.6009;2309781350.0;0.0319;20142.831924;5.96;3.379555871
"./build/Benchmark/dxexmachina_phold cpdevs -c 6 -n 6 -s 4 -i 0 -r 90 -p 0.6 -t 1000000";"dxexmachina_phold";"cpdevs";6;6;4;0;90;60.0;1000000;149097034.0;0.013000000000000001;11479228851.0;569.883;3657.0;0.182;9.0;0.0;72334378355.0;3.591;61635616474.0;0.85;742.0;0.037;43641078208.0;0.6033;2062764202.0;0.0285;20143.124565;5.951;3.384598571
"./build/Benchmark/dxexmachina_phold cpdevs -c 6 -n 6 -s 4 -i 0 -r 90 -p 0.6 -t 1000000";"dxexmachina_phold";"cpdevs";6;6;4;0;90;60.0;1000000;162791566.0;0.0139;11712597018.0;579.474;4157.0;0.206;9.0;0.0;72631568478.0;3.593;62873750191.0;0.87;747.0;0.037;43177763289.0;0.5945;2235480040.0;0.0308;20212.473431;5.952;3.395927182
"./build/Benchmark/dxexmachina_phold cpdevs -c 6 -n 6 -s 4 -i 0 -r 90 -p 0.6 -t 1000000";"dxexmachina_phold";"cpdevs";6;6;4;0;90;60.0;1000000;145072297.0;0.0125;11625162203.0;578.2;3730.0;0.186;8.0;0.0;72188620159.0;3.59;62645581864.0;0.87;761.0;0.038;43205670768.0;0.5985;1993931468.0;0.0276;20105.782783;5.949;3.379449028
"./build/Benchmark/dxexmachina_phold cpdevs -c 6 -n 6 -s 4 -i 0 -r 90 -p 0.6 -t 1000000";"dxexmachina_phold";"cpdevs";6;6;4;0;90;60.0;1000000;149422102.0;0.0128;11718680883.0;570.465;3917.0;0.191;7.0;0.0;73733621324.0;3.589;63291889913.0;0.86;747.0;0.036;44288222602.0;0.6007;2054407239.0;0.0279;20542.323061;5.948;3.453896825
"./build/Benchmark/dxexmachina_phold cpdevs -c 6 -n 6 -s 4 -i 0 -r 90 -p 0.6 -t 1000000";"dxexmachina_phold";"cpdevs";6;6;4;0;90;60.0;1000000;210174318.0;0.018600000000000002;11298952065.0;536.908;3971.0;0.189;10.0;0.0;75610078484.0;3.593;61344669500.0;0.81;750.0;0.036;45888634948.0;0.6069;2582768860.0;0.0342;21044.49473;5.954;3.534785348
"./build/Benchmark/dxexmachina_phold cpdevs -c 6 -n 6 -s 4 -i 0 -r 90 -p 0.6 -t 1000000";"dxexmachina_phold";"cpdevs";6;6;4;0;90;60.0;1000000;143997621.0;0.0124;11586231486.0;555.283;3828.0;0.183;9.0;0.0;74967644938.0;3.593;62688569890.0;0.84;749.0;0.036;45917871320.0;0.6125;1986146029.0;0.0265;20865.436405;5.95;3.506837303
"./build/Benchmark/dxexmachina_phold cpdevs -c 6 -n 6 -s 4 -i 0 -r 90 -p 0.6 -t 1000000";"dxexmachina_phold";"cpdevs";6;6;4;0;90;60.0;1000000;157456214.0;0.013500000000000002;11684476794.0;574.881;3819.0;0.188;7.0;0.0;73029550161.0;3.593;62736220223.0;0.86;743.0;0.037;43635253521.0;0.5975;2163684607.0;0.0296;20325.037093;5.951;3.415181931
"./build/Benchmark/dxexmachina_phold cpdevs -c 6 -n 6 -s 4 -i 0 -r 90 -p 0.6 -t 1000000";"dxexmachina_phold";"cpdevs";6;6;4;0;90;60.0;1000000;162379822.0;0.014199999999999999;11468108474.0;557.849;3692.0;0.18;7.0;0.0;73776842656.0;3.589;61981175623.0;0.84;749.0;0.036;44664637788.0;0.6053999999999999;2190179172.0;0.0297;20557.729474;5.951;3.454489828
"./build/Benchmark/dxexmachina_phold cpdevs -c 6 -n 6 -s 4 -i 0 -r 90 -p 0.6 -t 1000000";"dxexmachina_phold";"cpdevs";6;6;4;0;90;60.0;1000000;151826851.0;0.013000000000000001;11654664373.0;571.004;3755.0;0.184;8.0;0.0;73303514229.0;3.591;63076582437.0;0.86;744.0;0.036;43997277968.0;0.6002000000000001;2077354007.0;0.028300000000000002;20410.845644;5.953;3.428759028
"./build/Benchmark/dxexmachina_phold cpdevs -c 6 -n 6 -s 4 -i 0 -r 90 -p 0.6 -t 1000000";"dxexmachina_phold";"cpdevs";6;6;4;0;90;60.0;1000000;160444106.0;0.013999999999999999;11423464739.0;550.792;3421.0;0.165;6.0;0.0;74513843143.0;3.593;61591217165.0;0.83;741.0;0.036;45496769167.0;0.6106;2185703600.0;0.029300000000000003;20740.086227;5.954;3.483253333
"./build/Benchmark/dxexmachina_phold cpdevs -c 6 -n 6 -s 4 -i 0 -r 90 -p 0.6 -t 1000000";"dxexmachina_phold";"cpdevs";6;6;4;0;90;60.0;1000000;149166811.0;0.0131;11350258553.0;565.711;3633.0;0.181;7.0;0.0;72060401033.0;3.592;61611882600.0;0.86;756.0;0.038;43265241501.0;0.6004;2084852628.0;0.028900000000000002;20063.716608;5.954;3.369817967
"./build/Benchmark/dxexmachina_phold cpdevs -c 6 -n 6 -s 4 -i 0 -r 90 -p 0.7 -t 1000000";"dxexmachina_phold";"cpdevs";6;6;4;0;90;70.0;1000000;159995267.0;0.0125;12789777259.0;589.771;4670.0;0.215;9.0;0.0;77930267743.0;3.594;69564136755.0;0.89;746.0;0.034;45883701097.0;0.5888;2212272867.0;0.028399999999999998;21685.995495;5.953;3.64305641
"./build/Benchmark/dxexmachina_phold cpdevs -c 6 -n 6 -s 4 -i 0 -r 90 -p 0.7 -t 1000000";"dxexmachina_phold";"cpdevs";6;6;4;0;90;70.0;1000000;189985888.0;0.0152;12479030824.0;582.229;4087.0;0.191;11.0;0.001;77048752319.0;3.595;68275428685.0;0.89;753.0;0.035;44872986840.0;0.5824;2437264623.0;0.0316;21433.217977;5.956;3.598669598
"./build/Benchmark/dxexmachina_phold cpdevs -c 6 -n 6 -s 4 -i 0 -r 90 -p 0.7 -t 1000000";"dxexmachina_phold";"cpdevs";6;6;4;0;90;70.0;1000000;169334230.0;0.013300000000000001;12685366946.0;592.661;4642.0;0.217;8.0;0.0;76885782982.0;3.592;69201382275.0;0.9;745.0;0.035;44830444940.0;0.5831000000000001;2249437505.0;0.029300000000000003;21404.072916;5.949;3.598068402
"./build/Benchmark/dxexmachina_phold cpdevs -c 6 -n 6 -s 4 -i 0 -r 90 -p 0.7 -t 1000000";"dxexmachina_phold";"cpdevs";6;6;4;0;90;70.0;1000000;195745895.0;0.0161;12123846008.0;574.391;4088.0;0.194;8.0;0.0;75787158242.0;3.591;66516379010.0;0.88;747.0;0.035;44183830953.0;0.583;2492443566.0;0.0329;21107.31167;5.948;3.548620579
"./build/Benchmark/dxexmachina_phold cpdevs -c 6 -n 6 -s 4 -i 0 -r 90 -p 0.7 -t 1000000";"dxexmachina_phold";"cpdevs";6;6;4;0;90;70.0;1000000;176039974.0;0.014199999999999999;12394648211.0;586.523;4433.0;0.21;10.0;0.0;75914625754.0;3.592;67708876513.0;0.89;745.0;0.035;44100103260.0;0.5809000000000001;2442736384.0;0.0322;21132.404078;5.944;3.554985424
"./build/Benchmark/dxexmachina_phold cpdevs -c 6 -n 6 -s 4 -i 0 -r 90 -p 0.7 -t 1000000";"dxexmachina_phold";"cpdevs";6;6;4;0;90;70.0;1000000;173159025.0;0.013600000000000001;12726371263.0;589.597;4533.0;0.21;10.0;0.0;77560765103.0;3.593;69228411502.0;0.89;749.0;0.035;45227103471.0;0.5831000000000001;2355320485.0;0.0304;21584.850685;5.951;3.627316031
"./build/Benchmark/dxexmachina_phold cpdevs -c 6 -n 6 -s 4 -i 0 -r 90 -p 0.7 -t 1000000";"dxexmachina_phold";"cpdevs";6;6;4;0;90;70.0;1000000;167238003.0;0.013300000000000001;12579131801.0;587.771;4594.0;0.215;5.0;0.0;76872332257.0;3.592;68608896870.0;0.89;747.0;0.035;44837380854.0;0.5832999999999999;2342758215.0;0.0305;21401.417906;5.949;3.597212193
"./build/Benchmark/dxexmachina_phold cpdevs -c 6 -n 6 -s 4 -i 0 -r 90 -p 0.7 -t 1000000";"dxexmachina_phold";"cpdevs";6;6;4;0;90;70.0;1000000;234449117.0;0.0196;11990645875.0;556.439;4679.0;0.217;6.0;0.0;77415447056.0;3.593;65614713922.0;0.85;749.0;0.035;45567945312.0;0.5886;2788600130.0;0.036000000000000004;21548.879502;5.951;3.621246595
"./build/Benchmark/dxexmachina_phold cpdevs -c 6 -n 6 -s 4 -i 0 -r 90 -p 0.7 -t 1000000";"dxexmachina_phold";"cpdevs";6;6;4;0;90;70.0;1000000;189553397.0;0.015300000000000001;12410403063.0;563.908;4706.0;0.214;7.0;0.0;79006176258.0;3.59;67817238892.0;0.86;748.0;0.034;47207535538.0;0.5975;2352594251.0;0.0298;22007.835838;5.947;3.700869061
"./build/Benchmark/dxexmachina_phold cpdevs -c 6 -n 6 -s 4 -i 0 -r 90 -p 0.7 -t 1000000";"dxexmachina_phold";"cpdevs";6;6;4;0;90;70.0;1000000;192624599.0;0.015700000000000002;12244106490.0;567.079;4193.0;0.194;5.0;0.0;77601419672.0;3.594;66784496951.0;0.86;746.0;0.035;46009984632.0;0.5929;2506863726.0;0.0323;21591.530824;5.957;3.624292608
"./build/Benchmark/dxexmachina_phold cpdevs -c 6 -n 6 -s 4 -i 0 -r 90 -p 0.7 -t 1000000";"dxexmachina_phold";"cpdevs";6;6;4;0;90;70.0;1000000;172122169.0;0.0141;12240498965.0;567.813;4398.0;0.204;6.0;0.0;77443448112.0;3.592;67054815177.0;0.87;750.0;0.035;46031474519.0;0.5943999999999999;2338320533.0;0.0302;21557.271673;5.952;3.621891383
"./build/Benchmark/dxexmachina_phold cpdevs -c 6 -n 6 -s 4 -i 0 -r 90 -p 0.7 -t 1000000";"dxexmachina_phold";"cpdevs";6;6;4;0;90;70.0;1000000;235025856.0;0.02;11768308651.0;551.622;4483.0;0.21;8.0;0.0;76597570128.0;3.59;64859586403.0;0.85;750.0;0.035;45027108512.0;0.5878;2794197000.0;0.0365;21334.00593;5.946;3.587754756
"./build/Benchmark/dxexmachina_phold cpdevs -c 6 -n 6 -s 4 -i 0 -r 90 -p 0.7 -t 1000000";"dxexmachina_phold";"cpdevs";6;6;4;0;90;70.0;1000000;197223396.0;0.015600000000000001;12602568912.0;579.009;4732.0;0.217;13.0;0.001;78113534224.0;3.589;68993757095.0;0.88;749.0;0.034;45524083525.0;0.5828;2440500220.0;0.031200000000000002;21765.740213;5.946;3.660710638
"./build/Benchmark/dxexmachina_phold cpdevs -c 6 -n 6 -s 4 -i 0 -r 90 -p 0.7 -t 1000000";"dxexmachina_phold";"cpdevs";6;6;4;0;90;70.0;1000000;169312937.0;0.013300000000000001;12692969627.0;584.944;4671.0;0.215;8.0;0.0;78017004770.0;3.595;69531345864.0;0.89;750.0;0.035;45643234536.0;0.585;2313083289.0;0.0296;21699.476013;5.955;3.643645496
"./build/Benchmark/dxexmachina_phold cpdevs -c 6 -n 6 -s 4 -i 0 -r 90 -p 0.7 -t 1000000";"dxexmachina_phold";"cpdevs";6;6;4;0;90;70.0;1000000;156586276.0;0.0126;12389616911.0;578.834;4338.0;0.203;11.0;0.001;76915624498.0;3.593;67460260542.0;0.88;749.0;0.035;45771829530.0;0.5951;2137716223.0;0.0278;21404.425419;5.956;3.594017355
"./build/Benchmark/dxexmachina_phold cpdevs -c 6 -n 6 -s 4 -i 0 -r 90 -p 0.8 -t 1000000";"dxexmachina_phold";"cpdevs";6;6;4;0;90;80.0;1000000;230967572.0;0.0163;14140407337.0;604.303;6441.0;0.275;7.0;0.0;84066350700.0;3.593;78732715632.0;0.94;747.0;0.032;46947818115.0;0.5585;2884456502.0;0.034300000000000004;23399.515866;5.938;3.94032915
"./build/Benchmark/dxexmachina_phold cpdevs -c 6 -n 6 -s 4 -i 0 -r 90 -p 0.8 -t 1000000";"dxexmachina_phold";"cpdevs";6;6;4;0;90;80.0;1000000;187152070.0;0.013000000000000001;14423110768.0;591.348;6510.0;0.267;13.0;0.001;87675918586.0;3.595;80024696509.0;0.91;747.0;0.031;50639979043.0;0.5776;2640165337.0;0.0301;24390.217368;5.951;4.098567996
"./build/Benchmark/dxexmachina_phold cpdevs -c 6 -n 6 -s 4 -i 0 -r 90 -p 0.8 -t 1000000";"dxexmachina_phold";"cpdevs";6;6;4;0;90;80.0;1000000;170876470.0;0.011699999999999999;14601051454.0;607.569;5708.0;0.238;8.0;0.0;86372209726.0;3.594;80889517846.0;0.94;749.0;0.031;49369610012.0;0.5716;2412570286.0;0.0279;24031.921989;5.95;4.038901029
"./build/Benchmark/dxexmachina_phold cpdevs -c 6 -n 6 -s 4 -i 0 -r 90 -p 0.8 -t 1000000";"dxexmachina_phold";"cpdevs";6;6;4;0;90;80.0;1000000;174504584.0;0.0121;14428354416.0;605.742;5842.0;0.245;9.0;0.0;85513207370.0;3.59;80085745350.0;0.94;747.0;0.031;48868845953.0;0.5715;2419708745.0;0.028300000000000002;23819.319176;5.945;4.006922293
"./build/Benchmark/dxexmachina_phold cpdevs -c 6 -n 6 -s 4 -i 0 -r 90 -p 0.8 -t 1000000";"dxexmachina_phold";"cpdevs";6;6;4;0;90;80.0;1000000;187528941.0;0.013600000000000001;13752750738.0;574.526;6296.0;0.263;8.0;0.0;86033257192.0;3.594;76681236426.0;0.89;752.0;0.031;50383659406.0;0.5856;2570983566.0;0.029900000000000003;23937.561119;5.948;4.024214633
"./build/Benchmark/dxexmachina_phold cpdevs -c 6 -n 6 -s 4 -i 0 -r 90 -p 0.8 -t 1000000";"dxexmachina_phold";"cpdevs";6;6;4;0;90;80.0;1000000;187839007.0;0.0131;14335694468.0;600.784;5220.0;0.219;10.0;0.0;85752185241.0;3.594;79873116268.0;0.93;750.0;0.031;48920221739.0;0.5705;2478877568.0;0.028900000000000002;23861.658304;5.951;4.009907911
"./build/Benchmark/dxexmachina_phold cpdevs -c 6 -n 6 -s 4 -i 0 -r 90 -p 0.8 -t 1000000";"dxexmachina_phold";"cpdevs";6;6;4;0;90;80.0;1000000;186411416.0;0.0131;14250156998.0;598.8;6355.0;0.267;10.0;0.0;85487374354.0;3.592;79063480797.0;0.92;746.0;0.031;49015457129.0;0.5734;2494569485.0;0.0292;23797.873209;5.943;4.004092829
"./build/Benchmark/dxexmachina_phold cpdevs -c 6 -n 6 -s 4 -i 0 -r 90 -p 0.8 -t 1000000";"dxexmachina_phold";"cpdevs";6;6;4;0;90;80.0;1000000;186619733.0;0.0131;14222884785.0;606.427;5657.0;0.241;13.0;0.001;84271014330.0;3.593;79085237522.0;0.94;751.0;0.032;47756208125.0;0.5667;2459029566.0;0.0292;23453.562917;5.947;3.943907638
"./build/Benchmark/dxexmachina_phold cpdevs -c 6 -n 6 -s 4 -i 0 -r 90 -p 0.8 -t 1000000";"dxexmachina_phold";"cpdevs";6;6;4;0;90;80.0;1000000;170171981.0;0.011899999999999999;14311034218.0;591.632;5854.0;0.242;10.0;0.0;86918820022.0;3.593;79602215495.0;0.92;747.0;0.031;50536507020.0;0.5814;2332017214.0;0.0268;24189.082739;5.947;4.067635672
"./build/Benchmark/dxexmachina_phold cpdevs -c 6 -n 6 -s 4 -i 0 -r 90 -p 0.8 -t 1000000";"dxexmachina_phold";"cpdevs";6;6;4;0;90;80.0;1000000;194770704.0;0.0137;14242221199.0;609.992;5843.0;0.25;7.0;0.0;83864191228.0;3.592;79190172073.0;0.94;745.0;0.032;47024893167.0;0.5607;2668052132.0;0.0318;23348.196364;5.945;3.927094621
"./build/Benchmark/dxexmachina_phold cpdevs -c 6 -n 6 -s 4 -i 0 -r 90 -p 0.8 -t 1000000";"dxexmachina_phold";"cpdevs";6;6;4;0;90;80.0;1000000;182905703.0;0.0131;13953754352.0;575.486;6062.0;0.25;12.0;0.0;87030668673.0;3.589;77708787581.0;0.89;751.0;0.031;51199086720.0;0.5882999999999999;2494501288.0;0.0287;24246.890185;5.943;4.079700509
"./build/Benchmark/dxexmachina_phold cpdevs -c 6 -n 6 -s 4 -i 0 -r 90 -p 0.8 -t 1000000";"dxexmachina_phold";"cpdevs";6;6;4;0;90;80.0;1000000;192342508.0;0.013600000000000001;14150952772.0;589.536;5609.0;0.234;9.0;0.0;86238927458.0;3.593;78597898399.0;0.91;751.0;0.031;49745608312.0;0.5768;2553641391.0;0.0296;24003.54097;5.949;4.035202109
"./build/Benchmark/dxexmachina_phold cpdevs -c 6 -n 6 -s 4 -i 0 -r 90 -p 0.8 -t 1000000";"dxexmachina_phold";"cpdevs";6;6;4;0;90;80.0;1000000;190692088.0;0.013000000000000001;14628262998.0;613.467;5138.0;0.215;8.0;0.0;85605533094.0;3.59;81053042781.0;0.95;748.0;0.031;48299660481.0;0.5642;2514842570.0;0.0294;23845.239532;5.949;4.008238846
"./build/Benchmark/dxexmachina_phold cpdevs -c 6 -n 6 -s 4 -i 0 -r 90 -p 0.8 -t 1000000";"dxexmachina_phold";"cpdevs";6;6;4;0;90;80.0;1000000;188955948.0;0.0129;14602017026.0;614.015;6196.0;0.261;8.0;0.0;85382787122.0;3.59;80938036139.0;0.95;760.0;0.032;48123699430.0;0.5636;2529570968.0;0.0296;23781.213605;5.943;4.001704159
"./build/Benchmark/dxexmachina_phold cpdevs -c 6 -n 6 -s 4 -i 0 -r 90 -p 0.8 -t 1000000";"dxexmachina_phold";"cpdevs";6;6;4;0;90;80.0;1000000;185473489.0;0.0127;14606901554.0;612.961;6653.0;0.279;6.0;0.0;85582631913.0;3.591;80906930057.0;0.95;763.0;0.032;48428747550.0;0.5659000000000001;2505014779.0;0.029300000000000003;23830.077032;5.948;4.006680172
"./build/Benchmark/dxexmachina_phold cpdevs -c 6 -n 6 -s 4 -i 0 -r 90 -p 0.9 -t 1000000";"dxexmachina_phold";"cpdevs";6;6;4;0;90;90.0;1000000;218402456.0;0.0113;19289482728.0;651.951;9945.0;0.336;9.0;0.0;106333604930.0;3.594;109744515065.0;1.03;762.0;0.026;56820153365.0;0.5344;2891097751.0;0.027200000000000002;29587.321275;5.941;4.979798989
"./build/Benchmark/dxexmachina_phold cpdevs -c 6 -n 6 -s 4 -i 0 -r 90 -p 0.9 -t 1000000";"dxexmachina_phold";"cpdevs";6;6;4;0;90;90.0;1000000;198030214.0;0.0103;19135337599.0;652.038;9416.0;0.321;9.0;0.0;105482321954.0;3.594;108852883815.0;1.03;765.0;0.026;56817309544.0;0.5386;2744077884.0;0.026000000000000002;29346.977673;5.941;4.939341968
"./build/Benchmark/dxexmachina_phold cpdevs -c 6 -n 6 -s 4 -i 0 -r 90 -p 0.9 -t 1000000";"dxexmachina_phold";"cpdevs";6;6;4;0;90;90.0;1000000;230719943.0;0.0124;18654370773.0;641.996;7603.0;0.262;8.0;0.0;104452062988.0;3.595;106572942396.0;1.02;767.0;0.026;55960987072.0;0.5357999999999999;3065408108.0;0.029300000000000003;29056.844184;5.949;4.884453769
"./build/Benchmark/dxexmachina_phold cpdevs -c 6 -n 6 -s 4 -i 0 -r 90 -p 0.9 -t 1000000";"dxexmachina_phold";"cpdevs";6;6;4;0;90;90.0;1000000;248053436.0;0.0131;18972315503.0;644.559;8636.0;0.293;9.0;0.0;105791061562.0;3.594;108179012816.0;1.02;761.0;0.026;56543229055.0;0.5345;3057565366.0;0.028900000000000002;29434.553825;5.944;4.951755043
"./build/Benchmark/dxexmachina_phold cpdevs -c 6 -n 6 -s 4 -i 0 -r 90 -p 0.9 -t 1000000";"dxexmachina_phold";"cpdevs";6;6;4;0;90;90.0;1000000;224260538.0;0.011899999999999999;18779774112.0;632.245;7802.0;0.263;8.0;0.0;106714632693.0;3.593;107194686960.0;1.0;754.0;0.025;58233107240.0;0.5457;2968072421.0;0.0278;29703.324621;5.947;4.994941659
"./build/Benchmark/dxexmachina_phold cpdevs -c 6 -n 6 -s 4 -i 0 -r 90 -p 0.9 -t 1000000";"dxexmachina_phold";"cpdevs";6;6;4;0;90;90.0;1000000;222206338.0;0.011699999999999999;18952708620.0;655.397;7857.0;0.272;8.0;0.0;103949264599.0;3.595;108150060408.0;1.04;761.0;0.026;55087177059.0;0.5299;2942609611.0;0.028300000000000002;28917.895072;5.945;4.863844296
"./build/Benchmark/dxexmachina_phold cpdevs -c 6 -n 6 -s 4 -i 0 -r 90 -p 0.9 -t 1000000";"dxexmachina_phold";"cpdevs";6;6;4;0;90;90.0;1000000;202870475.0;0.0104;19443493938.0;658.754;9078.0;0.308;7.0;0.0;106117423093.0;3.595;110424967019.0;1.04;761.0;0.026;56678690989.0;0.5341;2850225763.0;0.0269;29515.562061;5.937;4.971630573
"./build/Benchmark/dxexmachina_phold cpdevs -c 6 -n 6 -s 4 -i 0 -r 90 -p 0.9 -t 1000000";"dxexmachina_phold";"cpdevs";6;6;4;0;90;90.0;1000000;245600597.0;0.0129;19036828136.0;647.448;8399.0;0.286;8.0;0.0;105704123494.0;3.595;108333295692.0;1.02;768.0;0.026;56322500143.0;0.5328;3155059926.0;0.0298;29402.861125;5.944;4.946921649
"./build/Benchmark/dxexmachina_phold cpdevs -c 6 -n 6 -s 4 -i 0 -r 90 -p 0.9 -t 1000000";"dxexmachina_phold";"cpdevs";6;6;4;0;90;90.0;1000000;222035926.0;0.0116;19073013292.0;653.965;9001.0;0.309;7.0;0.0;104739314151.0;3.591;108741100729.0;1.04;779.0;0.027;55671000293.0;0.5315;2918153499.0;0.0279;29165.179459;5.939;4.91082962
"./build/Benchmark/dxexmachina_phold cpdevs -c 6 -n 6 -s 4 -i 0 -r 90 -p 0.9 -t 1000000";"dxexmachina_phold";"cpdevs";6;6;4;0;90;90.0;1000000;331381135.0;0.018000000000000002;18372219018.0;631.109;8601.0;0.295;8.0;0.0;104515246473.0;3.59;105073814547.0;1.01;764.0;0.026;55093958901.0;0.5271;3746970648.0;0.0359;29111.008963;5.937;4.902959071
"./build/Benchmark/dxexmachina_phold cpdevs -c 6 -n 6 -s 4 -i 0 -r 90 -p 0.9 -t 1000000";"dxexmachina_phold";"cpdevs";6;6;4;0;90;90.0;1000000;207953171.0;0.0108;19168595976.0;644.328;9666.0;0.325;10.0;0.0;106884060974.0;3.593;109104995223.0;1.02;771.0;0.026;57793670731.0;0.5407;2855663380.0;0.026699999999999998;29749.765928;5.937;5.010994494
"./build/Benchmark/dxexmachina_phold cpdevs -c 6 -n 6 -s 4 -i 0 -r 90 -p 0.9 -t 1000000";"dxexmachina_phold";"cpdevs";6;6;4;0;90;90.0;1000000;337922170.0;0.0187;18046577676.0;618.476;8276.0;0.284;10.0;0.0;104902406877.0;3.595;103780124807.0;0.99;759.0;0.026;55722955170.0;0.5312;3759977747.0;0.0358;29179.110599;5.945;4.908041431
"./build/Benchmark/dxexmachina_phold cpdevs -c 6 -n 6 -s 4 -i 0 -r 90 -p 0.9 -t 1000000";"dxexmachina_phold";"cpdevs";6;6;4;0;90;90.0;1000000;223563179.0;0.012;18701051419.0;628.897;9575.0;0.322;9.0;0.0;106907843404.0;3.595;106825210286.0;1.0;767.0;0.026;58470285044.0;0.5468999999999999;2977836320.0;0.0279;29736.250139;5.945;5.001665573
"./build/Benchmark/dxexmachina_phold cpdevs -c 6 -n 6 -s 4 -i 0 -r 90 -p 0.9 -t 1000000";"dxexmachina_phold";"cpdevs";6;6;4;0;90;90.0;1000000;221801441.0;0.0118;18828247724.0;650.179;8709.0;0.301;10.0;0.0;104048246424.0;3.593;107372099555.0;1.03;755.0;0.026;55580499034.0;0.5342;2917394659.0;0.027999999999999997;28958.566869;5.944;4.872111768
"./build/Benchmark/dxexmachina_phold cpdevs -c 6 -n 6 -s 4 -i 0 -r 90 -p 0.9 -t 1000000";"dxexmachina_phold";"cpdevs";6;6;4;0;90;90.0;1000000;223008360.0;0.0118;18856195647.0;632.964;9860.0;0.331;9.0;0.0;107072159241.0;3.594;107525830989.0;1.0;764.0;0.026;58224989988.0;0.5438000000000001;3152874612.0;0.0294;29790.315432;5.946;5.010109233
