 "command";"executable";"simtype";"ncores";"nodes";"atomics/node";"iterations";"% remotes";"% priority";"end time" ;"branch-misses";"branch-misses (of all branches          (50.47%))";"branches";"branches (M/sec                    (50.19%))";"context-switches";"context-switches (M/sec)";"cpu-migrations";"cpu-migrations (K/sec)";"cycles";"cycles (GHz                      (50.18%))";"instructions";"instructions (insns per cycle)";"page-faults";"page-faults (M/sec)";"stalled-cycles-backend";"stalled-cycles-backend (backend  cycles idle     (49.81%))";"stalled-cycles-frontend";"stalled-cycles-frontend (frontend cycles idle     (50.01%))";"task-clock (msec)";"task-clock (CPUs utilized)";"time-elapsed (seconds)"
"./build/Benchmark/dxexmachina_phold opdevs -c 6 -n 6 -s 4 -i 0 -r 90 -p 0.1 -t 1000000";"dxexmachina_phold";"opdevs";6;6;4;0;90;10.0;1000000;16092870.0;0.0253;635697357.0;204.239;11583.0;0.004;189.0;0.061;10852267299.0;3.487;8968447437.0;0.83;57198.0;0.018;6612051519.0;0.6093;527807142.0;0.048600000000000004;3112.523067;5.329;0.584047538
"./build/Benchmark/dxexmachina_phold opdevs -c 6 -n 6 -s 4 -i 0 -r 90 -p 0.1 -t 1000000";"dxexmachina_phold";"opdevs";6;6;4;0;90;10.0;1000000;16291211.0;0.0259;628014709.0;204.002;12150.0;0.004;29.0;0.009;10804283643.0;3.51;8891701002.0;0.82;57285.0;0.019;6575327403.0;0.6086;531189588.0;0.0492;3078.466232;5.358;0.574521405
"./build/Benchmark/dxexmachina_phold opdevs -c 6 -n 6 -s 4 -i 0 -r 90 -p 0.1 -t 1000000";"dxexmachina_phold";"opdevs";6;6;4;0;90;10.0;1000000;16679673.0;0.0262;636536192.0;204.917;12262.0;0.004;176.0;0.057;10875215906.0;3.501;8946834162.0;0.82;57265.0;0.018;6589540441.0;0.6059;513947995.0;0.0473;3106.311035;5.317;0.584247343
"./build/Benchmark/dxexmachina_phold opdevs -c 6 -n 6 -s 4 -i 0 -r 90 -p 0.1 -t 1000000";"dxexmachina_phold";"opdevs";6;6;4;0;90;10.0;1000000;16666617.0;0.026600000000000002;625691865.0;200.647;12074.0;0.004;372.0;0.119;10920159400.0;3.502;8879414529.0;0.81;57228.0;0.018;6635108760.0;0.6076;528613649.0;0.0484;3118.367718;5.327;0.585389149
"./build/Benchmark/dxexmachina_phold opdevs -c 6 -n 6 -s 4 -i 0 -r 90 -p 0.1 -t 1000000";"dxexmachina_phold";"opdevs";6;6;4;0;90;10.0;1000000;16067149.0;0.0255;630473551.0;205.121;11750.0;0.004;73.0;0.024;10740086425.0;3.494;8945095709.0;0.83;57241.0;0.019;6507318969.0;0.6059;518087949.0;0.0482;3073.668463;5.358;0.57364421
"./build/Benchmark/dxexmachina_phold opdevs -c 6 -n 6 -s 4 -i 0 -r 90 -p 0.1 -t 1000000";"dxexmachina_phold";"opdevs";6;6;4;0;90;10.0;1000000;16532403.0;0.025699999999999997;644424653.0;203.676;12172.0;0.004;28.0;0.009;11075146209.0;3.5;9041878809.0;0.82;57259.0;0.018;6760727298.0;0.6103999999999999;554904151.0;0.0501;3163.971475;5.319;0.594859975
"./build/Benchmark/dxexmachina_phold opdevs -c 6 -n 6 -s 4 -i 0 -r 90 -p 0.1 -t 1000000";"dxexmachina_phold";"opdevs";6;6;4;0;90;10.0;1000000;16522811.0;0.0259;638311181.0;205.017;12357.0;0.004;45.0;0.014;10937061332.0;3.513;9016544554.0;0.82;57236.0;0.018;6608116582.0;0.6042000000000001;519017323.0;0.0475;3113.460389;5.312;0.586152947
"./build/Benchmark/dxexmachina_phold opdevs -c 6 -n 6 -s 4 -i 0 -r 90 -p 0.1 -t 1000000";"dxexmachina_phold";"opdevs";6;6;4;0;90;10.0;1000000;15656262.0;0.0241;648397989.0;204.286;12122.0;0.004;38.0;0.012;11159700249.0;3.516;9019573115.0;0.81;57300.0;0.018;6814975461.0;0.6107;530221079.0;0.0475;3173.970062;5.349;0.593415576
"./build/Benchmark/dxexmachina_phold opdevs -c 6 -n 6 -s 4 -i 0 -r 90 -p 0.1 -t 1000000";"dxexmachina_phold";"opdevs";6;6;4;0;90;10.0;1000000;16460875.0;0.025699999999999997;639732003.0;202.235;11720.0;0.004;53.0;0.017;11028427698.0;3.486;9008621048.0;0.82;57285.0;0.018;6742151474.0;0.6113000000000001;546383878.0;0.0495;3163.305135;5.32;0.594615773
"./build/Benchmark/dxexmachina_phold opdevs -c 6 -n 6 -s 4 -i 0 -r 90 -p 0.1 -t 1000000";"dxexmachina_phold";"opdevs";6;6;4;0;90;10.0;1000000;18453430.0;0.0287;643060652.0;204.832;12207.0;0.004;46.0;0.015;11038536582.0;3.516;9002935779.0;0.82;57367.0;0.018;6704636237.0;0.6074;537620833.0;0.0487;3139.448562;5.356;0.586116356
"./build/Benchmark/dxexmachina_phold opdevs -c 6 -n 6 -s 4 -i 0 -r 90 -p 0.1 -t 1000000";"dxexmachina_phold";"opdevs";6;6;4;0;90;10.0;1000000;17034903.0;0.026699999999999998;638725342.0;205.432;12507.0;0.004;344.0;0.111;10912754657.0;3.51;8996453614.0;0.82;57250.0;0.018;6635765176.0;0.6081;515780943.0;0.0473;3109.181876;5.366;0.579369651
"./build/Benchmark/dxexmachina_phold opdevs -c 6 -n 6 -s 4 -i 0 -r 90 -p 0.1 -t 1000000";"dxexmachina_phold";"opdevs";6;6;4;0;90;10.0;1000000;18569968.0;0.0288;645652571.0;203.884;12461.0;0.004;37.0;0.012;11114961086.0;3.51;9101958771.0;0.82;57395.0;0.018;6754805315.0;0.6077;547267470.0;0.0492;3166.767503;5.356;0.591277323
"./build/Benchmark/dxexmachina_phold opdevs -c 6 -n 6 -s 4 -i 0 -r 90 -p 0.1 -t 1000000";"dxexmachina_phold";"opdevs";6;6;4;0;90;10.0;1000000;16655288.0;0.0263;634155198.0;204.39;12017.0;0.004;31.0;0.01;10891862162.0;3.51;8992330388.0;0.83;57245.0;0.018;6623111290.0;0.6081;511066268.0;0.046900000000000004;3102.675491;5.379;0.576849757
"./build/Benchmark/dxexmachina_phold opdevs -c 6 -n 6 -s 4 -i 0 -r 90 -p 0.1 -t 1000000";"dxexmachina_phold";"opdevs";6;6;4;0;90;10.0;1000000;18250605.0;0.028300000000000002;645181844.0;202.638;12853.0;0.004;47.0;0.015;11147801281.0;3.501;9051926954.0;0.81;57210.0;0.018;6777970244.0;0.608;547624399.0;0.049100000000000005;3183.915961;5.326;0.597838358
"./build/Benchmark/dxexmachina_phold opdevs -c 6 -n 6 -s 4 -i 0 -r 90 -p 0.1 -t 1000000";"dxexmachina_phold";"opdevs";6;6;4;0;90;10.0;1000000;18070073.0;0.027999999999999997;645272462.0;206.147;12624.0;0.004;291.0;0.093;10964906025.0;3.503;9080740798.0;0.83;57291.0;0.018;6610782465.0;0.6029;549598803.0;0.0501;3130.159009;5.341;0.586111794
"./build/Benchmark/dxexmachina_phold opdevs -c 6 -n 6 -s 4 -i 0 -r 90 -p 0.2 -t 1000000";"dxexmachina_phold";"opdevs";6;6;4;0;90;20.0;1000000;17897017.0;0.0245;731219442.0;205.36;13498.0;0.004;43.0;0.012;12433373113.0;3.492;10349290254.0;0.83;61954.0;0.017;7549861333.0;0.6072;596192853.0;0.048;3560.671743;5.345;0.666126086
"./build/Benchmark/dxexmachina_phold opdevs -c 6 -n 6 -s 4 -i 0 -r 90 -p 0.2 -t 1000000";"dxexmachina_phold";"opdevs";6;6;4;0;90;20.0;1000000;18304301.0;0.0255;718239742.0;205.462;13510.0;0.004;204.0;0.058;12245465547.0;3.503;10216037492.0;0.83;61869.0;0.018;7417782121.0;0.6058;566806466.0;0.0463;3495.730818;5.349;0.653590137
"./build/Benchmark/dxexmachina_phold opdevs -c 6 -n 6 -s 4 -i 0 -r 90 -p 0.2 -t 1000000";"dxexmachina_phold";"opdevs";6;6;4;0;90;20.0;1000000;21141202.0;0.028900000000000002;732681491.0;205.99;14494.0;0.004;60.0;0.017;12516916643.0;3.519;10300347751.0;0.82;61929.0;0.017;7550311879.0;0.6032;610881976.0;0.048799999999999996;3556.886839;5.37;0.662301681
"./build/Benchmark/dxexmachina_phold opdevs -c 6 -n 6 -s 4 -i 0 -r 90 -p 0.2 -t 1000000";"dxexmachina_phold";"opdevs";6;6;4;0;90;20.0;1000000;18222801.0;0.0253;721441082.0;202.934;14220.0;0.004;37.0;0.01;12564030496.0;3.534;10240235951.0;0.82;61925.0;0.017;7615164072.0;0.6061;603298923.0;0.048;3555.046986;5.388;0.659860736
"./build/Benchmark/dxexmachina_phold opdevs -c 6 -n 6 -s 4 -i 0 -r 90 -p 0.2 -t 1000000";"dxexmachina_phold";"opdevs";6;6;4;0;90;20.0;1000000;18825764.0;0.0258;729164220.0;206.888;13757.0;0.004;37.0;0.01;12410703423.0;3.521;10277627360.0;0.83;61881.0;0.018;7466753482.0;0.6015999999999999;605432750.0;0.048799999999999996;3524.447172;5.393;0.653534482
"./build/Benchmark/dxexmachina_phold opdevs -c 6 -n 6 -s 4 -i 0 -r 90 -p 0.2 -t 1000000";"dxexmachina_phold";"opdevs";6;6;4;0;90;20.0;1000000;19019060.0;0.0258;738442093.0;203.786;14336.0;0.004;100.0;0.028;12667288203.0;3.496;10389499781.0;0.82;61949.0;0.017;7787607764.0;0.6148;604107813.0;0.04769999999999999;3623.619851;5.376;0.674006746
"./build/Benchmark/dxexmachina_phold opdevs -c 6 -n 6 -s 4 -i 0 -r 90 -p 0.2 -t 1000000";"dxexmachina_phold";"opdevs";6;6;4;0;90;20.0;1000000;18734039.0;0.026000000000000002;719783455.0;203.123;14187.0;0.004;54.0;0.015;12466048402.0;3.518;10237691557.0;0.82;61857.0;0.017;7552691878.0;0.6059;607070821.0;0.0487;3543.582553;5.369;0.660019903
"./build/Benchmark/dxexmachina_phold opdevs -c 6 -n 6 -s 4 -i 0 -r 90 -p 0.2 -t 1000000";"dxexmachina_phold";"opdevs";6;6;4;0;90;20.0;1000000;20732023.0;0.0286;725468225.0;204.89;14666.0;0.004;39.0;0.011;12484004842.0;3.526;10244491129.0;0.82;61870.0;0.017;7550096602.0;0.6048;605124425.0;0.048499999999999995;3540.773308;5.386;0.657403993
"./build/Benchmark/dxexmachina_phold opdevs -c 6 -n 6 -s 4 -i 0 -r 90 -p 0.2 -t 1000000";"dxexmachina_phold";"opdevs";6;6;4;0;90;20.0;1000000;17741351.0;0.024300000000000002;730343281.0;203.178;14648.0;0.004;53.0;0.015;12575368289.0;3.498;10302509330.0;0.82;61880.0;0.017;7674801826.0;0.6103000000000001;616916410.0;0.049100000000000005;3594.607016;5.344;0.672580639
"./build/Benchmark/dxexmachina_phold opdevs -c 6 -n 6 -s 4 -i 0 -r 90 -p 0.2 -t 1000000";"dxexmachina_phold";"opdevs";6;6;4;0;90;20.0;1000000;19648924.0;0.0271;725890045.0;204.247;14485.0;0.004;118.0;0.033;12479722676.0;3.511;10249260363.0;0.82;62089.0;0.017;7506755658.0;0.6015;633517360.0;0.0508;3553.982739;5.337;0.665909745
"./build/Benchmark/dxexmachina_phold opdevs -c 6 -n 6 -s 4 -i 0 -r 90 -p 0.2 -t 1000000";"dxexmachina_phold";"opdevs";6;6;4;0;90;20.0;1000000;18761265.0;0.025699999999999997;729937269.0;204.291;13966.0;0.004;34.0;0.01;12526280710.0;3.506;10302956628.0;0.82;61871.0;0.017;7616132782.0;0.608;612715048.0;0.0489;3573.01929;5.354;0.667324189
"./build/Benchmark/dxexmachina_phold opdevs -c 6 -n 6 -s 4 -i 0 -r 90 -p 0.2 -t 1000000";"dxexmachina_phold";"opdevs";6;6;4;0;90;20.0;1000000;19329273.0;0.0263;734413356.0;206.302;13848.0;0.004;37.0;0.01;12457572378.0;3.499;10353722812.0;0.83;62039.0;0.017;7525306378.0;0.6041;598281783.0;0.048;3559.890978;5.331;0.667741274
"./build/Benchmark/dxexmachina_phold opdevs -c 6 -n 6 -s 4 -i 0 -r 90 -p 0.2 -t 1000000";"dxexmachina_phold";"opdevs";6;6;4;0;90;20.0;1000000;18407820.0;0.025099999999999997;734413516.0;204.613;14165.0;0.004;47.0;0.013;12593542373.0;3.509;10334356610.0;0.82;61898.0;0.017;7687723928.0;0.6103999999999999;601644556.0;0.0478;3589.279293;5.37;0.668405361
"./build/Benchmark/dxexmachina_phold opdevs -c 6 -n 6 -s 4 -i 0 -r 90 -p 0.2 -t 1000000";"dxexmachina_phold";"opdevs";6;6;4;0;90;20.0;1000000;18630656.0;0.026000000000000002;716977914.0;204.264;14146.0;0.004;363.0;0.103;12363089164.0;3.522;10233970281.0;0.83;61852.0;0.018;7482503940.0;0.6052000000000001;604895094.0;0.0489;3510.061131;5.394;0.650770016
"./build/Benchmark/dxexmachina_phold opdevs -c 6 -n 6 -s 4 -i 0 -r 90 -p 0.2 -t 1000000";"dxexmachina_phold";"opdevs";6;6;4;0;90;20.0;1000000;18979344.0;0.0258;734843168.0;207.804;14454.0;0.004;84.0;0.024;12440384769.0;3.518;10355926499.0;0.83;61955.0;0.018;7496063935.0;0.6026;601266095.0;0.0483;3536.229421;5.361;0.659660908
"./build/Benchmark/dxexmachina_phold opdevs -c 6 -n 6 -s 4 -i 0 -r 90 -p 0.3 -t 1000000";"dxexmachina_phold";"opdevs";6;6;4;0;90;30.0;1000000;20728213.0;0.0252;822951098.0;205.546;15843.0;0.004;47.0;0.012;14104933924.0;3.523;11657052854.0;0.83;69203.0;0.017;8524303933.0;0.6043;685360914.0;0.048600000000000004;4003.725219;5.379;0.7443297
"./build/Benchmark/dxexmachina_phold opdevs -c 6 -n 6 -s 4 -i 0 -r 90 -p 0.3 -t 1000000";"dxexmachina_phold";"opdevs";6;6;4;0;90;30.0;1000000;22063758.0;0.026099999999999998;846828506.0;205.46;16364.0;0.004;57.0;0.014;14568412073.0;3.535;11749781465.0;0.81;69065.0;0.017;8904184363.0;0.6112;694597298.0;0.04769999999999999;4121.630287;5.384;0.765598189
"./build/Benchmark/dxexmachina_phold opdevs -c 6 -n 6 -s 4 -i 0 -r 90 -p 0.3 -t 1000000";"dxexmachina_phold";"opdevs";6;6;4;0;90;30.0;1000000;21132079.0;0.026000000000000002;812904715.0;203.467;16728.0;0.004;50.0;0.013;14050997990.0;3.517;11530961919.0;0.82;69087.0;0.017;8524236092.0;0.6067;684064524.0;0.0487;3995.264444;5.389;0.741383976
"./build/Benchmark/dxexmachina_phold opdevs -c 6 -n 6 -s 4 -i 0 -r 90 -p 0.3 -t 1000000";"dxexmachina_phold";"opdevs";6;6;4;0;90;30.0;1000000;21752598.0;0.025699999999999997;845473365.0;207.678;16370.0;0.004;59.0;0.014;14312847406.0;3.516;11781466824.0;0.82;69208.0;0.017;8674907838.0;0.6061;686779343.0;0.048;4071.071289;5.375;0.757397135
"./build/Benchmark/dxexmachina_phold opdevs -c 6 -n 6 -s 4 -i 0 -r 90 -p 0.3 -t 1000000";"dxexmachina_phold";"opdevs";6;6;4;0;90;30.0;1000000;20176473.0;0.024300000000000002;831103242.0;207.721;15112.0;0.004;218.0;0.054;14094254961.0;3.523;11693933387.0;0.83;69029.0;0.017;8491701056.0;0.6025;692107803.0;0.049100000000000005;4001.052197;5.395;0.741595599
"./build/Benchmark/dxexmachina_phold opdevs -c 6 -n 6 -s 4 -i 0 -r 90 -p 0.3 -t 1000000";"dxexmachina_phold";"opdevs";6;6;4;0;90;30.0;1000000;21938941.0;0.0268;818937457.0;204.021;15908.0;0.004;46.0;0.011;14045376410.0;3.499;11638363619.0;0.83;69075.0;0.017;8487627685.0;0.6043;691850786.0;0.0493;4013.988279;5.368;0.747758382
"./build/Benchmark/dxexmachina_phold opdevs -c 6 -n 6 -s 4 -i 0 -r 90 -p 0.3 -t 1000000";"dxexmachina_phold";"opdevs";6;6;4;0;90;30.0;1000000;20895462.0;0.0255;819820042.0;206.013;16013.0;0.004;43.0;0.011;14012183153.0;3.521;11636206842.0;0.83;69065.0;0.017;8498730008.0;0.6065;650067483.0;0.0464;3979.455226;5.406;0.73609925
"./build/Benchmark/dxexmachina_phold opdevs -c 6 -n 6 -s 4 -i 0 -r 90 -p 0.3 -t 1000000";"dxexmachina_phold";"opdevs";6;6;4;0;90;30.0;1000000;21625060.0;0.026000000000000002;831063546.0;204.247;15599.0;0.004;42.0;0.01;14263684381.0;3.506;11701467171.0;0.82;69112.0;0.017;8678421227.0;0.6084;665963693.0;0.0467;4068.908506;5.376;0.756889045
"./build/Benchmark/dxexmachina_phold opdevs -c 6 -n 6 -s 4 -i 0 -r 90 -p 0.3 -t 1000000";"dxexmachina_phold";"opdevs";6;6;4;0;90;30.0;1000000;20312497.0;0.025099999999999997;808269168.0;202.992;15100.0;0.004;34.0;0.009;13967042419.0;3.508;11494317369.0;0.82;68995.0;0.017;8487863048.0;0.6077;660427875.0;0.0473;3981.779423;5.383;0.739711613
"./build/Benchmark/dxexmachina_phold opdevs -c 6 -n 6 -s 4 -i 0 -r 90 -p 0.3 -t 1000000";"dxexmachina_phold";"opdevs";6;6;4;0;90;30.0;1000000;20885005.0;0.0252;828766998.0;209.707;16215.0;0.004;43.0;0.011;13969552573.0;3.535;11628647200.0;0.83;69002.0;0.017;8405511772.0;0.6017;678001351.0;0.048499999999999995;3952.022811;5.419;0.729349026
"./build/Benchmark/dxexmachina_phold opdevs -c 6 -n 6 -s 4 -i 0 -r 90 -p 0.3 -t 1000000";"dxexmachina_phold";"opdevs";6;6;4;0;90;30.0;1000000;21639554.0;0.0252;859649953.0;207.304;16165.0;0.004;62.0;0.015;14528311652.0;3.503;11849407967.0;0.82;70146.0;0.017;8833755046.0;0.608;691935824.0;0.047599999999999996;4146.809225;5.35;0.775146144
"./build/Benchmark/dxexmachina_phold opdevs -c 6 -n 6 -s 4 -i 0 -r 90 -p 0.3 -t 1000000";"dxexmachina_phold";"opdevs";6;6;4;0;90;30.0;1000000;20905915.0;0.0254;824633522.0;204.715;16134.0;0.004;32.0;0.008;14116983802.0;3.505;11690866851.0;0.83;69071.0;0.017;8581829060.0;0.6079;686364415.0;0.048600000000000004;4028.210677;5.385;0.748093268
"./build/Benchmark/dxexmachina_phold opdevs -c 6 -n 6 -s 4 -i 0 -r 90 -p 0.3 -t 1000000";"dxexmachina_phold";"opdevs";6;6;4;0;90;30.0;1000000;22180800.0;0.0269;825695101.0;206.464;15825.0;0.004;121.0;0.03;14087193173.0;3.522;11554537802.0;0.82;69120.0;0.017;8454459336.0;0.6002000000000001;719378364.0;0.051100000000000007;3999.226418;5.378;0.743580671
"./build/Benchmark/dxexmachina_phold opdevs -c 6 -n 6 -s 4 -i 0 -r 90 -p 0.3 -t 1000000";"dxexmachina_phold";"opdevs";6;6;4;0;90;30.0;1000000;20398646.0;0.025099999999999997;814120920.0;203.143;15408.0;0.004;40.0;0.01;14119975042.0;3.523;11581872414.0;0.82;69017.0;0.017;8543873514.0;0.6051;678628228.0;0.0481;4007.632492;5.397;0.742593377
"./build/Benchmark/dxexmachina_phold opdevs -c 6 -n 6 -s 4 -i 0 -r 90 -p 0.3 -t 1000000";"dxexmachina_phold";"opdevs";6;6;4;0;90;30.0;1000000;21229929.0;0.026000000000000002;816448934.0;204.113;16063.0;0.004;100.0;0.025;14045288000.0;3.511;11594847122.0;0.83;69034.0;0.017;8544287154.0;0.6083;663732107.0;0.0473;3999.994576;5.379;0.743626897
"./build/Benchmark/dxexmachina_phold opdevs -c 6 -n 6 -s 4 -i 0 -r 90 -p 0.4 -t 1000000";"dxexmachina_phold";"opdevs";6;6;4;0;90;40.0;1000000;25043601.0;0.0256;980161256.0;205.126;19071.0;0.004;52.0;0.011;16869373133.0;3.53;13988926137.0;0.83;79641.0;0.017;10202225417.0;0.6048;794611687.0;0.0471;4778.341826;5.423;0.881056038
"./build/Benchmark/dxexmachina_phold opdevs -c 6 -n 6 -s 4 -i 0 -r 90 -p 0.4 -t 1000000";"dxexmachina_phold";"opdevs";6;6;4;0;90;40.0;1000000;23866255.0;0.0245;974954387.0;204.706;18299.0;0.004;65.0;0.014;16732584233.0;3.513;13949871894.0;0.83;79634.0;0.017;10156231395.0;0.607;824333166.0;0.0493;4762.713917;5.411;0.880189619
"./build/Benchmark/dxexmachina_phold opdevs -c 6 -n 6 -s 4 -i 0 -r 90 -p 0.4 -t 1000000";"dxexmachina_phold";"opdevs";6;6;4;0;90;40.0;1000000;26666927.0;0.027000000000000003;989367565.0;206.28;19740.0;0.004;59.0;0.012;16920188704.0;3.528;14003238748.0;0.83;79672.0;0.017;10214631265.0;0.6037;846932836.0;0.0501;4796.238719;5.407;0.88712243
"./build/Benchmark/dxexmachina_phold opdevs -c 6 -n 6 -s 4 -i 0 -r 90 -p 0.4 -t 1000000";"dxexmachina_phold";"opdevs";6;6;4;0;90;40.0;1000000;25653727.0;0.025699999999999997;997710191.0;207.73;19630.0;0.004;50.0;0.01;16856047596.0;3.51;14046521603.0;0.83;79623.0;0.017;10204008845.0;0.6053999999999999;786657335.0;0.0467;4802.924425;5.402;0.8891695
"./build/Benchmark/dxexmachina_phold opdevs -c 6 -n 6 -s 4 -i 0 -r 90 -p 0.4 -t 1000000";"dxexmachina_phold";"opdevs";6;6;4;0;90;40.0;1000000;25968234.0;0.0264;983618566.0;205.29;19382.0;0.004;80.0;0.017;16849559360.0;3.517;13949829538.0;0.83;79642.0;0.017;10126715769.0;0.601;809313156.0;0.048;4791.364212;5.396;0.887910604
"./build/Benchmark/dxexmachina_phold opdevs -c 6 -n 6 -s 4 -i 0 -r 90 -p 0.4 -t 1000000";"dxexmachina_phold";"opdevs";6;6;4;0;90;40.0;1000000;25944062.0;0.0258;1006941458.0;209.871;20141.0;0.004;118.0;0.025;16962162857.0;3.535;14140289676.0;0.83;79723.0;0.017;10157181731.0;0.5988;843542239.0;0.049699999999999994;4797.90434;5.422;0.884911044
"./build/Benchmark/dxexmachina_phold opdevs -c 6 -n 6 -s 4 -i 0 -r 90 -p 0.4 -t 1000000";"dxexmachina_phold";"opdevs";6;6;4;0;90;40.0;1000000;25010998.0;0.0258;969510324.0;206.162;18756.0;0.004;331.0;0.07;16551406573.0;3.52;13837688074.0;0.84;79627.0;0.017;9964168637.0;0.602;811354203.0;0.049;4702.658857;5.393;0.872063939
"./build/Benchmark/dxexmachina_phold opdevs -c 6 -n 6 -s 4 -i 0 -r 90 -p 0.4 -t 1000000";"dxexmachina_phold";"opdevs";6;6;4;0;90;40.0;1000000;25307576.0;0.0259;978871225.0;204.722;18623.0;0.004;129.0;0.027;16800440649.0;3.514;13933317347.0;0.83;79640.0;0.017;10181856561.0;0.606;818538091.0;0.0487;4781.459915;5.391;0.88696302
"./build/Benchmark/dxexmachina_phold opdevs -c 6 -n 6 -s 4 -i 0 -r 90 -p 0.4 -t 1000000";"dxexmachina_phold";"opdevs";6;6;4;0;90;40.0;1000000;25004178.0;0.0253;988799552.0;205.837;18362.0;0.004;57.0;0.012;16962771274.0;3.531;14023603113.0;0.83;79646.0;0.017;10331619243.0;0.6091;776813509.0;0.0458;4803.792239;5.429;0.88488553
"./build/Benchmark/dxexmachina_phold opdevs -c 6 -n 6 -s 4 -i 0 -r 90 -p 0.4 -t 1000000";"dxexmachina_phold";"opdevs";6;6;4;0;90;40.0;1000000;25247704.0;0.0256;985373510.0;206.517;19095.0;0.004;256.0;0.054;16839942887.0;3.529;13967467632.0;0.83;79626.0;0.017;10212291316.0;0.6064;795228372.0;0.0472;4771.380645;5.403;0.883098555
"./build/Benchmark/dxexmachina_phold opdevs -c 6 -n 6 -s 4 -i 0 -r 90 -p 0.4 -t 1000000";"dxexmachina_phold";"opdevs";6;6;4;0;90;40.0;1000000;24999673.0;0.025699999999999997;972050795.0;203.488;19151.0;0.004;59.0;0.012;16857484035.0;3.529;13980659909.0;0.83;79793.0;0.017;10257995011.0;0.6085;784367150.0;0.04650000000000001;4776.949622;5.417;0.881872033
"./build/Benchmark/dxexmachina_phold opdevs -c 6 -n 6 -s 4 -i 0 -r 90 -p 0.4 -t 1000000";"dxexmachina_phold";"opdevs";6;6;4;0;90;40.0;1000000;25397863.0;0.025699999999999997;986604321.0;206.509;19617.0;0.004;367.0;0.077;16811528901.0;3.519;13923691717.0;0.83;79673.0;0.017;10220465621.0;0.6079;799052081.0;0.0475;4777.526494;5.432;0.879558315
"./build/Benchmark/dxexmachina_phold opdevs -c 6 -n 6 -s 4 -i 0 -r 90 -p 0.4 -t 1000000";"dxexmachina_phold";"opdevs";6;6;4;0;90;40.0;1000000;25863275.0;0.026699999999999998;970287016.0;203.663;19418.0;0.004;48.0;0.01;16801751876.0;3.527;13881059046.0;0.83;79621.0;0.017;10157952859.0;0.6046;814858912.0;0.048499999999999995;4764.184889;5.403;0.881689234
"./build/Benchmark/dxexmachina_phold opdevs -c 6 -n 6 -s 4 -i 0 -r 90 -p 0.4 -t 1000000";"dxexmachina_phold";"opdevs";6;6;4;0;90;40.0;1000000;28004395.0;0.0285;981679025.0;206.328;19444.0;0.004;349.0;0.073;16793643616.0;3.53;13919991702.0;0.83;79632.0;0.017;10072508809.0;0.5998;839396474.0;0.05;4757.850036;5.399;0.881231238
"./build/Benchmark/dxexmachina_phold opdevs -c 6 -n 6 -s 4 -i 0 -r 90 -p 0.4 -t 1000000";"dxexmachina_phold";"opdevs";6;6;4;0;90;40.0;1000000;25093172.0;0.0255;984004500.0;205.687;19973.0;0.004;66.0;0.014;16907301332.0;3.534;13903882908.0;0.82;79671.0;0.017;10185505005.0;0.6024;834120818.0;0.0493;4783.980804;5.425;0.881769736
"./build/Benchmark/dxexmachina_phold opdevs -c 6 -n 6 -s 4 -i 0 -r 90 -p 0.5 -t 1000000";"dxexmachina_phold";"opdevs";6;6;4;0;90;50.0;1000000;32264037.0;0.0279;1157518394.0;207.714;23386.0;0.004;70.0;0.013;19615094306.0;3.52;16404387537.0;0.84;94130.0;0.017;11817148892.0;0.6025;956552646.0;0.048799999999999996;5572.656227;5.41;1.030142399
"./build/Benchmark/dxexmachina_phold opdevs -c 6 -n 6 -s 4 -i 0 -r 90 -p 0.5 -t 1000000";"dxexmachina_phold";"opdevs";6;6;4;0;90;50.0;1000000;27783466.0;0.0242;1146616011.0;205.224;23021.0;0.004;54.0;0.01;19719020168.0;3.529;16308876185.0;0.83;94232.0;0.017;11979638223.0;0.6075;927920480.0;0.0471;5587.146293;5.418;1.031265501
"./build/Benchmark/dxexmachina_phold opdevs -c 6 -n 6 -s 4 -i 0 -r 90 -p 0.5 -t 1000000";"dxexmachina_phold";"opdevs";6;6;4;0;90;50.0;1000000;28242796.0;0.024700000000000003;1144104070.0;205.618;20611.0;0.004;59.0;0.011;19669120677.0;3.535;16341472382.0;0.83;94218.0;0.017;11847962719.0;0.6024;964400150.0;0.049;5564.230338;5.422;1.026174151
"./build/Benchmark/dxexmachina_phold opdevs -c 6 -n 6 -s 4 -i 0 -r 90 -p 0.5 -t 1000000";"dxexmachina_phold";"opdevs";6;6;4;0;90;50.0;1000000;29364659.0;0.0258;1137538209.0;207.246;22211.0;0.004;67.0;0.012;19399262537.0;3.534;16154928720.0;0.83;94057.0;0.017;11680162851.0;0.6021;929348036.0;0.0479;5488.838218;5.41;1.014495784
"./build/Benchmark/dxexmachina_phold opdevs -c 6 -n 6 -s 4 -i 0 -r 90 -p 0.5 -t 1000000";"dxexmachina_phold";"opdevs";6;6;4;0;90;50.0;1000000;30586476.0;0.0265;1156330273.0;207.456;22798.0;0.004;80.0;0.014;19630703685.0;3.522;16305088184.0;0.83;94463.0;0.017;11864512820.0;0.6043999999999999;921797607.0;0.047;5573.844792;5.386;1.034820614
"./build/Benchmark/dxexmachina_phold opdevs -c 6 -n 6 -s 4 -i 0 -r 90 -p 0.5 -t 1000000";"dxexmachina_phold";"opdevs";6;6;4;0;90;50.0;1000000;28200988.0;0.0245;1149845924.0;207.152;21433.0;0.004;228.0;0.041;19622010731.0;3.535;16252821284.0;0.83;94117.0;0.017;11812857598.0;0.602;975087986.0;0.049699999999999994;5550.740494;5.42;1.02412838
"./build/Benchmark/dxexmachina_phold opdevs -c 6 -n 6 -s 4 -i 0 -r 90 -p 0.5 -t 1000000";"dxexmachina_phold";"opdevs";6;6;4;0;90;50.0;1000000;30369156.0;0.0256;1186401767.0;208.659;22605.0;0.004;91.0;0.016;20068504718.0;3.53;16557231840.0;0.83;94254.0;0.017;12149812007.0;0.6053999999999999;955062238.0;0.047599999999999996;5685.828769;5.403;1.052293038
"./build/Benchmark/dxexmachina_phold opdevs -c 6 -n 6 -s 4 -i 0 -r 90 -p 0.5 -t 1000000";"dxexmachina_phold";"opdevs";6;6;4;0;90;50.0;1000000;29404147.0;0.0254;1156256093.0;206.992;23157.0;0.004;124.0;0.022;19692262395.0;3.525;16358578142.0;0.83;94174.0;0.017;11911562943.0;0.6049;944055891.0;0.0479;5585.993936;5.426;1.029411624
"./build/Benchmark/dxexmachina_phold opdevs -c 6 -n 6 -s 4 -i 0 -r 90 -p 0.5 -t 1000000";"dxexmachina_phold";"opdevs";6;6;4;0;90;50.0;1000000;29660603.0;0.0255;1164946648.0;208.327;21681.0;0.004;143.0;0.026;19717298854.0;3.526;16456651135.0;0.83;94314.0;0.017;11819486324.0;0.5993999999999999;968004750.0;0.049100000000000005;5591.924857;5.42;1.031667663
"./build/Benchmark/dxexmachina_phold opdevs -c 6 -n 6 -s 4 -i 0 -r 90 -p 0.5 -t 1000000";"dxexmachina_phold";"opdevs";6;6;4;0;90;50.0;1000000;29699541.0;0.0258;1150843989.0;205.223;23000.0;0.004;79.0;0.014;19814927264.0;3.533;16477473795.0;0.83;94280.0;0.017;11945176263.0;0.6028;983604984.0;0.0496;5607.7836;5.417;1.035269692
"./build/Benchmark/dxexmachina_phold opdevs -c 6 -n 6 -s 4 -i 0 -r 90 -p 0.5 -t 1000000";"dxexmachina_phold";"opdevs";6;6;4;0;90;50.0;1000000;29389516.0;0.0256;1147305374.0;206.364;22121.0;0.004;352.0;0.063;19630510589.0;3.531;16335447825.0;0.83;94280.0;0.017;11867278442.0;0.6045;937533131.0;0.0478;5559.610156;5.43;1.023931808
"./build/Benchmark/dxexmachina_phold opdevs -c 6 -n 6 -s 4 -i 0 -r 90 -p 0.5 -t 1000000";"dxexmachina_phold";"opdevs";6;6;4;0;90;50.0;1000000;30128131.0;0.026099999999999998;1153752854.0;206.055;21577.0;0.004;161.0;0.029;19714044503.0;3.521;16252620070.0;0.82;94075.0;0.017;11876584104.0;0.6024;1010316572.0;0.0512;5599.234339;5.396;1.037696308
"./build/Benchmark/dxexmachina_phold opdevs -c 6 -n 6 -s 4 -i 0 -r 90 -p 0.5 -t 1000000";"dxexmachina_phold";"opdevs";6;6;4;0;90;50.0;1000000;32274110.0;0.0281;1149151791.0;207.792;23143.0;0.004;79.0;0.014;19461848520.0;3.519;16192418307.0;0.83;94135.0;0.017;11701451648.0;0.6013000000000001;959399714.0;0.0493;5530.297594;5.403;1.023554863
"./build/Benchmark/dxexmachina_phold opdevs -c 6 -n 6 -s 4 -i 0 -r 90 -p 0.5 -t 1000000";"dxexmachina_phold";"opdevs";6;6;4;0;90;50.0;1000000;29419284.0;0.0256;1148217179.0;207.332;21949.0;0.004;188.0;0.034;19564665589.0;3.533;16332322611.0;0.83;94229.0;0.017;11783940169.0;0.6023;942174769.0;0.0482;5538.069002;5.422;1.021445146
"./build/Benchmark/dxexmachina_phold opdevs -c 6 -n 6 -s 4 -i 0 -r 90 -p 0.5 -t 1000000";"dxexmachina_phold";"opdevs";6;6;4;0;90;50.0;1000000;30367948.0;0.0265;1146313872.0;205.806;21954.0;0.004;95.0;0.017;19725607249.0;3.541;16336731546.0;0.83;94216.0;0.017;11950773573.0;0.6059;944831385.0;0.0479;5569.884482;5.434;1.025032642
"./build/Benchmark/dxexmachina_phold opdevs -c 6 -n 6 -s 4 -i 0 -r 90 -p 0.6 -t 1000000";"dxexmachina_phold";"opdevs";6;6;4;0;90;60.0;1000000;69037255.0;0.0242;2847291487.0;204.797;51442.0;0.004;145.0;0.01;49505372091.0;3.561;42456209497.0;0.86;174609.0;0.013;29762531085.0;0.6012;2154014456.0;0.0435;13902.975732;5.555;2.502756044
"./build/Benchmark/dxexmachina_phold opdevs -c 6 -n 6 -s 4 -i 0 -r 90 -p 0.6 -t 1000000";"dxexmachina_phold";"opdevs";6;6;4;0;90;60.0;1000000;77776305.0;0.0277;2808700099.0;203.35;54729.0;0.004;197.0;0.014;49173889478.0;3.56;42023597932.0;0.85;174434.0;0.013;29420249169.0;0.5982999999999999;2253055721.0;0.0458;13812.167539;5.557;2.485543436
"./build/Benchmark/dxexmachina_phold opdevs -c 6 -n 6 -s 4 -i 0 -r 90 -p 0.6 -t 1000000";"dxexmachina_phold";"opdevs";6;6;4;0;90;60.0;1000000;80163988.0;0.028300000000000002;2834648756.0;205.589;54300.0;0.004;129.0;0.009;49081647962.0;3.56;42219001268.0;0.86;174245.0;0.013;29240538850.0;0.5958;2238742133.0;0.045599999999999995;13787.961736;5.545;2.486403679
"./build/Benchmark/dxexmachina_phold opdevs -c 6 -n 6 -s 4 -i 0 -r 90 -p 0.6 -t 1000000";"dxexmachina_phold";"opdevs";6;6;4;0;90;60.0;1000000;74112437.0;0.025699999999999997;2881284437.0;204.568;55252.0;0.004;279.0;0.02;50054608773.0;3.554;42744376571.0;0.85;178820.0;0.013;30001698258.0;0.5993999999999999;2286425122.0;0.045700000000000005;14084.721175;5.552;2.536775648
"./build/Benchmark/dxexmachina_phold opdevs -c 6 -n 6 -s 4 -i 0 -r 90 -p 0.6 -t 1000000";"dxexmachina_phold";"opdevs";6;6;4;0;90;60.0;1000000;68730043.0;0.024300000000000002;2829390032.0;204.525;49730.0;0.004;150.0;0.011;49186636930.0;3.555;42055081694.0;0.86;174572.0;0.013;29594708696.0;0.6017;2119340125.0;0.0431;13833.983382;5.562;2.487089012
"./build/Benchmark/dxexmachina_phold opdevs -c 6 -n 6 -s 4 -i 0 -r 90 -p 0.6 -t 1000000";"dxexmachina_phold";"opdevs";6;6;4;0;90;60.0;1000000;74320023.0;0.026000000000000002;2863011350.0;204.591;56841.0;0.004;202.0;0.014;49812642601.0;3.56;42533163106.0;0.85;174288.0;0.012;29761825753.0;0.5975;2307056142.0;0.0463;13993.800784;5.557;2.518331013
"./build/Benchmark/dxexmachina_phold opdevs -c 6 -n 6 -s 4 -i 0 -r 90 -p 0.6 -t 1000000";"dxexmachina_phold";"opdevs";6;6;4;0;90;60.0;1000000;74699228.0;0.0262;2851186008.0;204.712;50128.0;0.004;189.0;0.014;49546307000.0;3.557;42348509549.0;0.85;177988.0;0.013;29518687917.0;0.5958;2391718324.0;0.0483;13927.786314;5.559;2.505421029
"./build/Benchmark/dxexmachina_phold opdevs -c 6 -n 6 -s 4 -i 0 -r 90 -p 0.6 -t 1000000";"dxexmachina_phold";"opdevs";6;6;4;0;90;60.0;1000000;75084796.0;0.0256;2927665320.0;205.669;54188.0;0.004;141.0;0.01;50553062086.0;3.551;43256778121.0;0.86;179198.0;0.013;30263516989.0;0.5986;2275252555.0;0.045;14234.858899;5.547;2.566382272
"./build/Benchmark/dxexmachina_phold opdevs -c 6 -n 6 -s 4 -i 0 -r 90 -p 0.6 -t 1000000";"dxexmachina_phold";"opdevs";6;6;4;0;90;60.0;1000000;81519235.0;0.0282;2888100429.0;204.871;56491.0;0.004;202.0;0.014;50146633297.0;3.557;43031663199.0;0.86;182698.0;0.013;29914203893.0;0.5965;2321347997.0;0.0463;14097.16867;5.549;2.540402913
"./build/Benchmark/dxexmachina_phold opdevs -c 6 -n 6 -s 4 -i 0 -r 90 -p 0.6 -t 1000000";"dxexmachina_phold";"opdevs";6;6;4;0;90;60.0;1000000;69134680.0;0.0245;2825110557.0;204.813;49818.0;0.004;256.0;0.019;49116123400.0;3.561;41932819607.0;0.85;173933.0;0.013;29530420467.0;0.6012;2171134291.0;0.044199999999999996;13793.578364;5.568;2.477128465
"./build/Benchmark/dxexmachina_phold opdevs -c 6 -n 6 -s 4 -i 0 -r 90 -p 0.6 -t 1000000";"dxexmachina_phold";"opdevs";6;6;4;0;90;60.0;1000000;73446566.0;0.0255;2876751727.0;206.74;53046.0;0.004;372.0;0.027;49546409867.0;3.561;42608820721.0;0.86;174224.0;0.013;29605265783.0;0.5975;2225001199.0;0.0449;13914.808231;5.557;2.503866824
"./build/Benchmark/dxexmachina_phold opdevs -c 6 -n 6 -s 4 -i 0 -r 90 -p 0.6 -t 1000000";"dxexmachina_phold";"opdevs";6;6;4;0;90;60.0;1000000;73633149.0;0.0253;2908063679.0;205.576;54264.0;0.004;172.0;0.012;50329292798.0;3.558;42922325959.0;0.85;179190.0;0.013;30130814061.0;0.5987;2335831112.0;0.0464;14145.930075;5.554;2.546892411
"./build/Benchmark/dxexmachina_phold opdevs -c 6 -n 6 -s 4 -i 0 -r 90 -p 0.6 -t 1000000";"dxexmachina_phold";"opdevs";6;6;4;0;90;60.0;1000000;76184784.0;0.0262;2909735022.0;204.491;56634.0;0.004;404.0;0.028;50530909533.0;3.551;43094328135.0;0.85;179290.0;0.013;30254511955.0;0.5987;2331230358.0;0.0461;14229.174323;5.546;2.565883043
"./build/Benchmark/dxexmachina_phold opdevs -c 6 -n 6 -s 4 -i 0 -r 90 -p 0.6 -t 1000000";"dxexmachina_phold";"opdevs";6;6;4;0;90;60.0;1000000;73803723.0;0.025699999999999997;2873113839.0;206.58;54693.0;0.004;196.0;0.014;49506318106.0;3.56;42393064222.0;0.86;174337.0;0.013;29591041314.0;0.5977;2263232223.0;0.045700000000000005;13907.973778;5.569;2.497489692
"./build/Benchmark/dxexmachina_phold opdevs -c 6 -n 6 -s 4 -i 0 -r 90 -p 0.6 -t 1000000";"dxexmachina_phold";"opdevs";6;6;4;0;90;60.0;1000000;70409733.0;0.024300000000000002;2892061876.0;205.781;50660.0;0.004;180.0;0.013;50020504475.0;3.559;42699545709.0;0.85;178512.0;0.013;29969519957.0;0.5991;2297316026.0;0.045899999999999996;14054.092475;5.563;2.526285783
"./build/Benchmark/dxexmachina_phold opdevs -c 6 -n 6 -s 4 -i 0 -r 90 -p 0.7 -t 1000000";"dxexmachina_phold";"opdevs";6;6;4;0;90;70.0;1000000;89649037.0;0.0262;3416645170.0;205.76;58760.0;0.004;176.0;0.011;59051736676.0;3.556;50559494360.0;0.86;210999.0;0.013;35273599966.0;0.5972999999999999;2765045411.0;0.046799999999999994;16605.008478;5.574;2.978950519
"./build/Benchmark/dxexmachina_phold opdevs -c 6 -n 6 -s 4 -i 0 -r 90 -p 0.7 -t 1000000";"dxexmachina_phold";"opdevs";6;6;4;0;90;70.0;1000000;95919686.0;0.027999999999999997;3420056014.0;205.634;62555.0;0.004;432.0;0.026;59152273757.0;3.557;50085941098.0;0.85;210886.0;0.013;35432025791.0;0.599;2739380074.0;0.0463;16631.745724;5.571;2.985490327
"./build/Benchmark/dxexmachina_phold opdevs -c 6 -n 6 -s 4 -i 0 -r 90 -p 0.7 -t 1000000";"dxexmachina_phold";"opdevs";6;6;4;0;90;70.0;1000000;90256920.0;0.0265;3401983858.0;206.26;63546.0;0.004;190.0;0.012;58715207833.0;3.56;50122625619.0;0.85;207237.0;0.013;35083038150.0;0.5975;2621559059.0;0.0446;16493.634899;5.56;2.966248737
"./build/Benchmark/dxexmachina_phold opdevs -c 6 -n 6 -s 4 -i 0 -r 90 -p 0.7 -t 1000000";"dxexmachina_phold";"opdevs";6;6;4;0;90;70.0;1000000;86899654.0;0.025699999999999997;3376316524.0;205.077;61344.0;0.004;199.0;0.012;58670846000.0;3.564;49910180928.0;0.85;210235.0;0.013;35193338828.0;0.5998;2642490162.0;0.045;16463.69142;5.576;2.952572303
"./build/Benchmark/dxexmachina_phold opdevs -c 6 -n 6 -s 4 -i 0 -r 90 -p 0.7 -t 1000000";"dxexmachina_phold";"opdevs";6;6;4;0;90;70.0;1000000;88810221.0;0.0258;3440312095.0;206.21;63024.0;0.004;308.0;0.018;59394910730.0;3.56;50959702440.0;0.86;212269.0;0.013;35578723442.0;0.599;2625201921.0;0.044199999999999996;16683.562168;5.583;2.988259288
"./build/Benchmark/dxexmachina_phold opdevs -c 6 -n 6 -s 4 -i 0 -r 90 -p 0.7 -t 1000000";"dxexmachina_phold";"opdevs";6;6;4;0;90;70.0;1000000;85904890.0;0.0253;3400108385.0;206.397;56105.0;0.003;158.0;0.01;58524044123.0;3.553;50446047041.0;0.86;211140.0;0.013;35046902021.0;0.5988;2531878183.0;0.0433;16473.653151;5.559;2.963619861
"./build/Benchmark/dxexmachina_phold opdevs -c 6 -n 6 -s 4 -i 0 -r 90 -p 0.7 -t 1000000";"dxexmachina_phold";"opdevs";6;6;4;0;90;70.0;1000000;83835476.0;0.0246;3409117476.0;206.523;61621.0;0.004;154.0;0.009;58812294416.0;3.563;50228767079.0;0.85;211082.0;0.013;35246219530.0;0.5992999999999999;2648356601.0;0.045;16507.191041;5.579;2.958693467
"./build/Benchmark/dxexmachina_phold opdevs -c 6 -n 6 -s 4 -i 0 -r 90 -p 0.7 -t 1000000";"dxexmachina_phold";"opdevs";6;6;4;0;90;70.0;1000000;89303468.0;0.026000000000000002;3428864636.0;206.913;61202.0;0.004;442.0;0.027;59035278637.0;3.562;50630296111.0;0.86;211687.0;0.013;35166696245.0;0.5957;2726368810.0;0.0462;16571.545542;5.58;2.969802006
"./build/Benchmark/dxexmachina_phold opdevs -c 6 -n 6 -s 4 -i 0 -r 90 -p 0.7 -t 1000000";"dxexmachina_phold";"opdevs";6;6;4;0;90;70.0;1000000;82608434.0;0.0242;3413468882.0;204.569;58764.0;0.004;168.0;0.01;59418185869.0;3.561;50727904273.0;0.85;211787.0;0.013;35690521051.0;0.6007;2710342804.0;0.045599999999999995;16686.119183;5.587;2.986775138
"./build/Benchmark/dxexmachina_phold opdevs -c 6 -n 6 -s 4 -i 0 -r 90 -p 0.7 -t 1000000";"dxexmachina_phold";"opdevs";6;6;4;0;90;70.0;1000000;86323537.0;0.0252;3431781190.0;206.795;57172.0;0.003;168.0;0.01;59069704388.0;3.559;50791424140.0;0.86;212030.0;0.013;35426144259.0;0.5997;2528864682.0;0.042800000000000005;16595.086038;5.576;2.976211102
"./build/Benchmark/dxexmachina_phold opdevs -c 6 -n 6 -s 4 -i 0 -r 90 -p 0.7 -t 1000000";"dxexmachina_phold";"opdevs";6;6;4;0;90;70.0;1000000;88096124.0;0.0252;3495848597.0;205.883;59007.0;0.003;173.0;0.01;60381067698.0;3.556;51865399629.0;0.86;213413.0;0.013;36258617149.0;0.6004999999999999;2596194604.0;0.043;16979.769269;5.563;3.051995882
"./build/Benchmark/dxexmachina_phold opdevs -c 6 -n 6 -s 4 -i 0 -r 90 -p 0.7 -t 1000000";"dxexmachina_phold";"opdevs";6;6;4;0;90;70.0;1000000;89575535.0;0.026000000000000002;3440568535.0;205.705;62446.0;0.004;465.0;0.028;59576662470.0;3.562;51051691336.0;0.86;211591.0;0.013;35594599141.0;0.5975;2734212223.0;0.045899999999999996;16725.743879;5.575;3.000280607
"./build/Benchmark/dxexmachina_phold opdevs -c 6 -n 6 -s 4 -i 0 -r 90 -p 0.7 -t 1000000";"dxexmachina_phold";"opdevs";6;6;4;0;90;70.0;1000000;88682698.0;0.0255;3474878858.0;205.402;63611.0;0.004;317.0;0.019;60200139396.0;3.558;51274051145.0;0.85;212193.0;0.013;36199967907.0;0.6013000000000001;2654526504.0;0.0441;16917.487652;5.571;3.036744431
"./build/Benchmark/dxexmachina_phold opdevs -c 6 -n 6 -s 4 -i 0 -r 90 -p 0.7 -t 1000000";"dxexmachina_phold";"opdevs";6;6;4;0;90;70.0;1000000;90915048.0;0.0262;3467126152.0;206.436;61583.0;0.004;219.0;0.013;59756306405.0;3.558;51116902297.0;0.86;211944.0;0.013;35882232686.0;0.6004999999999999;2609843445.0;0.0437;16795.158496;5.578;3.010773649
"./build/Benchmark/dxexmachina_phold opdevs -c 6 -n 6 -s 4 -i 0 -r 90 -p 0.7 -t 1000000";"dxexmachina_phold";"opdevs";6;6;4;0;90;70.0;1000000;89303880.0;0.026099999999999998;3427470412.0;207.054;60351.0;0.004;272.0;0.016;59004930848.0;3.564;50522515721.0;0.86;211454.0;0.013;35310205609.0;0.5984;2618688832.0;0.0444;16553.543734;5.582;2.965675446
"./build/Benchmark/dxexmachina_phold opdevs -c 6 -n 6 -s 4 -i 0 -r 90 -p 0.8 -t 1000000";"dxexmachina_phold";"opdevs";6;6;4;0;90;80.0;1000000;113098713.0;0.024700000000000003;4587890223.0;213.549;73927.0;0.003;470.0;0.022;76586302838.0;3.565;65110971733.0;0.85;253496.0;0.012;45864019396.0;0.5989;3465422551.0;0.0452;21484.05902;5.6;3.836719
"./build/Benchmark/dxexmachina_phold opdevs -c 6 -n 6 -s 4 -i 0 -r 90 -p 0.8 -t 1000000";"dxexmachina_phold";"opdevs";6;6;4;0;90;80.0;1000000;106316588.0;0.022799999999999997;4658747785.0;213.26;78490.0;0.004;485.0;0.022;77789203237.0;3.561;65754773648.0;0.85;253729.0;0.012;46690828542.0;0.6002000000000001;3607389478.0;0.0464;21845.389431;5.589;3.908421648
"./build/Benchmark/dxexmachina_phold opdevs -c 6 -n 6 -s 4 -i 0 -r 90 -p 0.8 -t 1000000";"dxexmachina_phold";"opdevs";6;6;4;0;90;80.0;1000000;126285217.0;0.0277;4555010209.0;213.324;79396.0;0.004;319.0;0.015;76072309671.0;3.563;64729364939.0;0.85;253193.0;0.012;45294060864.0;0.5954;3613822562.0;0.0475;21352.589388;5.583;3.82449535
"./build/Benchmark/dxexmachina_phold opdevs -c 6 -n 6 -s 4 -i 0 -r 90 -p 0.8 -t 1000000";"dxexmachina_phold";"opdevs";6;6;4;0;90;80.0;1000000;116026926.0;0.025699999999999997;4523317390.0;211.993;74708.0;0.004;208.0;0.01;75925158278.0;3.558;64702303570.0;0.85;254012.0;0.012;45076465382.0;0.5937;3781997908.0;0.049800000000000004;21337.099732;5.586;3.820002936
"./build/Benchmark/dxexmachina_phold opdevs -c 6 -n 6 -s 4 -i 0 -r 90 -p 0.8 -t 1000000";"dxexmachina_phold";"opdevs";6;6;4;0;90;80.0;1000000;110956243.0;0.0245;4536184808.0;211.839;77719.0;0.004;184.0;0.009;76299440754.0;3.563;64524576979.0;0.85;253696.0;0.012;45648681691.0;0.5982999999999999;3586839798.0;0.047;21413.398456;5.594;3.827842679
"./build/Benchmark/dxexmachina_phold opdevs -c 6 -n 6 -s 4 -i 0 -r 90 -p 0.8 -t 1000000";"dxexmachina_phold";"opdevs";6;6;4;0;90;80.0;1000000;111715508.0;0.024399999999999998;4570601893.0;213.788;82406.0;0.004;211.0;0.01;76263490618.0;3.567;64980827601.0;0.85;253998.0;0.012;45577138374.0;0.5976;3518254731.0;0.0461;21379.117948;5.592;3.823330818
"./build/Benchmark/dxexmachina_phold opdevs -c 6 -n 6 -s 4 -i 0 -r 90 -p 0.8 -t 1000000";"dxexmachina_phold";"opdevs";6;6;4;0;90;80.0;1000000;103717478.0;0.0227;4578137319.0;214.474;80493.0;0.004;345.0;0.016;75953155075.0;3.558;64693017611.0;0.85;253205.0;0.012;45327330063.0;0.5968;3612756045.0;0.047599999999999996;21345.927421;5.584;3.82267209
"./build/Benchmark/dxexmachina_phold opdevs -c 6 -n 6 -s 4 -i 0 -r 90 -p 0.8 -t 1000000";"dxexmachina_phold";"opdevs";6;6;4;0;90;80.0;1000000;124223403.0;0.0273;4554579853.0;210.247;80040.0;0.004;180.0;0.008;77192892442.0;3.563;65001188735.0;0.84;254263.0;0.012;46151517748.0;0.5979;3721524195.0;0.0482;21663.002612;5.599;3.86933784
"./build/Benchmark/dxexmachina_phold opdevs -c 6 -n 6 -s 4 -i 0 -r 90 -p 0.8 -t 1000000";"dxexmachina_phold";"opdevs";6;6;4;0;90;80.0;1000000;109522766.0;0.0239;4584031615.0;212.928;74995.0;0.003;228.0;0.011;76741643055.0;3.565;65273810952.0;0.85;254042.0;0.012;45978407470.0;0.5991;3495067122.0;0.0455;21528.585716;5.603;3.842250171
"./build/Benchmark/dxexmachina_phold opdevs -c 6 -n 6 -s 4 -i 0 -r 90 -p 0.8 -t 1000000";"dxexmachina_phold";"opdevs";6;6;4;0;90;80.0;1000000;111976853.0;0.0246;4556773383.0;212.395;77284.0;0.004;158.0;0.007;76555060251.0;3.568;64598451994.0;0.84;254180.0;0.012;45758009188.0;0.5977;3619135504.0;0.0473;21454.236525;5.607;3.826647583
"./build/Benchmark/dxexmachina_phold opdevs -c 6 -n 6 -s 4 -i 0 -r 90 -p 0.8 -t 1000000";"dxexmachina_phold";"opdevs";6;6;4;0;90;80.0;1000000;111937711.0;0.0241;4642122671.0;213.396;80575.0;0.004;228.0;0.01;77447315860.0;3.56;65416965537.0;0.84;254020.0;0.012;46325578136.0;0.5982;3673092207.0;0.047400000000000005;21753.515465;5.58;3.898479563
"./build/Benchmark/dxexmachina_phold opdevs -c 6 -n 6 -s 4 -i 0 -r 90 -p 0.8 -t 1000000";"dxexmachina_phold";"opdevs";6;6;4;0;90;80.0;1000000;116186437.0;0.0254;4571913755.0;212.318;78984.0;0.004;219.0;0.01;76765798835.0;3.565;65082997966.0;0.85;253623.0;0.012;45785126216.0;0.5964;3671813145.0;0.0478;21533.315966;5.593;3.850275026
"./build/Benchmark/dxexmachina_phold opdevs -c 6 -n 6 -s 4 -i 0 -r 90 -p 0.8 -t 1000000";"dxexmachina_phold";"opdevs";6;6;4;0;90;80.0;1000000;114079558.0;0.025099999999999997;4536754663.0;211.916;76140.0;0.004;246.0;0.011;76300713497.0;3.564;64614977558.0;0.85;253801.0;0.012;45734405451.0;0.5993999999999999;3552960782.0;0.0466;21408.246354;5.594;3.827227528
"./build/Benchmark/dxexmachina_phold opdevs -c 6 -n 6 -s 4 -i 0 -r 90 -p 0.8 -t 1000000";"dxexmachina_phold";"opdevs";6;6;4;0;90;80.0;1000000;124452683.0;0.027200000000000002;4583261710.0;211.696;86658.0;0.004;235.0;0.011;77006505143.0;3.557;65062456876.0;0.84;254050.0;0.012;45882598052.0;0.5958;3772267850.0;0.049;21650.195316;5.57;3.886690627
"./build/Benchmark/dxexmachina_phold opdevs -c 6 -n 6 -s 4 -i 0 -r 90 -p 0.8 -t 1000000";"dxexmachina_phold";"opdevs";6;6;4;0;90;80.0;1000000;127313007.0;0.0279;4563005301.0;212.102;81464.0;0.004;253.0;0.012;76677341599.0;3.564;64834755187.0;0.85;253896.0;0.012;45634047973.0;0.5951;3699048779.0;0.0482;21513.261532;5.589;3.849321508
"./build/Benchmark/dxexmachina_phold opdevs -c 6 -n 6 -s 4 -i 0 -r 90 -p 0.9 -t 1000000";"dxexmachina_phold";"opdevs";6;6;4;0;90;90.0;1000000;176164444.0;0.0239;7357082295.0;213.854;106120.0;0.003;345.0;0.01;122721815128.0;3.567;104634804317.0;0.85;414509.0;0.012;73574123893.0;0.5995;5462652849.0;0.044500000000000005;34402.33047;5.61;6.132180599
"./build/Benchmark/dxexmachina_phold opdevs -c 6 -n 6 -s 4 -i 0 -r 90 -p 0.9 -t 1000000";"dxexmachina_phold";"opdevs";6;6;4;0;90;90.0;1000000;179693165.0;0.023799999999999998;7543344273.0;215.306;109878.0;0.003;322.0;0.009;125049363801.0;3.569;106222740785.0;0.85;424092.0;0.012;74915516596.0;0.5991;5711365082.0;0.045700000000000005;35035.460508;5.606;6.250099789
"./build/Benchmark/dxexmachina_phold opdevs -c 6 -n 6 -s 4 -i 0 -r 90 -p 0.9 -t 1000000";"dxexmachina_phold";"opdevs";6;6;4;0;90;90.0;1000000;170598373.0;0.023399999999999997;7283052712.0;216.09;104199.0;0.003;319.0;0.009;120249703204.0;3.568;103293813075.0;0.86;413053.0;0.012;71857082088.0;0.5976;5338656764.0;0.0444;33703.737113;5.614;6.003650925
"./build/Benchmark/dxexmachina_phold opdevs -c 6 -n 6 -s 4 -i 0 -r 90 -p 0.9 -t 1000000";"dxexmachina_phold";"opdevs";6;6;4;0;90;90.0;1000000;169304135.0;0.0233;7272656848.0;214.971;103615.0;0.003;323.0;0.01;120882821808.0;3.573;103567520304.0;0.86;413604.0;0.012;72054861238.0;0.5961;5547195350.0;0.045899999999999996;33830.849648;5.607;6.033626188
"./build/Benchmark/dxexmachina_phold opdevs -c 6 -n 6 -s 4 -i 0 -r 90 -p 0.9 -t 1000000";"dxexmachina_phold";"opdevs";6;6;4;0;90;90.0;1000000;173753594.0;0.023399999999999997;7423058036.0;215.948;106913.0;0.003;706.0;0.021;122680297706.0;3.569;105160332381.0;0.86;414659.0;0.012;73373492938.0;0.5981000000000001;5500229020.0;0.044800000000000006;34374.227511;5.609;6.128629645
"./build/Benchmark/dxexmachina_phold opdevs -c 6 -n 6 -s 4 -i 0 -r 90 -p 0.9 -t 1000000";"dxexmachina_phold";"opdevs";6;6;4;0;90;90.0;1000000;179265155.0;0.0241;7449264546.0;214.844;110547.0;0.003;537.0;0.015;123741509254.0;3.569;105250667091.0;0.85;421306.0;0.012;74130963068.0;0.5991;5683912886.0;0.045899999999999996;34672.852999;5.613;6.177731405
"./build/Benchmark/dxexmachina_phold opdevs -c 6 -n 6 -s 4 -i 0 -r 90 -p 0.9 -t 1000000";"dxexmachina_phold";"opdevs";6;6;4;0;90;90.0;1000000;185583203.0;0.024700000000000003;7511751515.0;214.913;110693.0;0.003;606.0;0.017;124680676316.0;3.567;105944848523.0;0.85;423302.0;0.012;74627088374.0;0.5985;5756163358.0;0.0462;34952.462225;5.608;6.232268176
"./build/Benchmark/dxexmachina_phold opdevs -c 6 -n 6 -s 4 -i 0 -r 90 -p 0.9 -t 1000000";"dxexmachina_phold";"opdevs";6;6;4;0;90;90.0;1000000;202749493.0;0.0274;7413000680.0;216.032;105920.0;0.003;589.0;0.017;122526651051.0;3.571;105145292307.0;0.86;414556.0;0.012;72333863583.0;0.5904;5978069483.0;0.048799999999999996;34314.352776;5.63;6.095207837
"./build/Benchmark/dxexmachina_phold opdevs -c 6 -n 6 -s 4 -i 0 -r 90 -p 0.9 -t 1000000";"dxexmachina_phold";"opdevs";6;6;4;0;90;90.0;1000000;173963691.0;0.022799999999999997;7621558952.0;217.984;108242.0;0.003;433.0;0.012;124769350687.0;3.569;107175440713.0;0.86;423781.0;0.012;74359271169.0;0.596;5762748657.0;0.0462;34963.766534;5.616;6.226043841
"./build/Benchmark/dxexmachina_phold opdevs -c 6 -n 6 -s 4 -i 0 -r 90 -p 0.9 -t 1000000";"dxexmachina_phold";"opdevs";6;6;4;0;90;90.0;1000000;178883604.0;0.024300000000000002;7374444096.0;215.444;106413.0;0.003;305.0;0.009;122168262103.0;3.569;104548802838.0;0.86;413725.0;0.012;72661795992.0;0.5948;5754929806.0;0.0471;34229.00427;5.606;6.105600115
"./build/Benchmark/dxexmachina_phold opdevs -c 6 -n 6 -s 4 -i 0 -r 90 -p 0.9 -t 1000000";"dxexmachina_phold";"opdevs";6;6;4;0;90;90.0;1000000;171666569.0;0.022799999999999997;7532057432.0;217.283;105468.0;0.003;358.0;0.01;123858903128.0;3.573;106143576197.0;0.86;423312.0;0.012;73952091877.0;0.5971;5584568871.0;0.0451;34664.656921;5.622;6.166317954
"./build/Benchmark/dxexmachina_phold opdevs -c 6 -n 6 -s 4 -i 0 -r 90 -p 0.9 -t 1000000";"dxexmachina_phold";"opdevs";6;6;4;0;90;90.0;1000000;164019238.0;0.0216;7606539717.0;217.114;100846.0;0.003;255.0;0.007;125109117254.0;3.571;106782048389.0;0.85;423495.0;0.012;75109771286.0;0.6004;5513622299.0;0.0441;35034.74964;5.616;6.238019076
"./build/Benchmark/dxexmachina_phold opdevs -c 6 -n 6 -s 4 -i 0 -r 90 -p 0.9 -t 1000000";"dxexmachina_phold";"opdevs";6;6;4;0;90;90.0;1000000;174794292.0;0.0239;7303799171.0;215.884;107082.0;0.003;348.0;0.01;120805096723.0;3.571;103685512466.0;0.86;413400.0;0.012;71904789204.0;0.5952000000000001;5581950210.0;0.0462;33832.106925;5.616;6.023987406
"./build/Benchmark/dxexmachina_phold opdevs -c 6 -n 6 -s 4 -i 0 -r 90 -p 0.9 -t 1000000";"dxexmachina_phold";"opdevs";6;6;4;0;90;90.0;1000000;192466165.0;0.0262;7344436728.0;215.487;109827.0;0.003;305.0;0.009;121568702004.0;3.567;104199195761.0;0.86;413239.0;0.012;72175424717.0;0.5937;5733737446.0;0.0472;34083.0207;5.611;6.074606137
"./build/Benchmark/dxexmachina_phold opdevs -c 6 -n 6 -s 4 -i 0 -r 90 -p 0.9 -t 1000000";"dxexmachina_phold";"opdevs";6;6;4;0;90;90.0;1000000;179739994.0;0.0239;7507822899.0;216.954;107831.0;0.003;316.0;0.009;123570565102.0;3.571;105963257710.0;0.86;422573.0;0.012;73467502103.0;0.5945;5822795295.0;0.0471;34605.65926;5.607;6.172128982
