 "command";"executable";"simtype";"ncores";"nodes";"atomics/node";"iterations";"% remotes";"% priority";"end time" ;"branch-misses";"branch-misses (of all branches          (50.01%))";"branches";"branches (M/sec                    (50.00%))";"context-switches";"context-switches (K/sec)";"cpu-migrations";"cpu-migrations (K/sec)";"cycles";"cycles (GHz                      (50.01%))";"instructions";"instructions (insns per cycle)";"page-faults";"page-faults (K/sec)";"stalled-cycles-backend";"stalled-cycles-backend (backend  cycles idle     (50.03%))";"stalled-cycles-frontend";"stalled-cycles-frontend (frontend cycles idle     (50.03%))";"task-clock (msec)";"task-clock (CPUs utilized)";"time-elapsed (seconds)"
"./build/Benchmark/dxexmachina_phold cpdevs -c 6 -n 6 -s 4 -i 0 -r 10 -p 0.0 -t 1000000";"dxexmachina_phold";"cpdevs";6;6;4;0;10;0.0;1000000;121233576.0;0.0187;6483437912.0;467.557;1804.0;0.13;11.0;0.001;49709178929.0;3.585;33586744791.0;0.68;732.0;0.053;32959204422.0;0.6629999999999999;1597499206.0;0.0321;13866.63613;5.946;2.332166884
"./build/Benchmark/dxexmachina_phold cpdevs -c 6 -n 6 -s 4 -i 0 -r 10 -p 0.0 -t 1000000";"dxexmachina_phold";"cpdevs";6;6;4;0;10;0.0;1000000;124747301.0;0.019299999999999998;6467725169.0;466.391;1783.0;0.129;6.0;0.0;49811218030.0;3.592;33556683135.0;0.67;735.0;0.053;32869122419.0;0.6598999999999999;1674685862.0;0.0336;13867.590353;5.956;2.328516222
"./build/Benchmark/dxexmachina_phold cpdevs -c 6 -n 6 -s 4 -i 0 -r 10 -p 0.0 -t 1000000";"dxexmachina_phold";"cpdevs";6;6;4;0;10;0.0;1000000;111182088.0;0.0167;6648304674.0;470.408;1950.0;0.138;6.0;0.0;50792587350.0;3.594;34484825255.0;0.68;732.0;0.052;33725476744.0;0.664;1554143672.0;0.030600000000000002;14133.054274;5.961;2.370789145
"./build/Benchmark/dxexmachina_phold cpdevs -c 6 -n 6 -s 4 -i 0 -r 10 -p 0.0 -t 1000000";"dxexmachina_phold";"cpdevs";6;6;4;0;10;0.0;1000000;113573493.0;0.0171;6649251854.0;452.759;1996.0;0.136;6.0;0.0;52701764403.0;3.589;34418205323.0;0.65;734.0;0.05;35584800719.0;0.6751999999999999;1592008711.0;0.0302;14686.081597;5.953;2.466827145
"./build/Benchmark/dxexmachina_phold cpdevs -c 6 -n 6 -s 4 -i 0 -r 10 -p 0.0 -t 1000000";"dxexmachina_phold";"cpdevs";6;6;4;0;10;0.0;1000000;112387551.0;0.0172;6543759244.0;466.84;1755.0;0.125;9.0;0.001;50264742840.0;3.586;33939641165.0;0.68;735.0;0.052;33486900224.0;0.6662;1616230852.0;0.0322;14017.120207;5.948;2.356443547
"./build/Benchmark/dxexmachina_phold cpdevs -c 6 -n 6 -s 4 -i 0 -r 10 -p 0.0 -t 1000000";"dxexmachina_phold";"cpdevs";6;6;4;0;10;0.0;1000000;126347945.0;0.0182;6932979095.0;481.167;2116.0;0.147;9.0;0.001;51762847083.0;3.592;35833806110.0;0.69;735.0;0.051;33741870934.0;0.6518999999999999;1823363839.0;0.0352;14408.681767;5.923;2.432538746
"./build/Benchmark/dxexmachina_phold cpdevs -c 6 -n 6 -s 4 -i 0 -r 10 -p 0.0 -t 1000000";"dxexmachina_phold";"cpdevs";6;6;4;0;10;0.0;1000000;124737690.0;0.0189;6612135284.0;465.058;2210.0;0.155;6.0;0.0;50999091981.0;3.587;34283995991.0;0.67;733.0;0.052;33629744845.0;0.6594;1802909538.0;0.0354;14217.883922;5.936;2.395112441
"./build/Benchmark/dxexmachina_phold cpdevs -c 6 -n 6 -s 4 -i 0 -r 10 -p 0.0 -t 1000000";"dxexmachina_phold";"cpdevs";6;6;4;0;10;0.0;1000000;135437242.0;0.0207;6556219028.0;462.079;1916.0;0.135;6.0;0.0;50946760159.0;3.591;34143477798.0;0.67;733.0;0.052;33512338093.0;0.6578;1806790876.0;0.0355;14188.51318;5.955;2.382450088
"./build/Benchmark/dxexmachina_phold cpdevs -c 6 -n 6 -s 4 -i 0 -r 10 -p 0.0 -t 1000000";"dxexmachina_phold";"cpdevs";6;6;4;0;10;0.0;1000000;121404702.0;0.0184;6600112371.0;471.914;1981.0;0.142;8.0;0.001;50186179046.0;3.588;34124171736.0;0.68;735.0;0.053;33077285722.0;0.6591;1748229452.0;0.0348;13985.831636;5.948;2.351359297
"./build/Benchmark/dxexmachina_phold cpdevs -c 6 -n 6 -s 4 -i 0 -r 10 -p 0.0 -t 1000000";"dxexmachina_phold";"cpdevs";6;6;4;0;10;0.0;1000000;120687761.0;0.0181;6674892862.0;469.324;1878.0;0.132;8.0;0.001;51037597669.0;3.589;34708851917.0;0.68;733.0;0.052;33698230534.0;0.6603;1744796055.0;0.0342;14222.358972;5.945;2.392327072
"./build/Benchmark/dxexmachina_phold cpdevs -c 6 -n 6 -s 4 -i 0 -r 10 -p 0.0 -t 1000000";"dxexmachina_phold";"cpdevs";6;6;4;0;10;0.0;1000000;125256276.0;0.0189;6631621484.0;470.098;1884.0;0.134;6.0;0.0;50684080675.0;3.593;34280544144.0;0.68;740.0;0.052;33356423405.0;0.6581;1751328252.0;0.0346;14106.879251;5.947;2.372248528
"./build/Benchmark/dxexmachina_phold cpdevs -c 6 -n 6 -s 4 -i 0 -r 10 -p 0.0 -t 1000000";"dxexmachina_phold";"cpdevs";6;6;4;0;10;0.0;1000000;115366236.0;0.0173;6649518974.0;474.502;1767.0;0.126;9.0;0.001;50306608563.0;3.59;34375951141.0;0.68;737.0;0.053;33244648404.0;0.6607999999999999;1646882785.0;0.0327;14013.689958;5.952;2.354496832
"./build/Benchmark/dxexmachina_phold cpdevs -c 6 -n 6 -s 4 -i 0 -r 10 -p 0.0 -t 1000000";"dxexmachina_phold";"cpdevs";6;6;4;0;10;0.0;1000000;134817486.0;0.021;6409239151.0;457.495;1811.0;0.129;7.0;0.0;50236075081.0;3.586;33307683399.0;0.66;736.0;0.053;33222299480.0;0.6613;1800442180.0;0.0358;14009.433854;5.949;2.354803296
"./build/Benchmark/dxexmachina_phold cpdevs -c 6 -n 6 -s 4 -i 0 -r 10 -p 0.0 -t 1000000";"dxexmachina_phold";"cpdevs";6;6;4;0;10;0.0;1000000;131293625.0;0.0204;6438485907.0;460.287;1842.0;0.132;7.0;0.001;50253214466.0;3.593;33497994835.0;0.67;735.0;0.053;33203664654.0;0.6607;1741253166.0;0.0346;13987.978475;5.959;2.347361859
"./build/Benchmark/dxexmachina_phold cpdevs -c 6 -n 6 -s 4 -i 0 -r 10 -p 0.0 -t 1000000";"dxexmachina_phold";"cpdevs";6;6;4;0;10;0.0;1000000;114525670.0;0.017;6753319413.0;475.956;1982.0;0.14;8.0;0.001;50898941405.0;3.587;34980814226.0;0.69;737.0;0.052;33521505191.0;0.6586;1667084555.0;0.032799999999999996;14188.957057;5.939;2.38897722
"./build/Benchmark/dxexmachina_phold cpdevs -c 6 -n 6 -s 4 -i 0 -r 20 -p 0.0 -t 1000000";"dxexmachina_phold";"cpdevs";6;6;4;0;20;0.0;1000000;122737193.0;0.0194;6313393131.0;458.7;1783.0;0.13;9.0;0.001;49409981418.0;3.59;32752125597.0;0.66;739.0;0.054;32918623520.0;0.6662;1625305385.0;0.0329;13763.667898;5.96;2.309451383
"./build/Benchmark/dxexmachina_phold cpdevs -c 6 -n 6 -s 4 -i 0 -r 20 -p 0.0 -t 1000000";"dxexmachina_phold";"cpdevs";6;6;4;0;20;0.0;1000000;132875880.0;0.0209;6354945867.0;453.984;1787.0;0.128;5.0;0.0;50216134061.0;3.587;32922765442.0;0.66;739.0;0.053;33394319770.0;0.665;1784768174.0;0.0355;13998.183562;5.952;2.351724947
"./build/Benchmark/dxexmachina_phold cpdevs -c 6 -n 6 -s 4 -i 0 -r 20 -p 0.0 -t 1000000";"dxexmachina_phold";"cpdevs";6;6;4;0;20;0.0;1000000;118154573.0;0.018500000000000003;6380901941.0;457.332;1853.0;0.133;7.0;0.001;50017718503.0;3.585;33059823916.0;0.66;740.0;0.053;33447955077.0;0.6687000000000001;1659565645.0;0.0332;13952.461916;5.951;2.344673
"./build/Benchmark/dxexmachina_phold cpdevs -c 6 -n 6 -s 4 -i 0 -r 20 -p 0.0 -t 1000000";"dxexmachina_phold";"cpdevs";6;6;4;0;20;0.0;1000000;113294590.0;0.0177;6400258536.0;458.769;1855.0;0.133;6.0;0.0;50070495255.0;3.589;33208058397.0;0.66;738.0;0.053;33440343495.0;0.6679;1606556897.0;0.0321;13950.951006;5.952;2.343959384
"./build/Benchmark/dxexmachina_phold cpdevs -c 6 -n 6 -s 4 -i 0 -r 20 -p 0.0 -t 1000000";"dxexmachina_phold";"cpdevs";6;6;4;0;20;0.0;1000000;123032604.0;0.0192;6417469703.0;456.679;1774.0;0.126;9.0;0.001;50467672419.0;3.591;33070611534.0;0.66;738.0;0.053;33746634495.0;0.6687000000000001;1718995855.0;0.0341;14052.476916;5.963;2.356563853
"./build/Benchmark/dxexmachina_phold cpdevs -c 6 -n 6 -s 4 -i 0 -r 20 -p 0.0 -t 1000000";"dxexmachina_phold";"cpdevs";6;6;4;0;20;0.0;1000000;116045896.0;0.017;6812727483.0;477.694;2222.0;0.156;9.0;0.001;51149583132.0;3.587;34988214654.0;0.68;745.0;0.052;33803992440.0;0.6609;1660593356.0;0.0325;14261.690032;5.93;2.404988244
"./build/Benchmark/dxexmachina_phold cpdevs -c 6 -n 6 -s 4 -i 0 -r 20 -p 0.0 -t 1000000";"dxexmachina_phold";"cpdevs";6;6;4;0;20;0.0;1000000;122039609.0;0.0191;6400634189.0;461.159;1886.0;0.136;7.0;0.001;49783672604.0;3.587;33241372955.0;0.67;739.0;0.053;33001464660.0;0.6629;1712415815.0;0.0344;13879.447987;5.946;2.334208204
"./build/Benchmark/dxexmachina_phold cpdevs -c 6 -n 6 -s 4 -i 0 -r 20 -p 0.0 -t 1000000";"dxexmachina_phold";"cpdevs";6;6;4;0;20;0.0;1000000;118649939.0;0.0181;6546106993.0;463.835;1883.0;0.133;6.0;0.0;50688663730.0;3.592;33942198590.0;0.67;741.0;0.053;33618423546.0;0.6631999999999999;1679924094.0;0.0331;14113.012476;5.952;2.370974256
"./build/Benchmark/dxexmachina_phold cpdevs -c 6 -n 6 -s 4 -i 0 -r 20 -p 0.0 -t 1000000";"dxexmachina_phold";"cpdevs";6;6;4;0;20;0.0;1000000;115139056.0;0.017;6771306720.0;471.872;2122.0;0.148;7.0;0.0;51422707549.0;3.583;34930127916.0;0.68;739.0;0.051;34128698377.0;0.6637000000000001;1673346182.0;0.0325;14349.887302;5.94;2.415952251
"./build/Benchmark/dxexmachina_phold cpdevs -c 6 -n 6 -s 4 -i 0 -r 20 -p 0.0 -t 1000000";"dxexmachina_phold";"cpdevs";6;6;4;0;20;0.0;1000000;126629100.0;0.0196;6468553529.0;457.432;1824.0;0.129;6.0;0.0;50784090828.0;3.591;33503316982.0;0.66;739.0;0.052;33859655225.0;0.6667000000000001;1682747257.0;0.0331;14141.022781;5.955;2.374770585
"./build/Benchmark/dxexmachina_phold cpdevs -c 6 -n 6 -s 4 -i 0 -r 20 -p 0.0 -t 1000000";"dxexmachina_phold";"cpdevs";6;6;4;0;20;0.0;1000000;135725970.0;0.021;6478333675.0;460.635;1861.0;0.132;8.0;0.001;50477658342.0;3.589;33376423832.0;0.66;740.0;0.053;33387285543.0;0.6614;1876877111.0;0.037200000000000004;14063.914179;5.954;2.362266129
"./build/Benchmark/dxexmachina_phold cpdevs -c 6 -n 6 -s 4 -i 0 -r 20 -p 0.0 -t 1000000";"dxexmachina_phold";"cpdevs";6;6;4;0;20;0.0;1000000;114884231.0;0.0175;6547669432.0;462.44;1827.0;0.129;6.0;0.0;50818804383.0;3.589;34028164348.0;0.67;738.0;0.052;33877775195.0;0.6666;1622967627.0;0.0319;14158.972445;5.953;2.378267562
"./build/Benchmark/dxexmachina_phold cpdevs -c 6 -n 6 -s 4 -i 0 -r 20 -p 0.0 -t 1000000";"dxexmachina_phold";"cpdevs";6;6;4;0;20;0.0;1000000;108867945.0;0.0167;6535058409.0;460.618;1764.0;0.124;9.0;0.001;50994332227.0;3.594;33886000718.0;0.66;740.0;0.052;34219398027.0;0.6709999999999999;1534069462.0;0.0301;14187.590325;5.956;2.382220479
"./build/Benchmark/dxexmachina_phold cpdevs -c 6 -n 6 -s 4 -i 0 -r 20 -p 0.0 -t 1000000";"dxexmachina_phold";"cpdevs";6;6;4;0;20;0.0;1000000;116994718.0;0.0182;6426028841.0;454.363;1902.0;0.134;9.0;0.001;50701836632.0;3.585;33209812287.0;0.66;737.0;0.052;34111916352.0;0.6728000000000001;1664095615.0;0.032799999999999996;14142.94635;5.948;2.377938273
"./build/Benchmark/dxexmachina_phold cpdevs -c 6 -n 6 -s 4 -i 0 -r 20 -p 0.0 -t 1000000";"dxexmachina_phold";"cpdevs";6;6;4;0;20;0.0;1000000;120296027.0;0.018500000000000003;6507529743.0;463.127;1887.0;0.134;9.0;0.001;50461914795.0;3.591;33478777110.0;0.66;738.0;0.053;33626592714.0;0.6664;1712187543.0;0.0339;14051.273753;5.964;2.356140197
"./build/Benchmark/dxexmachina_phold cpdevs -c 6 -n 6 -s 4 -i 0 -r 30 -p 0.0 -t 1000000";"dxexmachina_phold";"cpdevs";6;6;4;0;30;0.0;1000000;124148278.0;0.019;6542296966.0;462.306;1880.0;0.133;10.0;0.001;50751086808.0;3.586;33913995217.0;0.67;737.0;0.052;33674128159.0;0.6635;1745557148.0;0.0344;14151.446958;5.95;2.378316263
"./build/Benchmark/dxexmachina_phold cpdevs -c 6 -n 6 -s 4 -i 0 -r 30 -p 0.0 -t 1000000";"dxexmachina_phold";"cpdevs";6;6;4;0;30;0.0;1000000;120428864.0;0.0184;6528595895.0;454.828;1856.0;0.129;7.0;0.0;51547724261.0;3.591;33799283685.0;0.66;738.0;0.051;34668820211.0;0.6726000000000001;1614611227.0;0.0313;14353.993587;5.966;2.405882792
"./build/Benchmark/dxexmachina_phold cpdevs -c 6 -n 6 -s 4 -i 0 -r 30 -p 0.0 -t 1000000";"dxexmachina_phold";"cpdevs";6;6;4;0;30;0.0;1000000;118086212.0;0.0179;6583707104.0;462.093;1939.0;0.136;6.0;0.0;51184460800.0;3.592;34032987943.0;0.66;739.0;0.052;34101006969.0;0.6662;1691849833.0;0.0331;14247.589386;5.96;2.390382357
"./build/Benchmark/dxexmachina_phold cpdevs -c 6 -n 6 -s 4 -i 0 -r 30 -p 0.0 -t 1000000";"dxexmachina_phold";"cpdevs";6;6;4;0;30;0.0;1000000;121547777.0;0.018799999999999997;6475311805.0;458.646;1916.0;0.136;9.0;0.001;50624776801.0;3.586;33493556951.0;0.66;740.0;0.052;33736020198.0;0.6664;1733524868.0;0.0342;14118.306581;5.951;2.372324665
"./build/Benchmark/dxexmachina_phold cpdevs -c 6 -n 6 -s 4 -i 0 -r 30 -p 0.0 -t 1000000";"dxexmachina_phold";"cpdevs";6;6;4;0;30;0.0;1000000;119571319.0;0.018500000000000003;6467425875.0;464.998;1923.0;0.138;6.0;0.0;49981297055.0;3.594;33528281199.0;0.67;739.0;0.053;33200107333.0;0.6643000000000001;1595631384.0;0.0319;13908.508423;5.958;2.334319433
"./build/Benchmark/dxexmachina_phold cpdevs -c 6 -n 6 -s 4 -i 0 -r 30 -p 0.0 -t 1000000";"dxexmachina_phold";"cpdevs";6;6;4;0;30;0.0;1000000;133009189.0;0.0204;6506554153.0;441.48;2039.0;0.138;9.0;0.001;52908274163.0;3.59;33684262763.0;0.64;739.0;0.05;35724510423.0;0.6751999999999999;1767541400.0;0.0334;14738.046651;5.959;2.473075478
"./build/Benchmark/dxexmachina_phold cpdevs -c 6 -n 6 -s 4 -i 0 -r 30 -p 0.0 -t 1000000";"dxexmachina_phold";"cpdevs";6;6;4;0;30;0.0;1000000;112705283.0;0.0171;6583583557.0;463.794;1907.0;0.134;6.0;0.0;50877199943.0;3.584;33993371167.0;0.67;739.0;0.052;34055755076.0;0.6694;1582462544.0;0.0311;14195.054857;5.949;2.386111436
"./build/Benchmark/dxexmachina_phold cpdevs -c 6 -n 6 -s 4 -i 0 -r 30 -p 0.0 -t 1000000";"dxexmachina_phold";"cpdevs";6;6;4;0;30;0.0;1000000;127327160.0;0.0155;8198695161.0;519.446;3165.0;0.201;7.0;0.0;56713949898.0;3.593;42097707541.0;0.74;741.0;0.047;36280123882.0;0.6396999999999999;1804955117.0;0.0318;15783.52524;5.85;2.698017487
"./build/Benchmark/dxexmachina_phold cpdevs -c 6 -n 6 -s 4 -i 0 -r 30 -p 0.0 -t 1000000";"dxexmachina_phold";"cpdevs";6;6;4;0;30;0.0;1000000;121199921.0;0.0182;6654026169.0;464.145;1997.0;0.139;10.0;0.001;51411738069.0;3.586;34444362495.0;0.67;740.0;0.052;34181986860.0;0.6648999999999999;1697923882.0;0.033;14336.079811;5.949;2.409838348
"./build/Benchmark/dxexmachina_phold cpdevs -c 6 -n 6 -s 4 -i 0 -r 30 -p 0.0 -t 1000000";"dxexmachina_phold";"cpdevs";6;6;4;0;30;0.0;1000000;122141972.0;0.0187;6518642703.0;461.728;1881.0;0.133;6.0;0.0;50642810899.0;3.587;33786954838.0;0.67;741.0;0.052;33767086128.0;0.6668000000000001;1629893678.0;0.0322;14117.929028;5.945;2.37472135
"./build/Benchmark/dxexmachina_phold cpdevs -c 6 -n 6 -s 4 -i 0 -r 30 -p 0.0 -t 1000000";"dxexmachina_phold";"cpdevs";6;6;4;0;30;0.0;1000000;116025945.0;0.0175;6626458395.0;464.17;2005.0;0.14;8.0;0.001;51242011649.0;3.589;34124002271.0;0.67;738.0;0.052;34294739216.0;0.6693000000000001;1662567749.0;0.032400000000000005;14275.942102;5.955;2.397219524
"./build/Benchmark/dxexmachina_phold cpdevs -c 6 -n 6 -s 4 -i 0 -r 30 -p 0.0 -t 1000000";"dxexmachina_phold";"cpdevs";6;6;4;0;30;0.0;1000000;138418936.0;0.0212;6529477273.0;454.575;1802.0;0.125;9.0;0.001;51556360669.0;3.589;33994034604.0;0.66;740.0;0.052;34171307893.0;0.6628000000000001;1858997778.0;0.0361;14363.929163;5.956;2.41150807
"./build/Benchmark/dxexmachina_phold cpdevs -c 6 -n 6 -s 4 -i 0 -r 30 -p 0.0 -t 1000000";"dxexmachina_phold";"cpdevs";6;6;4;0;30;0.0;1000000;117762160.0;0.018000000000000002;6526977747.0;466.935;1833.0;0.131;8.0;0.001;50103571120.0;3.584;33795259736.0;0.67;738.0;0.053;33234977438.0;0.6633;1688627380.0;0.0337;13978.337427;5.952;2.348662268
"./build/Benchmark/dxexmachina_phold cpdevs -c 6 -n 6 -s 4 -i 0 -r 30 -p 0.0 -t 1000000";"dxexmachina_phold";"cpdevs";6;6;4;0;30;0.0;1000000;113490950.0;0.0173;6544814144.0;463.764;1878.0;0.133;7.0;0.0;50640513867.0;3.588;33864974703.0;0.67;740.0;0.052;33773942475.0;0.6668999999999999;1639111887.0;0.032400000000000005;14112.380865;5.952;2.370858321
"./build/Benchmark/dxexmachina_phold cpdevs -c 6 -n 6 -s 4 -i 0 -r 30 -p 0.0 -t 1000000";"dxexmachina_phold";"cpdevs";6;6;4;0;30;0.0;1000000;116857653.0;0.0179;6532451669.0;460.34;1854.0;0.131;7.0;0.0;50985353999.0;3.593;33758631083.0;0.66;738.0;0.052;34065960696.0;0.6681999999999999;1703265860.0;0.0334;14190.504014;5.964;2.379163994
"./build/Benchmark/dxexmachina_phold cpdevs -c 6 -n 6 -s 4 -i 0 -r 40 -p 0.0 -t 1000000";"dxexmachina_phold";"cpdevs";6;6;4;0;40;0.0;1000000;118929489.0;0.0181;6588060801.0;462.179;1819.0;0.128;8.0;0.001;51115212445.0;3.586;34072504736.0;0.67;743.0;0.052;34066978514.0;0.6665000000000001;1710215054.0;0.0335;14254.340756;5.95;2.395804564
"./build/Benchmark/dxexmachina_phold cpdevs -c 6 -n 6 -s 4 -i 0 -r 40 -p 0.0 -t 1000000";"dxexmachina_phold";"cpdevs";6;6;4;0;40;0.0;1000000;125435830.0;0.0189;6640975636.0;461.769;1950.0;0.136;7.0;0.0;51679427739.0;3.593;34465650804.0;0.67;739.0;0.051;34308311584.0;0.6639;1683774618.0;0.0326;14381.595641;5.963;2.411802705
"./build/Benchmark/dxexmachina_phold cpdevs -c 6 -n 6 -s 4 -i 0 -r 40 -p 0.0 -t 1000000";"dxexmachina_phold";"cpdevs";6;6;4;0;40;0.0;1000000;122299164.0;0.018500000000000003;6622475411.0;462.118;1858.0;0.13;7.0;0.0;51494226686.0;3.593;34326401559.0;0.67;737.0;0.051;34285088982.0;0.6658;1694432982.0;0.0329;14330.703044;5.957;2.405842802
"./build/Benchmark/dxexmachina_phold cpdevs -c 6 -n 6 -s 4 -i 0 -r 40 -p 0.0 -t 1000000";"dxexmachina_phold";"cpdevs";6;6;4;0;40;0.0;1000000;124057296.0;0.0183;6777179456.0;448.689;2160.0;0.143;6.0;0.0;54199732593.0;3.588;35009878157.0;0.65;739.0;0.049;36721494581.0;0.6775;1661760639.0;0.030699999999999998;15104.399372;5.946;2.540151285
"./build/Benchmark/dxexmachina_phold cpdevs -c 6 -n 6 -s 4 -i 0 -r 40 -p 0.0 -t 1000000";"dxexmachina_phold";"cpdevs";6;6;4;0;40;0.0;1000000;121632598.0;0.0187;6514944432.0;456.09;1941.0;0.136;7.0;0.0;51294216092.0;3.591;33718554774.0;0.66;741.0;0.052;34335629979.0;0.6694;1726753097.0;0.0337;14284.353255;5.958;2.397690595
"./build/Benchmark/dxexmachina_phold cpdevs -c 6 -n 6 -s 4 -i 0 -r 40 -p 0.0 -t 1000000";"dxexmachina_phold";"cpdevs";6;6;4;0;40;0.0;1000000;118776700.0;0.0175;6776850638.0;464.801;1949.0;0.134;11.0;0.001;52389054230.0;3.593;34935000178.0;0.67;739.0;0.051;34956191010.0;0.6672;1697982550.0;0.032400000000000005;14580.109692;5.958;2.446971764
"./build/Benchmark/dxexmachina_phold cpdevs -c 6 -n 6 -s 4 -i 0 -r 40 -p 0.0 -t 1000000";"dxexmachina_phold";"cpdevs";6;6;4;0;40;0.0;1000000;141318932.0;0.0217;6520524145.0;460.764;1906.0;0.135;9.0;0.001;50765119465.0;3.587;33697620176.0;0.66;738.0;0.052;33542647309.0;0.6607;1871063717.0;0.0369;14151.563571;5.951;2.378100633
"./build/Benchmark/dxexmachina_phold cpdevs -c 6 -n 6 -s 4 -i 0 -r 40 -p 0.0 -t 1000000";"dxexmachina_phold";"cpdevs";6;6;4;0;40;0.0;1000000;121753074.0;0.0179;6802893041.0;465.865;1982.0;0.136;8.0;0.001;52353669103.0;3.585;35311677142.0;0.67;740.0;0.051;34673290013.0;0.6623;1716801110.0;0.032799999999999996;14602.712153;5.945;2.456193436
"./build/Benchmark/dxexmachina_phold cpdevs -c 6 -n 6 -s 4 -i 0 -r 40 -p 0.0 -t 1000000";"dxexmachina_phold";"cpdevs";6;6;4;0;40;0.0;1000000;115393684.0;0.0169;6822341404.0;475.509;2043.0;0.142;7.0;0.0;51490365263.0;3.589;35143699166.0;0.68;740.0;0.052;34151602152.0;0.6633;1595218701.0;0.031;14347.437172;5.943;2.414184426
"./build/Benchmark/dxexmachina_phold cpdevs -c 6 -n 6 -s 4 -i 0 -r 40 -p 0.0 -t 1000000";"dxexmachina_phold";"cpdevs";6;6;4;0;40;0.0;1000000;123186294.0;0.018600000000000002;6624125433.0;463.974;2031.0;0.142;10.0;0.001;51252643951.0;3.59;34205045691.0;0.67;738.0;0.052;34049405016.0;0.6643000000000001;1725886375.0;0.0337;14276.93672;5.948;2.400140081
"./build/Benchmark/dxexmachina_phold cpdevs -c 6 -n 6 -s 4 -i 0 -r 40 -p 0.0 -t 1000000";"dxexmachina_phold";"cpdevs";6;6;4;0;40;0.0;1000000;119885483.0;0.014199999999999999;8426628200.0;531.064;2460.0;0.155;12.0;0.001;56913041688.0;3.587;42672152660.0;0.75;742.0;0.047;36334462943.0;0.6384000000000001;1691989962.0;0.0297;15867.431327;5.828;2.722653145
"./build/Benchmark/dxexmachina_phold cpdevs -c 6 -n 6 -s 4 -i 0 -r 40 -p 0.0 -t 1000000";"dxexmachina_phold";"cpdevs";6;6;4;0;40;0.0;1000000;123448361.0;0.018000000000000002;6869605787.0;465.772;2084.0;0.141;6.0;0.0;53007442770.0;3.594;35604347513.0;0.67;743.0;0.05;35160894821.0;0.6633;1716290297.0;0.032400000000000005;14748.856796;5.945;2.480698699
"./build/Benchmark/dxexmachina_phold cpdevs -c 6 -n 6 -s 4 -i 0 -r 40 -p 0.0 -t 1000000";"dxexmachina_phold";"cpdevs";6;6;4;0;40;0.0;1000000;127888504.0;0.019299999999999998;6620714817.0;458.268;1960.0;0.136;10.0;0.001;51900516741.0;3.592;34298069331.0;0.66;740.0;0.051;34623606720.0;0.6670999999999999;1704296470.0;0.032799999999999996;14447.263935;5.963;2.422626386
"./build/Benchmark/dxexmachina_phold cpdevs -c 6 -n 6 -s 4 -i 0 -r 40 -p 0.0 -t 1000000";"dxexmachina_phold";"cpdevs";6;6;4;0;40;0.0;1000000;122192853.0;0.018600000000000002;6585372958.0;460.687;1950.0;0.136;8.0;0.001;51339117702.0;3.591;34021956144.0;0.66;738.0;0.052;34264012117.0;0.6674;1710219896.0;0.0333;14294.669613;5.951;2.401994612
"./build/Benchmark/dxexmachina_phold cpdevs -c 6 -n 6 -s 4 -i 0 -r 40 -p 0.0 -t 1000000";"dxexmachina_phold";"cpdevs";6;6;4;0;40;0.0;1000000;122600329.0;0.0183;6711475515.0;465.202;1926.0;0.133;8.0;0.001;51772102386.0;3.589;34934125395.0;0.67;739.0;0.051;34240444809.0;0.6614;1710012788.0;0.033;14427.022605;5.963;2.419471871
"./build/Benchmark/dxexmachina_phold cpdevs -c 6 -n 6 -s 4 -i 0 -r 50 -p 0.0 -t 1000000";"dxexmachina_phold";"cpdevs";6;6;4;0;50;0.0;1000000;126428914.0;0.019299999999999998;6559767472.0;461.784;1782.0;0.125;9.0;0.001;51035247446.0;3.593;34038286560.0;0.67;739.0;0.052;33851818757.0;0.6633;1715768542.0;0.0336;14205.264942;5.959;2.383957093
"./build/Benchmark/dxexmachina_phold cpdevs -c 6 -n 6 -s 4 -i 0 -r 50 -p 0.0 -t 1000000";"dxexmachina_phold";"cpdevs";6;6;4;0;50;0.0;1000000;117773466.0;0.0171;6874353512.0;460.085;2054.0;0.137;7.0;0.0;53600338461.0;3.587;35508114868.0;0.66;744.0;0.05;35956698793.0;0.6708;1685168513.0;0.031400000000000004;14941.48182;5.963;2.505893203
"./build/Benchmark/dxexmachina_phold cpdevs -c 6 -n 6 -s 4 -i 0 -r 50 -p 0.0 -t 1000000";"dxexmachina_phold";"cpdevs";6;6;4;0;50;0.0;1000000;123335208.0;0.0187;6608421344.0;463.495;1922.0;0.135;6.0;0.0;51156442229.0;3.588;34255579817.0;0.67;737.0;0.052;33922675568.0;0.6631;1746570014.0;0.0341;14257.820118;5.961;2.391801147
"./build/Benchmark/dxexmachina_phold cpdevs -c 6 -n 6 -s 4 -i 0 -r 50 -p 0.0 -t 1000000";"dxexmachina_phold";"cpdevs";6;6;4;0;50;0.0;1000000;124701871.0;0.0187;6683687734.0;463.92;1848.0;0.128;9.0;0.001;51712498263.0;3.589;34453301848.0;0.67;738.0;0.051;34404092955.0;0.6653;1775190050.0;0.034300000000000004;14406.987565;5.955;2.419500152
"./build/Benchmark/dxexmachina_phold cpdevs -c 6 -n 6 -s 4 -i 0 -r 50 -p 0.0 -t 1000000";"dxexmachina_phold";"cpdevs";6;6;4;0;50;0.0;1000000;116239636.0;0.0174;6677901028.0;463.415;1996.0;0.139;10.0;0.001;51745711650.0;3.591;34476629252.0;0.67;738.0;0.051;34628691622.0;0.6692;1639174044.0;0.0317;14410.187143;5.963;2.416466566
"./build/Benchmark/dxexmachina_phold cpdevs -c 6 -n 6 -s 4 -i 0 -r 50 -p 0.0 -t 1000000";"dxexmachina_phold";"cpdevs";6;6;4;0;50;0.0;1000000;128655615.0;0.0195;6592064851.0;459.297;1952.0;0.136;7.0;0.0;51499195163.0;3.588;34099624287.0;0.66;739.0;0.051;34295474459.0;0.6659;1759896918.0;0.0342;14352.520219;5.966;2.405899171
"./build/Benchmark/dxexmachina_phold cpdevs -c 6 -n 6 -s 4 -i 0 -r 50 -p 0.0 -t 1000000";"dxexmachina_phold";"cpdevs";6;6;4;0;50;0.0;1000000;118585651.0;0.018000000000000002;6590788159.0;455.558;1905.0;0.132;7.0;0.0;51919238893.0;3.589;34175580362.0;0.66;737.0;0.051;34806721173.0;0.6704000000000001;1666075584.0;0.0321;14467.505848;5.953;2.430353329
"./build/Benchmark/dxexmachina_phold cpdevs -c 6 -n 6 -s 4 -i 0 -r 50 -p 0.0 -t 1000000";"dxexmachina_phold";"cpdevs";6;6;4;0;50;0.0;1000000;122663323.0;0.018000000000000002;6831152172.0;467.854;1962.0;0.134;10.0;0.001;52457291787.0;3.593;35501919472.0;0.68;738.0;0.051;34672329049.0;0.6609999999999999;1733496961.0;0.033;14601.035253;5.957;2.451206111
"./build/Benchmark/dxexmachina_phold cpdevs -c 6 -n 6 -s 4 -i 0 -r 50 -p 0.0 -t 1000000";"dxexmachina_phold";"cpdevs";6;6;4;0;50;0.0;1000000;155389606.0;0.0163;9552068059.0;544.863;3174.0;0.181;13.0;0.001;62878477883.0;3.587;48495057545.0;0.77;739.0;0.042;39330535994.0;0.6255;1959839521.0;0.031200000000000002;17531.133287;5.808;3.018593807
"./build/Benchmark/dxexmachina_phold cpdevs -c 6 -n 6 -s 4 -i 0 -r 50 -p 0.0 -t 1000000";"dxexmachina_phold";"cpdevs";6;6;4;0;50;0.0;1000000;143070503.0;0.0172;8317752972.0;528.348;2352.0;0.149;13.0;0.001;56582219316.0;3.594;42286359556.0;0.75;737.0;0.047;35701820255.0;0.631;1930697793.0;0.0341;15742.93724;5.844;2.693803552
"./build/Benchmark/dxexmachina_phold cpdevs -c 6 -n 6 -s 4 -i 0 -r 50 -p 0.0 -t 1000000";"dxexmachina_phold";"cpdevs";6;6;4;0;50;0.0;1000000;121714621.0;0.0158;7716144778.0;496.11;2343.0;0.151;10.0;0.001;55808567116.0;3.588;39633923540.0;0.71;741.0;0.048;36405698466.0;0.6523;1683458071.0;0.0302;15553.294763;5.887;2.641750977
"./build/Benchmark/dxexmachina_phold cpdevs -c 6 -n 6 -s 4 -i 0 -r 50 -p 0.0 -t 1000000";"dxexmachina_phold";"cpdevs";6;6;4;0;50;0.0;1000000;126872283.0;0.0194;6550690000.0;461.339;1890.0;0.133;8.0;0.001;50932413546.0;3.587;33972768191.0;0.67;740.0;0.052;33878558257.0;0.6652;1699021114.0;0.0334;14199.296317;5.954;2.385007587
"./build/Benchmark/dxexmachina_phold cpdevs -c 6 -n 6 -s 4 -i 0 -r 50 -p 0.0 -t 1000000";"dxexmachina_phold";"cpdevs";6;6;4;0;50;0.0;1000000;120939283.0;0.0182;6639070613.0;462.015;1886.0;0.131;8.0;0.001;51525976282.0;3.586;34369773553.0;0.67;738.0;0.051;34290323306.0;0.6655;1737070097.0;0.0337;14369.820405;5.951;2.414639908
"./build/Benchmark/dxexmachina_phold cpdevs -c 6 -n 6 -s 4 -i 0 -r 50 -p 0.0 -t 1000000";"dxexmachina_phold";"cpdevs";6;6;4;0;50;0.0;1000000;130553651.0;0.019799999999999998;6585604712.0;453.737;2002.0;0.138;7.0;0.0;52082014796.0;3.588;34183966231.0;0.66;738.0;0.051;34787423967.0;0.6679;1798273094.0;0.0345;14514.156307;5.953;2.437958133
"./build/Benchmark/dxexmachina_phold cpdevs -c 6 -n 6 -s 4 -i 0 -r 50 -p 0.0 -t 1000000";"dxexmachina_phold";"cpdevs";6;6;4;0;50;0.0;1000000;114221538.0;0.0167;6846084234.0;468.694;1993.0;0.136;11.0;0.001;52419738491.0;3.589;35447698105.0;0.68;745.0;0.051;34859431840.0;0.665;1644679243.0;0.031400000000000004;14606.727486;5.957;2.451884707
"./build/Benchmark/dxexmachina_phold cpdevs -c 6 -n 6 -s 4 -i 0 -r 60 -p 0.0 -t 1000000";"dxexmachina_phold";"cpdevs";6;6;4;0;60;0.0;1000000;118271507.0;0.0173;6827455223.0;464.666;2079.0;0.141;9.0;0.001;52717765926.0;3.588;35202113588.0;0.67;744.0;0.051;35159378062.0;0.6668999999999999;1709262953.0;0.032400000000000005;14693.237765;5.939;2.473824441
"./build/Benchmark/dxexmachina_phold cpdevs -c 6 -n 6 -s 4 -i 0 -r 60 -p 0.0 -t 1000000";"dxexmachina_phold";"cpdevs";6;6;4;0;60;0.0;1000000;124536050.0;0.0181;6884197734.0;461.223;1987.0;0.133;12.0;0.001;53638916424.0;3.594;35538580961.0;0.66;742.0;0.05;35773974709.0;0.6668999999999999;1771138865.0;0.033;14925.964534;5.953;2.507472911
"./build/Benchmark/dxexmachina_phold cpdevs -c 6 -n 6 -s 4 -i 0 -r 60 -p 0.0 -t 1000000";"dxexmachina_phold";"cpdevs";6;6;4;0;60;0.0;1000000;127428078.0;0.0192;6633722276.0;461.866;1859.0;0.129;8.0;0.001;51561409238.0;3.59;34358413007.0;0.67;744.0;0.052;34157709319.0;0.6625;1779406449.0;0.0345;14362.873759;5.958;2.410871484
"./build/Benchmark/dxexmachina_phold cpdevs -c 6 -n 6 -s 4 -i 0 -r 60 -p 0.0 -t 1000000";"dxexmachina_phold";"cpdevs";6;6;4;0;60;0.0;1000000;123944049.0;0.0187;6618411010.0;464.362;1958.0;0.137;11.0;0.001;51143156725.0;3.588;34170100758.0;0.67;743.0;0.052;33924662759.0;0.6633;1774114919.0;0.0347;14252.692834;5.952;2.394502126
"./build/Benchmark/dxexmachina_phold cpdevs -c 6 -n 6 -s 4 -i 0 -r 60 -p 0.0 -t 1000000";"dxexmachina_phold";"cpdevs";6;6;4;0;60;0.0;1000000;123116609.0;0.018600000000000002;6604802906.0;459.539;1949.0;0.136;8.0;0.001;51607776845.0;3.591;34216254391.0;0.66;745.0;0.052;34370490918.0;0.6659999999999999;1749355615.0;0.0339;14372.671532;5.954;2.414120505
"./build/Benchmark/dxexmachina_phold cpdevs -c 6 -n 6 -s 4 -i 0 -r 60 -p 0.0 -t 1000000";"dxexmachina_phold";"cpdevs";6;6;4;0;60;0.0;1000000;132206892.0;0.019299999999999998;6853448658.0;465.896;1978.0;0.134;6.0;0.0;52843859187.0;3.592;35191496328.0;0.67;743.0;0.051;35057810811.0;0.6634;1816523012.0;0.0344;14710.264674;5.96;2.468221284
"./build/Benchmark/dxexmachina_phold cpdevs -c 6 -n 6 -s 4 -i 0 -r 60 -p 0.0 -t 1000000";"dxexmachina_phold";"cpdevs";6;6;4;0;60;0.0;1000000;126921995.0;0.0187;6803905664.0;460.978;1986.0;0.135;6.0;0.0;52970859387.0;3.589;35206865688.0;0.66;743.0;0.05;35230694277.0;0.6651;1824946646.0;0.0345;14759.706452;5.954;2.47882493
"./build/Benchmark/dxexmachina_phold cpdevs -c 6 -n 6 -s 4 -i 0 -r 60 -p 0.0 -t 1000000";"dxexmachina_phold";"cpdevs";6;6;4;0;60;0.0;1000000;120399833.0;0.0179;6739717938.0;469.569;2047.0;0.143;8.0;0.001;51561613866.0;3.592;34639862918.0;0.67;748.0;0.052;34246421446.0;0.6642;1733488802.0;0.0336;14352.992043;5.961;2.407764366
"./build/Benchmark/dxexmachina_phold cpdevs -c 6 -n 6 -s 4 -i 0 -r 60 -p 0.0 -t 1000000";"dxexmachina_phold";"cpdevs";6;6;4;0;60;0.0;1000000;119271145.0;0.0171;6974361861.0;467.773;1982.0;0.133;8.0;0.001;53585271507.0;3.594;35968957685.0;0.67;747.0;0.05;35694228350.0;0.6661;1717733613.0;0.0321;14909.701643;5.956;2.503228961
"./build/Benchmark/dxexmachina_phold cpdevs -c 6 -n 6 -s 4 -i 0 -r 60 -p 0.0 -t 1000000";"dxexmachina_phold";"cpdevs";6;6;4;0;60;0.0;1000000;128856389.0;0.0189;6803868431.0;471.536;1958.0;0.136;6.0;0.0;51786223015.0;3.589;35203137104.0;0.68;743.0;0.051;34068500535.0;0.6579;1830807873.0;0.0354;14429.169373;5.948;2.426079418
"./build/Benchmark/dxexmachina_phold cpdevs -c 6 -n 6 -s 4 -i 0 -r 60 -p 0.0 -t 1000000";"dxexmachina_phold";"cpdevs";6;6;4;0;60;0.0;1000000;135182414.0;0.0184;7340909279.0;487.573;2337.0;0.155;6.0;0.0;54036356027.0;3.589;37582595564.0;0.7;743.0;0.049;35259870746.0;0.6525;1858367766.0;0.0344;15056.022595;5.911;2.54731769
"./build/Benchmark/dxexmachina_phold cpdevs -c 6 -n 6 -s 4 -i 0 -r 60 -p 0.0 -t 1000000";"dxexmachina_phold";"cpdevs";6;6;4;0;60;0.0;1000000;124059915.0;0.018600000000000002;6672431878.0;459.519;1958.0;0.135;8.0;0.001;52118062079.0;3.589;34474742078.0;0.66;744.0;0.051;34771720716.0;0.6672;1764223770.0;0.0339;14520.479745;5.951;2.440190771
"./build/Benchmark/dxexmachina_phold cpdevs -c 6 -n 6 -s 4 -i 0 -r 60 -p 0.0 -t 1000000";"dxexmachina_phold";"cpdevs";6;6;4;0;60;0.0;1000000;132835209.0;0.0204;6522036518.0;450.631;1992.0;0.138;9.0;0.001;51964169689.0;3.59;33782284817.0;0.65;743.0;0.051;34730591466.0;0.6684;1810375243.0;0.0348;14473.124142;5.952;2.431490416
"./build/Benchmark/dxexmachina_phold cpdevs -c 6 -n 6 -s 4 -i 0 -r 60 -p 0.0 -t 1000000";"dxexmachina_phold";"cpdevs";6;6;4;0;60;0.0;1000000;140878058.0;0.0217;6495329752.0;452.409;1976.0;0.138;9.0;0.001;51544558401.0;3.59;33751472611.0;0.65;743.0;0.052;34183570084.0;0.6631999999999999;1886385409.0;0.0366;14357.203465;5.96;2.40900716
"./build/Benchmark/dxexmachina_phold cpdevs -c 6 -n 6 -s 4 -i 0 -r 60 -p 0.0 -t 1000000";"dxexmachina_phold";"cpdevs";6;6;4;0;60;0.0;1000000;122410692.0;0.0177;6930710664.0;466.787;2038.0;0.137;8.0;0.001;53362380497.0;3.594;35757593923.0;0.67;743.0;0.05;35493984595.0;0.6651;1748230964.0;0.032799999999999996;14847.681186;5.963;2.490141582
"./build/Benchmark/dxexmachina_phold cpdevs -c 6 -n 6 -s 4 -i 0 -r 70 -p 0.0 -t 1000000";"dxexmachina_phold";"cpdevs";6;6;4;0;70;0.0;1000000;128302254.0;0.0192;6666457597.0;464.64;1971.0;0.137;5.0;0.0;51421940026.0;3.584;34411370650.0;0.67;737.0;0.051;34167127660.0;0.6644;1711051228.0;0.0333;14347.571466;5.949;2.411730173
"./build/Benchmark/dxexmachina_phold cpdevs -c 6 -n 6 -s 4 -i 0 -r 70 -p 0.0 -t 1000000";"dxexmachina_phold";"cpdevs";6;6;4;0;70;0.0;1000000;122447271.0;0.0183;6688738625.0;462.765;1925.0;0.133;7.0;0.0;51913631774.0;3.592;34511583253.0;0.66;737.0;0.051;34552623861.0;0.6656;1737917671.0;0.0335;14453.850704;5.959;2.425687717
"./build/Benchmark/dxexmachina_phold cpdevs -c 6 -n 6 -s 4 -i 0 -r 70 -p 0.0 -t 1000000";"dxexmachina_phold";"cpdevs";6;6;4;0;70;0.0;1000000;138894706.0;0.021;6599607488.0;457.419;1878.0;0.13;8.0;0.001;51739686617.0;3.586;34038758692.0;0.66;740.0;0.051;34283317662.0;0.6626000000000001;1882491558.0;0.0364;14427.912294;5.949;2.425290748
"./build/Benchmark/dxexmachina_phold cpdevs -c 6 -n 6 -s 4 -i 0 -r 70 -p 0.0 -t 1000000";"dxexmachina_phold";"cpdevs";6;6;4;0;70;0.0;1000000;129200720.0;0.0197;6551509039.0;455.94;1842.0;0.128;8.0;0.001;51509709455.0;3.585;33879731624.0;0.66;743.0;0.052;34370569207.0;0.6673;1737833859.0;0.0337;14369.240291;5.951;2.414793316
"./build/Benchmark/dxexmachina_phold cpdevs -c 6 -n 6 -s 4 -i 0 -r 70 -p 0.0 -t 1000000";"dxexmachina_phold";"cpdevs";6;6;4;0;70;0.0;1000000;115513658.0;0.0172;6734132497.0;463.491;1954.0;0.134;10.0;0.001;52187013409.0;3.592;34902611378.0;0.67;743.0;0.051;34846676017.0;0.6677;1643515645.0;0.0315;14529.144958;5.958;2.438399103
"./build/Benchmark/dxexmachina_phold cpdevs -c 6 -n 6 -s 4 -i 0 -r 70 -p 0.0 -t 1000000";"dxexmachina_phold";"cpdevs";6;6;4;0;70;0.0;1000000;129500650.0;0.019799999999999998;6538071434.0;460.294;1903.0;0.134;8.0;0.001;50910541936.0;3.584;33777313860.0;0.66;740.0;0.052;33900010335.0;0.6659;1727855285.0;0.0339;14204.135793;5.951;2.386848239
"./build/Benchmark/dxexmachina_phold cpdevs -c 6 -n 6 -s 4 -i 0 -r 70 -p 0.0 -t 1000000";"dxexmachina_phold";"cpdevs";6;6;4;0;70;0.0;1000000;127642431.0;0.018799999999999997;6798665234.0;462.228;2034.0;0.138;8.0;0.001;52754118601.0;3.587;35190352137.0;0.67;737.0;0.05;35133422694.0;0.6659999999999999;1704841484.0;0.0323;14708.453262;5.946;2.473540902
"./build/Benchmark/dxexmachina_phold cpdevs -c 6 -n 6 -s 4 -i 0 -r 70 -p 0.0 -t 1000000";"dxexmachina_phold";"cpdevs";6;6;4;0;70;0.0;1000000;114683132.0;0.0169;6784029145.0;467.071;2087.0;0.144;7.0;0.0;52126397677.0;3.589;34939489459.0;0.67;740.0;0.051;34762047105.0;0.6668999999999999;1630283629.0;0.0313;14524.631819;5.947;2.44249403
"./build/Benchmark/dxexmachina_phold cpdevs -c 6 -n 6 -s 4 -i 0 -r 70 -p 0.0 -t 1000000";"dxexmachina_phold";"cpdevs";6;6;4;0;70;0.0;1000000;125605650.0;0.0161;7810820423.0;500.466;2709.0;0.174;8.0;0.001;55979319362.0;3.587;40256789300.0;0.72;738.0;0.047;36325979400.0;0.6489;1804220306.0;0.0322;15607.099896;5.891;2.649489996
"./build/Benchmark/dxexmachina_phold cpdevs -c 6 -n 6 -s 4 -i 0 -r 70 -p 0.0 -t 1000000";"dxexmachina_phold";"cpdevs";6;6;4;0;70;0.0;1000000;124211182.0;0.0179;6936273345.0;467.286;2291.0;0.154;8.0;0.001;53311793898.0;3.592;35875357976.0;0.67;739.0;0.05;35326913067.0;0.6626000000000001;1776908406.0;0.0333;14843.735608;5.937;2.500110963
"./build/Benchmark/dxexmachina_phold cpdevs -c 6 -n 6 -s 4 -i 0 -r 70 -p 0.0 -t 1000000";"dxexmachina_phold";"cpdevs";6;6;4;0;70;0.0;1000000;129235997.0;0.018500000000000003;6991113367.0;470.655;2217.0;0.149;6.0;0.0;53344306965.0;3.591;35994384589.0;0.67;743.0;0.05;35286094354.0;0.6615000000000001;1809120250.0;0.0339;14854.023758;5.939;2.501127991
"./build/Benchmark/dxexmachina_phold cpdevs -c 6 -n 6 -s 4 -i 0 -r 70 -p 0.0 -t 1000000";"dxexmachina_phold";"cpdevs";6;6;4;0;70;0.0;1000000;125716283.0;0.019;6604977955.0;461.753;1855.0;0.13;8.0;0.001;51328133849.0;3.588;34165350174.0;0.67;740.0;0.052;34182144184.0;0.6659999999999999;1674256800.0;0.0326;14304.122816;5.946;2.405724937
"./build/Benchmark/dxexmachina_phold cpdevs -c 6 -n 6 -s 4 -i 0 -r 70 -p 0.0 -t 1000000";"dxexmachina_phold";"cpdevs";6;6;4;0;70;0.0;1000000;136676517.0;0.0208;6570533392.0;454.841;1941.0;0.134;16.0;0.001;51848174312.0;3.589;33967038969.0;0.66;738.0;0.051;34492837078.0;0.6653;1847803224.0;0.0356;14445.796654;5.955;2.4260165
"./build/Benchmark/dxexmachina_phold cpdevs -c 6 -n 6 -s 4 -i 0 -r 70 -p 0.0 -t 1000000";"dxexmachina_phold";"cpdevs";6;6;4;0;70;0.0;1000000;120630433.0;0.0181;6659718226.0;456.989;1985.0;0.136;7.0;0.0;52327406106.0;3.591;34557965457.0;0.66;739.0;0.051;34918862120.0;0.6673;1739615217.0;0.0332;14573.047354;5.952;2.448318704
"./build/Benchmark/dxexmachina_phold cpdevs -c 6 -n 6 -s 4 -i 0 -r 70 -p 0.0 -t 1000000";"dxexmachina_phold";"cpdevs";6;6;4;0;70;0.0;1000000;127241668.0;0.019299999999999998;6602817910.0;458.896;1941.0;0.135;9.0;0.001;51590877677.0;3.586;34087032422.0;0.66;738.0;0.051;34286075012.0;0.6646;1801288512.0;0.0349;14388.489475;5.948;2.418987681
"./build/Benchmark/dxexmachina_phold cpdevs -c 6 -n 6 -s 4 -i 0 -r 80 -p 0.0 -t 1000000";"dxexmachina_phold";"cpdevs";6;6;4;0;80;0.0;1000000;121185450.0;0.0183;6621232018.0;463.205;1980.0;0.139;7.0;0.0;51330853515.0;3.591;34180617877.0;0.67;740.0;0.052;34213854196.0;0.6665000000000001;1696404965.0;0.033;14294.393961;5.946;2.404102226
"./build/Benchmark/dxexmachina_phold cpdevs -c 6 -n 6 -s 4 -i 0 -r 80 -p 0.0 -t 1000000";"dxexmachina_phold";"cpdevs";6;6;4;0;80;0.0;1000000;124926581.0;0.0181;6886488002.0;459.58;2031.0;0.136;7.0;0.0;53795674265.0;3.59;35610505490.0;0.66;740.0;0.049;35857079863.0;0.6665000000000001;1779783588.0;0.0331;14984.314308;5.959;2.514457597
"./build/Benchmark/dxexmachina_phold cpdevs -c 6 -n 6 -s 4 -i 0 -r 80 -p 0.0 -t 1000000";"dxexmachina_phold";"cpdevs";6;6;4;0;80;0.0;1000000;120170140.0;0.0179;6713109820.0;463.714;1980.0;0.137;7.0;0.0;51943224871.0;3.588;34667426151.0;0.67;738.0;0.051;34700274686.0;0.6679999999999999;1707497157.0;0.0329;14476.84255;5.961;2.428500399
"./build/Benchmark/dxexmachina_phold cpdevs -c 6 -n 6 -s 4 -i 0 -r 80 -p 0.0 -t 1000000";"dxexmachina_phold";"cpdevs";6;6;4;0;80;0.0;1000000;136420543.0;0.0206;6608420304.0;454.445;2025.0;0.139;6.0;0.0;52141598651.0;3.586;33989383747.0;0.65;739.0;0.051;34845578406.0;0.6683;1852218606.0;0.0355;14541.737207;5.952;2.442969146
"./build/Benchmark/dxexmachina_phold cpdevs -c 6 -n 6 -s 4 -i 0 -r 80 -p 0.0 -t 1000000";"dxexmachina_phold";"cpdevs";6;6;4;0;80;0.0;1000000;124255687.0;0.0179;6935770471.0;469.845;2136.0;0.145;8.0;0.001;52991167828.0;3.59;35803676346.0;0.68;739.0;0.05;35128291034.0;0.6629;1710404434.0;0.0323;14761.813413;5.93;2.489266326
"./build/Benchmark/dxexmachina_phold cpdevs -c 6 -n 6 -s 4 -i 0 -r 80 -p 0.0 -t 1000000";"dxexmachina_phold";"cpdevs";6;6;4;0;80;0.0;1000000;117230654.0;0.0169;6944388494.0;463.983;2002.0;0.134;11.0;0.001;53769790699.0;3.593;35863368661.0;0.67;741.0;0.05;35963573957.0;0.6688;1675305360.0;0.031200000000000002;14966.916561;5.955;2.5131265
"./build/Benchmark/dxexmachina_phold cpdevs -c 6 -n 6 -s 4 -i 0 -r 80 -p 0.0 -t 1000000";"dxexmachina_phold";"cpdevs";6;6;4;0;80;0.0;1000000;144791660.0;0.0215;6726326617.0;454.159;1978.0;0.134;6.0;0.0;53202134516.0;3.592;34957383966.0;0.66;737.0;0.05;35160181872.0;0.6609;1932529692.0;0.0363;14810.496853;5.961;2.484773501
"./build/Benchmark/dxexmachina_phold cpdevs -c 6 -n 6 -s 4 -i 0 -r 80 -p 0.0 -t 1000000";"dxexmachina_phold";"cpdevs";6;6;4;0;80;0.0;1000000;118749165.0;0.0176;6736444547.0;461.91;2107.0;0.144;6.0;0.0;52313894035.0;3.587;34824788394.0;0.67;738.0;0.051;34928249376.0;0.6677;1675406165.0;0.032;14583.877452;5.951;2.450750704
"./build/Benchmark/dxexmachina_phold cpdevs -c 6 -n 6 -s 4 -i 0 -r 80 -p 0.0 -t 1000000";"dxexmachina_phold";"cpdevs";6;6;4;0;80;0.0;1000000;133227757.0;0.019799999999999998;6713650288.0;462.388;1985.0;0.137;8.0;0.001;52069401670.0;3.586;34586586776.0;0.66;739.0;0.051;34492888995.0;0.6624;1851971229.0;0.0356;14519.503517;5.944;2.442556764
"./build/Benchmark/dxexmachina_phold cpdevs -c 6 -n 6 -s 4 -i 0 -r 80 -p 0.0 -t 1000000";"dxexmachina_phold";"cpdevs";6;6;4;0;80;0.0;1000000;122416825.0;0.0172;7120125592.0;478.133;2137.0;0.144;10.0;0.001;53504574780.0;3.593;36582544332.0;0.68;743.0;0.05;35294022406.0;0.6596;1757587072.0;0.032799999999999996;14891.518409;5.939;2.507470795
"./build/Benchmark/dxexmachina_phold cpdevs -c 6 -n 6 -s 4 -i 0 -r 80 -p 0.0 -t 1000000";"dxexmachina_phold";"cpdevs";6;6;4;0;80;0.0;1000000;117071907.0;0.0168;6973177346.0;463.498;2021.0;0.134;7.0;0.0;54050470416.0;3.593;36030008421.0;0.67;736.0;0.049;36190220287.0;0.6696;1665390025.0;0.0308;15044.67173;5.96;2.524213771
"./build/Benchmark/dxexmachina_phold cpdevs -c 6 -n 6 -s 4 -i 0 -r 80 -p 0.0 -t 1000000";"dxexmachina_phold";"cpdevs";6;6;4;0;80;0.0;1000000;118002610.0;0.0175;6727860290.0;468.882;1877.0;0.131;8.0;0.001;51552081495.0;3.593;34743945049.0;0.67;738.0;0.051;34250634312.0;0.6644;1680477673.0;0.0326;14348.713063;5.956;2.409059955
"./build/Benchmark/dxexmachina_phold cpdevs -c 6 -n 6 -s 4 -i 0 -r 80 -p 0.0 -t 1000000";"dxexmachina_phold";"cpdevs";6;6;4;0;80;0.0;1000000;126988792.0;0.018600000000000002;6839024262.0;461.379;2025.0;0.137;9.0;0.001;53207758084.0;3.59;35381036280.0;0.66;739.0;0.05;35379725819.0;0.6648999999999999;1828920837.0;0.0344;14823.006468;5.954;2.489475867
"./build/Benchmark/dxexmachina_phold cpdevs -c 6 -n 6 -s 4 -i 0 -r 80 -p 0.0 -t 1000000";"dxexmachina_phold";"cpdevs";6;6;4;0;80;0.0;1000000;119671831.0;0.0177;6750017286.0;467.856;1883.0;0.131;7.0;0.0;51828339827.0;3.592;34893105095.0;0.67;738.0;0.051;34327763800.0;0.6623;1723416350.0;0.0333;14427.555184;5.961;2.420521778
"./build/Benchmark/dxexmachina_phold cpdevs -c 6 -n 6 -s 4 -i 0 -r 80 -p 0.0 -t 1000000";"dxexmachina_phold";"cpdevs";6;6;4;0;80;0.0;1000000;118111754.0;0.0175;6754295122.0;466.085;2003.0;0.138;6.0;0.0;51961310788.0;3.586;34873744351.0;0.67;737.0;0.051;34521093512.0;0.6644;1717411007.0;0.0331;14491.551669;5.948;2.436269079
"./build/Benchmark/dxexmachina_phold cpdevs -c 6 -n 6 -s 4 -i 0 -r 90 -p 0.0 -t 1000000";"dxexmachina_phold";"cpdevs";6;6;4;0;90;0.0;1000000;136967556.0;0.02;6834463631.0;448.436;2121.0;0.139;9.0;0.001;54756167057.0;3.593;35263901423.0;0.64;743.0;0.049;36792435773.0;0.6718999999999999;1877426568.0;0.034300000000000004;15240.667709;5.963;2.555902389
"./build/Benchmark/dxexmachina_phold cpdevs -c 6 -n 6 -s 4 -i 0 -r 90 -p 0.0 -t 1000000";"dxexmachina_phold";"cpdevs";6;6;4;0;90;0.0;1000000;137266191.0;0.0199;6908530653.0;454.464;2056.0;0.135;7.0;0.0;54505764339.0;3.586;35651236872.0;0.65;738.0;0.049;36445843968.0;0.6687000000000001;1841853611.0;0.0338;15201.492759;5.949;2.555087692
"./build/Benchmark/dxexmachina_phold cpdevs -c 6 -n 6 -s 4 -i 0 -r 90 -p 0.0 -t 1000000";"dxexmachina_phold";"cpdevs";6;6;4;0;90;0.0;1000000;139010419.0;0.021099999999999997;6573804927.0;455.643;2015.0;0.14;6.0;0.0;51825121208.0;3.592;34059171392.0;0.66;739.0;0.051;34347686912.0;0.6628000000000001;1885465717.0;0.0364;14427.536885;5.961;2.420299968
"./build/Benchmark/dxexmachina_phold cpdevs -c 6 -n 6 -s 4 -i 0 -r 90 -p 0.0 -t 1000000";"dxexmachina_phold";"cpdevs";6;6;4;0;90;0.0;1000000;124041541.0;0.018500000000000003;6688030891.0;459.987;2050.0;0.141;6.0;0.0;52220290364.0;3.592;34508904400.0;0.66;743.0;0.051;34847906319.0;0.6673;1773925917.0;0.034;14539.608891;5.96;2.439662889
"./build/Benchmark/dxexmachina_phold cpdevs -c 6 -n 6 -s 4 -i 0 -r 90 -p 0.0 -t 1000000";"dxexmachina_phold";"cpdevs";6;6;4;0;90;0.0;1000000;126112008.0;0.0184;6839673139.0;467.765;2246.0;0.154;8.0;0.001;52481871592.0;3.589;35280008360.0;0.67;741.0;0.051;34885256078.0;0.6647;1710801661.0;0.0326;14622.043502;5.942;2.460654156
"./build/Benchmark/dxexmachina_phold cpdevs -c 6 -n 6 -s 4 -i 0 -r 90 -p 0.0 -t 1000000";"dxexmachina_phold";"cpdevs";6;6;4;0;90;0.0;1000000;131452587.0;0.0197;6659032523.0;459.152;1948.0;0.134;7.0;0.0;52088271956.0;3.592;34483363327.0;0.66;741.0;0.051;34654990702.0;0.6653;1780514907.0;0.0342;14502.878128;5.96;2.433395319
"./build/Benchmark/dxexmachina_phold cpdevs -c 6 -n 6 -s 4 -i 0 -r 90 -p 0.0 -t 1000000";"dxexmachina_phold";"cpdevs";6;6;4;0;90;0.0;1000000;139118656.0;0.0207;6705553302.0;451.838;1994.0;0.134;6.0;0.0;53203065834.0;3.585;34685620928.0;0.65;736.0;0.05;35579875967.0;0.6688;1873668205.0;0.0352;14840.618368;5.952;2.493243139
"./build/Benchmark/dxexmachina_phold cpdevs -c 6 -n 6 -s 4 -i 0 -r 90 -p 0.0 -t 1000000";"dxexmachina_phold";"cpdevs";6;6;4;0;90;0.0;1000000;139590279.0;0.0212;6586234446.0;455.348;2034.0;0.141;9.0;0.001;51965543955.0;3.593;34089949710.0;0.66;744.0;0.051;34496009796.0;0.6638;1877544812.0;0.0361;14464.183919;5.963;2.42575465
"./build/Benchmark/dxexmachina_phold cpdevs -c 6 -n 6 -s 4 -i 0 -r 90 -p 0.0 -t 1000000";"dxexmachina_phold";"cpdevs";6;6;4;0;90;0.0;1000000;130870690.0;0.018600000000000002;7033645048.0;463.012;2018.0;0.133;7.0;0.0;54553376747.0;3.591;36311404277.0;0.67;737.0;0.049;36213208951.0;0.6638;1858337374.0;0.0341;15191.077108;5.954;2.551551057
"./build/Benchmark/dxexmachina_phold cpdevs -c 6 -n 6 -s 4 -i 0 -r 90 -p 0.0 -t 1000000";"dxexmachina_phold";"cpdevs";6;6;4;0;90;0.0;1000000;119995152.0;0.0173;6943118928.0;472.503;2130.0;0.145;9.0;0.001;52815312241.0;3.594;35758325693.0;0.68;739.0;0.05;34970945999.0;0.6620999999999999;1726323844.0;0.0327;14694.332223;5.94;2.473753499
"./build/Benchmark/dxexmachina_phold cpdevs -c 6 -n 6 -s 4 -i 0 -r 90 -p 0.0 -t 1000000";"dxexmachina_phold";"cpdevs";6;6;4;0;90;0.0;1000000;123583372.0;0.018600000000000002;6635461865.0;457.631;1951.0;0.135;7.0;0.0;52066336945.0;3.591;34302706361.0;0.66;737.0;0.051;34799380044.0;0.6684;1765866886.0;0.0339;14499.595958;5.961;2.432378488
"./build/Benchmark/dxexmachina_phold cpdevs -c 6 -n 6 -s 4 -i 0 -r 90 -p 0.0 -t 1000000";"dxexmachina_phold";"cpdevs";6;6;4;0;90;0.0;1000000;137704672.0;0.020499999999999997;6724898666.0;456.408;2079.0;0.141;7.0;0.0;52828878181.0;3.585;34567807849.0;0.65;739.0;0.05;35320058108.0;0.6686;1846137000.0;0.0349;14734.41596;5.951;2.475972429
"./build/Benchmark/dxexmachina_phold cpdevs -c 6 -n 6 -s 4 -i 0 -r 90 -p 0.0 -t 1000000";"dxexmachina_phold";"cpdevs";6;6;4;0;90;0.0;1000000;137049854.0;0.0197;6944645858.0;458.304;2145.0;0.142;7.0;0.0;54378908305.0;3.589;35765247328.0;0.66;741.0;0.049;36242012315.0;0.6665000000000001;1888143912.0;0.0347;15152.929369;5.953;2.545277201
"./build/Benchmark/dxexmachina_phold cpdevs -c 6 -n 6 -s 4 -i 0 -r 90 -p 0.0 -t 1000000";"dxexmachina_phold";"cpdevs";6;6;4;0;90;0.0;1000000;128719376.0;0.0187;6891557961.0;454.197;2089.0;0.138;10.0;0.001;54427750983.0;3.587;35521731744.0;0.65;740.0;0.049;36664323632.0;0.6736;1737852897.0;0.0319;15173.054107;5.95;2.549952292
"./build/Benchmark/dxexmachina_phold cpdevs -c 6 -n 6 -s 4 -i 0 -r 90 -p 0.0 -t 1000000";"dxexmachina_phold";"cpdevs";6;6;4;0;90;0.0;1000000;129150991.0;0.0195;6610756357.0;452.201;2027.0;0.139;9.0;0.001;52524848165.0;3.593;34285178238.0;0.65;742.0;0.051;35161748671.0;0.6694;1784199756.0;0.034;14619.072581;5.951;2.456764708
