 "command";"executable";"simtype";"ncores";"nodes";"atomics/node";"iterations";"% remotes";"% priority";"end time" ;"branch-misses";"branch-misses (of all branches          (50.56%))";"branches";"branches (M/sec                    (50.12%))";"context-switches";"context-switches (M/sec)";"cpu-migrations";"cpu-migrations (K/sec)";"cycles";"cycles (GHz                      (50.10%))";"instructions";"instructions (insns per cycle)";"page-faults";"page-faults (M/sec)";"stalled-cycles-backend";"stalled-cycles-backend (backend  cycles idle     (49.79%))";"stalled-cycles-frontend";"stalled-cycles-frontend (frontend cycles idle     (50.35%))";"task-clock (msec)";"task-clock (CPUs utilized)";"time-elapsed (seconds)"
"./build/Benchmark/dxexmachina_phold opdevs -c 6 -n 6 -s 4 -i 0 -r 10 -p 0.0 -t 1000000";"dxexmachina_phold";"opdevs";6;6;4;0;10;0.0;1000000;5790616.0;0.0199;290684972.0;195.424;6770.0;0.005;27.0;0.018;5014896391.0;3.371;4967002989.0;0.99;49879.0;0.034;2815414676.0;0.5614;232526965.0;0.0464;1487.460819;4.886;0.304406754
"./build/Benchmark/dxexmachina_phold opdevs -c 6 -n 6 -s 4 -i 0 -r 10 -p 0.0 -t 1000000";"dxexmachina_phold";"opdevs";6;6;4;0;10;0.0;1000000;6014689.0;0.0208;288760938.0;191.8;6895.0;0.005;21.0;0.014;5094101574.0;3.384;4897045675.0;0.96;49885.0;0.033;2872090151.0;0.5638000000000001;234641684.0;0.0461;1505.531659;4.909;0.306716607
"./build/Benchmark/dxexmachina_phold opdevs -c 6 -n 6 -s 4 -i 0 -r 10 -p 0.0 -t 1000000";"dxexmachina_phold";"opdevs";6;6;4;0;10;0.0;1000000;6148257.0;0.021099999999999997;291798770.0;192.325;7085.0;0.005;16.0;0.011;5136060903.0;3.385;4980183345.0;0.97;50126.0;0.033;2887487660.0;0.5622;222821573.0;0.0434;1517.220397;4.87;0.311530924
"./build/Benchmark/dxexmachina_phold opdevs -c 6 -n 6 -s 4 -i 0 -r 10 -p 0.0 -t 1000000";"dxexmachina_phold";"opdevs";6;6;4;0;10;0.0;1000000;6199991.0;0.0213;290690092.0;192.509;7152.0;0.005;39.0;0.026;5112800477.0;3.386;4923640162.0;0.96;49920.0;0.033;2891180008.0;0.5655;230373528.0;0.0451;1510.007415;4.929;0.306361824
"./build/Benchmark/dxexmachina_phold opdevs -c 6 -n 6 -s 4 -i 0 -r 10 -p 0.0 -t 1000000";"dxexmachina_phold";"opdevs";6;6;4;0;10;0.0;1000000;6368302.0;0.022099999999999998;287557598.0;191.034;6967.0;0.005;30.0;0.02;5096203855.0;3.386;4899163415.0;0.96;49837.0;0.033;2891149769.0;0.5672999999999999;238187464.0;0.0467;1505.269846;4.867;0.309294583
"./build/Benchmark/dxexmachina_phold opdevs -c 6 -n 6 -s 4 -i 0 -r 10 -p 0.0 -t 1000000";"dxexmachina_phold";"opdevs";6;6;4;0;10;0.0;1000000;6704982.0;0.0232;288617276.0;190.066;6757.0;0.004;115.0;0.076;5174231264.0;3.407;4896480874.0;0.95;49868.0;0.033;2903550300.0;0.5611999999999999;244611260.0;0.0473;1518.512785;4.903;0.30971217
"./build/Benchmark/dxexmachina_phold opdevs -c 6 -n 6 -s 4 -i 0 -r 10 -p 0.0 -t 1000000";"dxexmachina_phold";"opdevs";6;6;4;0;10;0.0;1000000;6606916.0;0.0227;290622914.0;189.67;6826.0;0.004;21.0;0.014;5227958109.0;3.412;4931751865.0;0.94;50045.0;0.033;2950470623.0;0.5644;235928468.0;0.0451;1532.255125;4.95;0.309570533
"./build/Benchmark/dxexmachina_phold opdevs -c 6 -n 6 -s 4 -i 0 -r 10 -p 0.0 -t 1000000";"dxexmachina_phold";"opdevs";6;6;4;0;10;0.0;1000000;6001137.0;0.02;300695829.0;195.751;7085.0;0.005;52.0;0.034;5150034344.0;3.353;5015893057.0;0.97;50087.0;0.033;2939723168.0;0.5708;228199197.0;0.0443;1536.111304;4.824;0.318408433
"./build/Benchmark/dxexmachina_phold opdevs -c 6 -n 6 -s 4 -i 0 -r 10 -p 0.0 -t 1000000";"dxexmachina_phold";"opdevs";6;6;4;0;10;0.0;1000000;6178363.0;0.0212;291313576.0;192.448;6969.0;0.005;350.0;0.231;5125248561.0;3.386;4956278661.0;0.97;49993.0;0.033;2913047772.0;0.5684;231397281.0;0.0451;1513.728079;4.855;0.311760754
"./build/Benchmark/dxexmachina_phold opdevs -c 6 -n 6 -s 4 -i 0 -r 10 -p 0.0 -t 1000000";"dxexmachina_phold";"opdevs";6;6;4;0;10;0.0;1000000;6736674.0;0.0235;286435800.0;190.315;6967.0;0.005;40.0;0.027;5060013012.0;3.362;4934363652.0;0.98;50000.0;0.033;2855894520.0;0.5644;235084483.0;0.04650000000000001;1505.059903;4.874;0.308791701
"./build/Benchmark/dxexmachina_phold opdevs -c 6 -n 6 -s 4 -i 0 -r 10 -p 0.0 -t 1000000";"dxexmachina_phold";"opdevs";6;6;4;0;10;0.0;1000000;6197598.0;0.021099999999999997;293862440.0;190.54;7120.0;0.005;243.0;0.158;5250849917.0;3.405;4882496036.0;0.93;49867.0;0.032;3011262419.0;0.5735;236282813.0;0.045;1542.264098;4.859;0.317410791
"./build/Benchmark/dxexmachina_phold opdevs -c 6 -n 6 -s 4 -i 0 -r 10 -p 0.0 -t 1000000";"dxexmachina_phold";"opdevs";6;6;4;0;10;0.0;1000000;6711595.0;0.0232;289709802.0;191.871;6902.0;0.005;287.0;0.19;5147039429.0;3.409;4901070332.0;0.95;49959.0;0.033;2915414152.0;0.5664;234062105.0;0.0455;1509.923461;4.898;0.308260251
"./build/Benchmark/dxexmachina_phold opdevs -c 6 -n 6 -s 4 -i 0 -r 10 -p 0.0 -t 1000000";"dxexmachina_phold";"opdevs";6;6;4;0;10;0.0;1000000;6779782.0;0.0236;286833565.0;191.056;6611.0;0.004;38.0;0.025;5082007353.0;3.385;4972588277.0;0.98;50077.0;0.033;2822566812.0;0.5554;237325255.0;0.0467;1501.310133;4.854;0.309298129
"./build/Benchmark/dxexmachina_phold opdevs -c 6 -n 6 -s 4 -i 0 -r 10 -p 0.0 -t 1000000";"dxexmachina_phold";"opdevs";6;6;4;0;10;0.0;1000000;6033886.0;0.021;287683435.0;191.857;6984.0;0.005;244.0;0.163;5074294708.0;3.384;4898338694.0;0.97;49852.0;0.033;2885950629.0;0.5687;222628241.0;0.043899999999999995;1499.470694;4.918;0.304910021
"./build/Benchmark/dxexmachina_phold opdevs -c 6 -n 6 -s 4 -i 0 -r 10 -p 0.0 -t 1000000";"dxexmachina_phold";"opdevs";6;6;4;0;10;0.0;1000000;5927923.0;0.021;281884228.0;188.094;6834.0;0.005;25.0;0.017;5066805964.0;3.381;4863297665.0;0.96;49594.0;0.033;2875512753.0;0.5675;236961539.0;0.046799999999999994;1498.637503;4.89;0.306469572
"./build/Benchmark/dxexmachina_phold opdevs -c 6 -n 6 -s 4 -i 0 -r 20 -p 0.0 -t 1000000";"dxexmachina_phold";"opdevs";6;6;4;0;20;0.0;1000000;7880416.0;0.024300000000000002;323819155.0;204.077;5854.0;0.004;32.0;0.02;5434844165.0;3.425;5002718710.0;0.92;47404.0;0.03;3087536528.0;0.5681;274824071.0;0.0506;1586.750841;5.067;0.313183056
"./build/Benchmark/dxexmachina_phold opdevs -c 6 -n 6 -s 4 -i 0 -r 20 -p 0.0 -t 1000000";"dxexmachina_phold";"opdevs";6;6;4;0;20;0.0;1000000;7075107.0;0.0216;327951716.0;204.328;5991.0;0.004;243.0;0.151;5529282150.0;3.445;5015748917.0;0.91;47337.0;0.029;3182810058.0;0.5756;269307631.0;0.0487;1605.022747;5.055;0.317526563
"./build/Benchmark/dxexmachina_phold opdevs -c 6 -n 6 -s 4 -i 0 -r 20 -p 0.0 -t 1000000";"dxexmachina_phold";"opdevs";6;6;4;0;20;0.0;1000000;7302802.0;0.0222;329231912.0;202.488;5917.0;0.004;35.0;0.022;5506165394.0;3.386;5089616395.0;0.92;47408.0;0.029;3166469658.0;0.5751;268165190.0;0.0487;1625.930552;4.959;0.327859483
"./build/Benchmark/dxexmachina_phold opdevs -c 6 -n 6 -s 4 -i 0 -r 20 -p 0.0 -t 1000000";"dxexmachina_phold";"opdevs";6;6;4;0;20;0.0;1000000;7628314.0;0.021400000000000002;356437247.0;201.898;5959.0;0.003;39.0;0.022;6030023997.0;3.416;5457701543.0;0.91;47447.0;0.027;3514034593.0;0.5828;283471287.0;0.047;1765.430999;4.973;0.35501608
"./build/Benchmark/dxexmachina_phold opdevs -c 6 -n 6 -s 4 -i 0 -r 20 -p 0.0 -t 1000000";"dxexmachina_phold";"opdevs";6;6;4;0;20;0.0;1000000;6694435.0;0.021;319501831.0;199.212;6078.0;0.004;20.0;0.012;5494468424.0;3.426;4988989702.0;0.91;47408.0;0.03;3198892674.0;0.5821999999999999;256772804.0;0.0467;1603.831345;5.01;0.320129352
"./build/Benchmark/dxexmachina_phold opdevs -c 6 -n 6 -s 4 -i 0 -r 20 -p 0.0 -t 1000000";"dxexmachina_phold";"opdevs";6;6;4;0;20;0.0;1000000;7001438.0;0.0215;326277651.0;203.138;6024.0;0.004;292.0;0.182;5461754790.0;3.4;5036977769.0;0.92;47355.0;0.029;3157688601.0;0.5781000000000001;257186640.0;0.0471;1606.188175;5.007;0.320759655
"./build/Benchmark/dxexmachina_phold opdevs -c 6 -n 6 -s 4 -i 0 -r 20 -p 0.0 -t 1000000";"dxexmachina_phold";"opdevs";6;6;4;0;20;0.0;1000000;7235815.0;0.0225;321122347.0;202.941;6006.0;0.004;25.0;0.016;5509578565.0;3.482;4990920723.0;0.91;47435.0;0.03;3156342074.0;0.5729;269430287.0;0.0489;1582.345599;5.094;0.310648471
"./build/Benchmark/dxexmachina_phold opdevs -c 6 -n 6 -s 4 -i 0 -r 20 -p 0.0 -t 1000000";"dxexmachina_phold";"opdevs";6;6;4;0;20;0.0;1000000;7610966.0;0.0231;329214374.0;201.177;6127.0;0.004;86.0;0.053;5572674096.0;3.405;5073483830.0;0.91;47360.0;0.029;3200511274.0;0.5743;269484817.0;0.0484;1636.445279;5.015;0.326319196
"./build/Benchmark/dxexmachina_phold opdevs -c 6 -n 6 -s 4 -i 0 -r 20 -p 0.0 -t 1000000";"dxexmachina_phold";"opdevs";6;6;4;0;20;0.0;1000000;6719338.0;0.0206;325842733.0;203.715;6025.0;0.004;19.0;0.012;5439263351.0;3.401;5049707223.0;0.93;47458.0;0.03;3163298434.0;0.5816;252001400.0;0.0463;1599.502969;4.997;0.320101773
"./build/Benchmark/dxexmachina_phold opdevs -c 6 -n 6 -s 4 -i 0 -r 20 -p 0.0 -t 1000000";"dxexmachina_phold";"opdevs";6;6;4;0;20;0.0;1000000;8034616.0;0.0248;324560489.0;204.771;6005.0;0.004;28.0;0.018;5472811089.0;3.453;4979891779.0;0.91;47317.0;0.03;3114480385.0;0.5690999999999999;275442359.0;0.050300000000000004;1584.991835;5.033;0.314894768
"./build/Benchmark/dxexmachina_phold opdevs -c 6 -n 6 -s 4 -i 0 -r 20 -p 0.0 -t 1000000";"dxexmachina_phold";"opdevs";6;6;4;0;20;0.0;1000000;6311795.0;0.0195;323610699.0;201.648;5839.0;0.004;380.0;0.237;5445842933.0;3.393;4983318849.0;0.92;47456.0;0.03;3186719945.0;0.5852;256652878.0;0.0471;1604.832721;5.016;0.319966073
"./build/Benchmark/dxexmachina_phold opdevs -c 6 -n 6 -s 4 -i 0 -r 20 -p 0.0 -t 1000000";"dxexmachina_phold";"opdevs";6;6;4;0;20;0.0;1000000;7886358.0;0.0241;327368992.0;202.996;6311.0;0.004;31.0;0.019;5495502371.0;3.408;5043249672.0;0.92;47325.0;0.029;3153639565.0;0.5739;283224092.0;0.051500000000000004;1612.690835;5.079;0.317500753
"./build/Benchmark/dxexmachina_phold opdevs -c 6 -n 6 -s 4 -i 0 -r 20 -p 0.0 -t 1000000";"dxexmachina_phold";"opdevs";6;6;4;0;20;0.0;1000000;6939202.0;0.0213;326007831.0;203.023;6015.0;0.004;36.0;0.022;5489120698.0;3.418;4952482764.0;0.9;47413.0;0.03;3182332920.0;0.5798;263464655.0;0.048;1605.770743;4.988;0.321937927
"./build/Benchmark/dxexmachina_phold opdevs -c 6 -n 6 -s 4 -i 0 -r 20 -p 0.0 -t 1000000";"dxexmachina_phold";"opdevs";6;6;4;0;20;0.0;1000000;6917984.0;0.0216;320457294.0;201.846;5992.0;0.004;26.0;0.016;5445831009.0;3.43;4985523470.0;0.92;47279.0;0.03;3175869465.0;0.5832;255658120.0;0.046900000000000004;1587.633028;5.041;0.314955024
"./build/Benchmark/dxexmachina_phold opdevs -c 6 -n 6 -s 4 -i 0 -r 20 -p 0.0 -t 1000000";"dxexmachina_phold";"opdevs";6;6;4;0;20;0.0;1000000;8296078.0;0.0259;320324191.0;203.218;6005.0;0.004;37.0;0.023;5401731250.0;3.427;4969337443.0;0.92;47397.0;0.03;3105556384.0;0.5749;268759959.0;0.049800000000000004;1576.260555;5.017;0.314193805
"./build/Benchmark/dxexmachina_phold opdevs -c 6 -n 6 -s 4 -i 0 -r 30 -p 0.0 -t 1000000";"dxexmachina_phold";"opdevs";6;6;4;0;30;0.0;1000000;7576931.0;0.0216;350849766.0;198.282;6719.0;0.004;38.0;0.021;6096125657.0;3.445;5443991085.0;0.89;49135.0;0.028;3528812471.0;0.5789;284408759.0;0.0467;1769.445572;5.064;0.349408706
"./build/Benchmark/dxexmachina_phold opdevs -c 6 -n 6 -s 4 -i 0 -r 30 -p 0.0 -t 1000000";"dxexmachina_phold";"opdevs";6;6;4;0;30;0.0;1000000;7551740.0;0.0212;356562003.0;197.992;6836.0;0.004;323.0;0.179;6107968739.0;3.392;5498299985.0;0.9;49039.0;0.027;3563612478.0;0.5834;280520998.0;0.045899999999999996;1800.88717;5.003;0.359988845
"./build/Benchmark/dxexmachina_phold opdevs -c 6 -n 6 -s 4 -i 0 -r 30 -p 0.0 -t 1000000";"dxexmachina_phold";"opdevs";6;6;4;0;30;0.0;1000000;7674384.0;0.0212;361182692.0;200.035;6734.0;0.004;255.0;0.141;6168213288.0;3.416;5517266286.0;0.89;49047.0;0.027;3608996059.0;0.5851;282794064.0;0.0458;1805.60187;5.052;0.357422474
"./build/Benchmark/dxexmachina_phold opdevs -c 6 -n 6 -s 4 -i 0 -r 30 -p 0.0 -t 1000000";"dxexmachina_phold";"opdevs";6;6;4;0;30;0.0;1000000;7465076.0;0.021400000000000002;349529042.0;197.396;6742.0;0.004;29.0;0.016;6026095903.0;3.403;5523473138.0;0.92;49124.0;0.028;3523742622.0;0.5847;280312246.0;0.04650000000000001;1770.695929;5.034;0.351729159
"./build/Benchmark/dxexmachina_phold opdevs -c 6 -n 6 -s 4 -i 0 -r 30 -p 0.0 -t 1000000";"dxexmachina_phold";"opdevs";6;6;4;0;30;0.0;1000000;7739251.0;0.022099999999999998;349576933.0;196.805;6678.0;0.004;44.0;0.025;6065231427.0;3.415;5558179825.0;0.92;49108.0;0.028;3530634924.0;0.5821000000000001;282800776.0;0.0466;1776.259048;5.043;0.352238474
"./build/Benchmark/dxexmachina_phold opdevs -c 6 -n 6 -s 4 -i 0 -r 30 -p 0.0 -t 1000000";"dxexmachina_phold";"opdevs";6;6;4;0;30;0.0;1000000;7834717.0;0.022400000000000003;350496994.0;196.745;6767.0;0.004;261.0;0.147;6045750209.0;3.394;5484353740.0;0.91;49096.0;0.028;3535284558.0;0.5848;277821223.0;0.046;1781.479232;5.026;0.354451051
"./build/Benchmark/dxexmachina_phold opdevs -c 6 -n 6 -s 4 -i 0 -r 30 -p 0.0 -t 1000000";"dxexmachina_phold";"opdevs";6;6;4;0;30;0.0;1000000;7628678.0;0.021400000000000002;357181747.0;198.957;6783.0;0.004;28.0;0.016;6113669155.0;3.405;5577608624.0;0.91;49340.0;0.027;3591085178.0;0.5874;290057270.0;0.047400000000000005;1795.275358;5.088;0.352865953
"./build/Benchmark/dxexmachina_phold opdevs -c 6 -n 6 -s 4 -i 0 -r 30 -p 0.0 -t 1000000";"dxexmachina_phold";"opdevs";6;6;4;0;30;0.0;1000000;8155377.0;0.0235;347607468.0;196.104;6676.0;0.004;128.0;0.072;6063223492.0;3.421;5513642346.0;0.91;49156.0;0.028;3536239637.0;0.5832;297177764.0;0.049;1772.564589;5.044;0.351441184
"./build/Benchmark/dxexmachina_phold opdevs -c 6 -n 6 -s 4 -i 0 -r 30 -p 0.0 -t 1000000";"dxexmachina_phold";"opdevs";6;6;4;0;30;0.0;1000000;8068423.0;0.0227;356070335.0;200.961;6675.0;0.004;18.0;0.01;6030591470.0;3.404;5582043320.0;0.93;49100.0;0.028;3464550718.0;0.5745;277728348.0;0.0461;1771.838526;5.071;0.349431011
"./build/Benchmark/dxexmachina_phold opdevs -c 6 -n 6 -s 4 -i 0 -r 30 -p 0.0 -t 1000000";"dxexmachina_phold";"opdevs";6;6;4;0;30;0.0;1000000;8131872.0;0.0229;354810941.0;198.958;6865.0;0.004;63.0;0.035;6105780561.0;3.424;5497031255.0;0.9;49040.0;0.027;3563514316.0;0.5836;285416810.0;0.0467;1783.343249;5.1;0.349648124
"./build/Benchmark/dxexmachina_phold opdevs -c 6 -n 6 -s 4 -i 0 -r 30 -p 0.0 -t 1000000";"dxexmachina_phold";"opdevs";6;6;4;0;30;0.0;1000000;7873784.0;0.022099999999999998;355611932.0;201.438;6682.0;0.004;27.0;0.015;6104392928.0;3.458;5437436407.0;0.89;49027.0;0.028;3551960302.0;0.5819;274856227.0;0.045;1765.363392;5.126;0.344419993
"./build/Benchmark/dxexmachina_phold opdevs -c 6 -n 6 -s 4 -i 0 -r 30 -p 0.0 -t 1000000";"dxexmachina_phold";"opdevs";6;6;4;0;30;0.0;1000000;7969417.0;0.0223;357849157.0;199.434;6758.0;0.004;33.0;0.018;6173496761.0;3.441;5568560726.0;0.9;49107.0;0.027;3576576759.0;0.5793;287238023.0;0.04650000000000001;1794.322847;5.027;0.356919799
"./build/Benchmark/dxexmachina_phold opdevs -c 6 -n 6 -s 4 -i 0 -r 30 -p 0.0 -t 1000000";"dxexmachina_phold";"opdevs";6;6;4;0;30;0.0;1000000;7555471.0;0.0209;361489265.0;201.681;6825.0;0.004;47.0;0.026;6022904291.0;3.36;5518417765.0;0.92;49097.0;0.027;3543203320.0;0.5882999999999999;283252982.0;0.047;1792.385389;5.021;0.357007513
"./build/Benchmark/dxexmachina_phold opdevs -c 6 -n 6 -s 4 -i 0 -r 30 -p 0.0 -t 1000000";"dxexmachina_phold";"opdevs";6;6;4;0;30;0.0;1000000;7943779.0;0.022400000000000003;354405546.0;202.69;6726.0;0.004;23.0;0.013;5990335368.0;3.426;5522353084.0;0.92;49077.0;0.028;3435940378.0;0.5736;272759425.0;0.0455;1748.510627;5.111;0.342094812
"./build/Benchmark/dxexmachina_phold opdevs -c 6 -n 6 -s 4 -i 0 -r 30 -p 0.0 -t 1000000";"dxexmachina_phold";"opdevs";6;6;4;0;30;0.0;1000000;7894575.0;0.0225;350452125.0;199.671;6704.0;0.004;318.0;0.181;6017311258.0;3.428;5531058665.0;0.92;49101.0;0.028;3488169453.0;0.5797;266188747.0;0.044199999999999996;1755.149816;5.053;0.347351066
"./build/Benchmark/dxexmachina_phold opdevs -c 6 -n 6 -s 4 -i 0 -r 40 -p 0.0 -t 1000000";"dxexmachina_phold";"opdevs";6;6;4;0;40;0.0;1000000;10230806.0;0.0271;376876409.0;198.04;7239.0;0.004;21.0;0.011;6554281418.0;3.444;5975250265.0;0.91;50987.0;0.027;3797670383.0;0.5794;319661199.0;0.048799999999999996;1903.028901;5.121;0.371610107
"./build/Benchmark/dxexmachina_phold opdevs -c 6 -n 6 -s 4 -i 0 -r 40 -p 0.0 -t 1000000";"dxexmachina_phold";"opdevs";6;6;4;0;40;0.0;1000000;8888310.0;0.0231;385332413.0;197.164;7098.0;0.004;21.0;0.011;6755200299.0;3.456;6019489926.0;0.89;51179.0;0.026;3973810239.0;0.5882999999999999;311298132.0;0.0461;1954.37173;5.156;0.379050393
"./build/Benchmark/dxexmachina_phold opdevs -c 6 -n 6 -s 4 -i 0 -r 40 -p 0.0 -t 1000000";"dxexmachina_phold";"opdevs";6;6;4;0;40;0.0;1000000;9637595.0;0.025;385975281.0;198.344;7203.0;0.004;32.0;0.016;6718157103.0;3.452;5921365966.0;0.88;50981.0;0.026;3935320733.0;0.5858;311857287.0;0.0464;1945.991097;5.115;0.38042302
"./build/Benchmark/dxexmachina_phold opdevs -c 6 -n 6 -s 4 -i 0 -r 40 -p 0.0 -t 1000000";"dxexmachina_phold";"opdevs";6;6;4;0;40;0.0;1000000;9340865.0;0.0246;379969448.0;195.261;6762.0;0.003;27.0;0.014;6712704758.0;3.45;5923488369.0;0.88;50995.0;0.026;3934884539.0;0.5861999999999999;306738997.0;0.045700000000000005;1945.951946;5.09;0.382302399
"./build/Benchmark/dxexmachina_phold opdevs -c 6 -n 6 -s 4 -i 0 -r 40 -p 0.0 -t 1000000";"dxexmachina_phold";"opdevs";6;6;4;0;40;0.0;1000000;8574669.0;0.0227;378451476.0;197.162;6842.0;0.004;271.0;0.141;6637085769.0;3.458;5823482883.0;0.88;51010.0;0.027;3847692785.0;0.5797;308687372.0;0.04650000000000001;1919.492269;5.09;0.37711754
"./build/Benchmark/dxexmachina_phold opdevs -c 6 -n 6 -s 4 -i 0 -r 40 -p 0.0 -t 1000000";"dxexmachina_phold";"opdevs";6;6;4;0;40;0.0;1000000;8649350.0;0.0226;383161227.0;201.047;7075.0;0.004;18.0;0.009;6592843026.0;3.459;5903849368.0;0.9;50916.0;0.027;3826579219.0;0.5804;308022494.0;0.0467;1905.83102;5.16;0.36938229
"./build/Benchmark/dxexmachina_phold opdevs -c 6 -n 6 -s 4 -i 0 -r 40 -p 0.0 -t 1000000";"dxexmachina_phold";"opdevs";6;6;4;0;40;0.0;1000000;8930058.0;0.0232;384875378.0;198.814;7088.0;0.004;46.0;0.024;6697863000.0;3.46;5992129060.0;0.89;50956.0;0.026;3918077782.0;0.585;295968771.0;0.044199999999999996;1935.861026;5.102;0.379450073
"./build/Benchmark/dxexmachina_phold opdevs -c 6 -n 6 -s 4 -i 0 -r 40 -p 0.0 -t 1000000";"dxexmachina_phold";"opdevs";6;6;4;0;40;0.0;1000000;9033605.0;0.0236;382728252.0;198.906;7214.0;0.004;272.0;0.141;6634808752.0;3.448;5952551585.0;0.9;50937.0;0.026;3866760022.0;0.5828;300318745.0;0.0453;1924.171;5.123;0.375599464
"./build/Benchmark/dxexmachina_phold opdevs -c 6 -n 6 -s 4 -i 0 -r 40 -p 0.0 -t 1000000";"dxexmachina_phold";"opdevs";6;6;4;0;40;0.0;1000000;10275591.0;0.027000000000000003;380206925.0;198.532;7363.0;0.004;24.0;0.013;6596478002.0;3.444;5882228528.0;0.89;51029.0;0.027;3858948044.0;0.585;313659834.0;0.0475;1915.09361;5.129;0.373409738
"./build/Benchmark/dxexmachina_phold opdevs -c 6 -n 6 -s 4 -i 0 -r 40 -p 0.0 -t 1000000";"dxexmachina_phold";"opdevs";6;6;4;0;40;0.0;1000000;9123075.0;0.0239;382153655.0;199.871;7126.0;0.004;145.0;0.076;6612257576.0;3.458;5965138455.0;0.9;50964.0;0.027;3860713020.0;0.5839;297327218.0;0.045;1912.002369;5.096;0.375162356
"./build/Benchmark/dxexmachina_phold opdevs -c 6 -n 6 -s 4 -i 0 -r 40 -p 0.0 -t 1000000";"dxexmachina_phold";"opdevs";6;6;4;0;40;0.0;1000000;10359731.0;0.0273;380161664.0;197.756;7304.0;0.004;18.0;0.009;6582428691.0;3.424;5952329673.0;0.9;51135.0;0.027;3784895217.0;0.575;322588393.0;0.049;1922.376991;5.065;0.37952114
"./build/Benchmark/dxexmachina_phold opdevs -c 6 -n 6 -s 4 -i 0 -r 40 -p 0.0 -t 1000000";"dxexmachina_phold";"opdevs";6;6;4;0;40;0.0;1000000;9772662.0;0.025699999999999997;380267937.0;193.901;7252.0;0.004;22.0;0.011;6759389639.0;3.447;5960151973.0;0.88;50910.0;0.026;3972502635.0;0.5877;334319911.0;0.0495;1961.145103;5.116;0.383353792
"./build/Benchmark/dxexmachina_phold opdevs -c 6 -n 6 -s 4 -i 0 -r 40 -p 0.0 -t 1000000";"dxexmachina_phold";"opdevs";6;6;4;0;40;0.0;1000000;10089432.0;0.0265;380373558.0;198.398;7280.0;0.004;275.0;0.143;6627549727.0;3.457;5938177211.0;0.9;50999.0;0.027;3853787971.0;0.5815;311294000.0;0.047;1917.22262;5.141;0.372956255
"./build/Benchmark/dxexmachina_phold opdevs -c 6 -n 6 -s 4 -i 0 -r 40 -p 0.0 -t 1000000";"dxexmachina_phold";"opdevs";6;6;4;0;40;0.0;1000000;8830202.0;0.0227;389574678.0;196.532;7223.0;0.004;42.0;0.021;6838453665.0;3.45;6014908703.0;0.88;51292.0;0.026;4017148030.0;0.5874;305097199.0;0.0446;1982.248268;5.09;0.389471367
"./build/Benchmark/dxexmachina_phold opdevs -c 6 -n 6 -s 4 -i 0 -r 40 -p 0.0 -t 1000000";"dxexmachina_phold";"opdevs";6;6;4;0;40;0.0;1000000;8871266.0;0.0233;380921889.0;200.273;7094.0;0.004;191.0;0.1;6590576394.0;3.465;5951219305.0;0.9;51071.0;0.027;3867151164.0;0.5868;296576020.0;0.045;1902.008603;5.172;0.367740574
"./build/Benchmark/dxexmachina_phold opdevs -c 6 -n 6 -s 4 -i 0 -r 50 -p 0.0 -t 1000000";"dxexmachina_phold";"opdevs";6;6;4;0;50;0.0;1000000;11567297.0;0.0282;410763378.0;196.159;7903.0;0.004;371.0;0.177;7266583078.0;3.47;6403516322.0;0.88;52193.0;0.025;4250322592.0;0.5849;350825676.0;0.0483;2094.029164;5.16;0.405805309
"./build/Benchmark/dxexmachina_phold opdevs -c 6 -n 6 -s 4 -i 0 -r 50 -p 0.0 -t 1000000";"dxexmachina_phold";"opdevs";6;6;4;0;50;0.0;1000000;10043110.0;0.0233;431036262.0;200.611;7890.0;0.004;26.0;0.012;7447926478.0;3.466;6570769070.0;0.88;52202.0;0.024;4424686615.0;0.5941;342848149.0;0.046;2148.619468;5.171;0.415514535
"./build/Benchmark/dxexmachina_phold opdevs -c 6 -n 6 -s 4 -i 0 -r 50 -p 0.0 -t 1000000";"dxexmachina_phold";"opdevs";6;6;4;0;50;0.0;1000000;10026518.0;0.023399999999999997;428283904.0;199.413;8129.0;0.004;26.0;0.012;7392287593.0;3.442;6629654322.0;0.9;52244.0;0.024;4358148950.0;0.5896;341191892.0;0.0462;2147.725151;5.17;0.415398049
"./build/Benchmark/dxexmachina_phold opdevs -c 6 -n 6 -s 4 -i 0 -r 50 -p 0.0 -t 1000000";"dxexmachina_phold";"opdevs";6;6;4;0;50;0.0;1000000;10291676.0;0.024900000000000002;413519393.0;199.22;7715.0;0.004;23.0;0.011;7208808353.0;3.473;6374235569.0;0.88;51983.0;0.025;4215560310.0;0.5848;320210091.0;0.0444;2075.690055;5.167;0.401726505
"./build/Benchmark/dxexmachina_phold opdevs -c 6 -n 6 -s 4 -i 0 -r 50 -p 0.0 -t 1000000";"dxexmachina_phold";"opdevs";6;6;4;0;50;0.0;1000000;10482153.0;0.025099999999999997;417434977.0;196.68;7689.0;0.004;35.0;0.016;7362408491.0;3.469;6479772120.0;0.88;52027.0;0.025;4346127820.0;0.5903;334872926.0;0.0455;2122.403062;5.156;0.411598852
"./build/Benchmark/dxexmachina_phold opdevs -c 6 -n 6 -s 4 -i 0 -r 50 -p 0.0 -t 1000000";"dxexmachina_phold";"opdevs";6;6;4;0;50;0.0;1000000;10432265.0;0.0254;410386131.0;195.965;7835.0;0.004;349.0;0.167;7226218768.0;3.451;6375595571.0;0.88;52195.0;0.025;4286763575.0;0.5932;347079125.0;0.048;2094.183876;5.165;0.405476221
"./build/Benchmark/dxexmachina_phold opdevs -c 6 -n 6 -s 4 -i 0 -r 50 -p 0.0 -t 1000000";"dxexmachina_phold";"opdevs";6;6;4;0;50;0.0;1000000;10327255.0;0.0236;438509435.0;198.546;7788.0;0.004;20.0;0.009;7626829092.0;3.453;6535964382.0;0.86;52160.0;0.024;4573246548.0;0.5996;337749683.0;0.0443;2208.603727;5.15;0.428867688
"./build/Benchmark/dxexmachina_phold opdevs -c 6 -n 6 -s 4 -i 0 -r 50 -p 0.0 -t 1000000";"dxexmachina_phold";"opdevs";6;6;4;0;50;0.0;1000000;11586722.0;0.0276;420105333.0;196.99;7957.0;0.004;205.0;0.096;7398229918.0;3.469;6464402144.0;0.87;52132.0;0.024;4336482767.0;0.5861999999999999;360123102.0;0.0487;2132.624593;5.156;0.413638484
"./build/Benchmark/dxexmachina_phold opdevs -c 6 -n 6 -s 4 -i 0 -r 50 -p 0.0 -t 1000000";"dxexmachina_phold";"opdevs";6;6;4;0;50;0.0;1000000;9726767.0;0.023799999999999998;409004911.0;196.971;7712.0;0.004;22.0;0.011;7216312116.0;3.475;6350223460.0;0.88;52066.0;0.025;4204232785.0;0.5826;340464813.0;0.0472;2076.472631;5.182;0.40070201
"./build/Benchmark/dxexmachina_phold opdevs -c 6 -n 6 -s 4 -i 0 -r 50 -p 0.0 -t 1000000";"dxexmachina_phold";"opdevs";6;6;4;0;50;0.0;1000000;11180906.0;0.0259;431261056.0;199.774;7660.0;0.004;20.0;0.009;7396570175.0;3.426;6611253215.0;0.89;52208.0;0.024;4335347781.0;0.5861;359568996.0;0.048600000000000004;2158.743679;5.098;0.423421435
"./build/Benchmark/dxexmachina_phold opdevs -c 6 -n 6 -s 4 -i 0 -r 50 -p 0.0 -t 1000000";"dxexmachina_phold";"opdevs";6;6;4;0;50;0.0;1000000;11545290.0;0.0276;418766039.0;198.029;7783.0;0.004;338.0;0.16;7304754063.0;3.454;6498767693.0;0.89;52180.0;0.025;4267666976.0;0.5842;344060507.0;0.0471;2114.665748;5.167;0.409289399
"./build/Benchmark/dxexmachina_phold opdevs -c 6 -n 6 -s 4 -i 0 -r 50 -p 0.0 -t 1000000";"dxexmachina_phold";"opdevs";6;6;4;0;50;0.0;1000000;10090852.0;0.0239;422619271.0;197.55;7822.0;0.004;44.0;0.021;7393691447.0;3.456;6512032758.0;0.88;52062.0;0.024;4353478126.0;0.5888;337574289.0;0.045700000000000005;2139.297937;5.147;0.415639147
"./build/Benchmark/dxexmachina_phold opdevs -c 6 -n 6 -s 4 -i 0 -r 50 -p 0.0 -t 1000000";"dxexmachina_phold";"opdevs";6;6;4;0;50;0.0;1000000;10507654.0;0.025;419842704.0;199.058;7861.0;0.004;50.0;0.024;7291656855.0;3.457;6501127378.0;0.89;52220.0;0.025;4279830749.0;0.5869;332580121.0;0.045599999999999995;2109.147808;5.154;0.409226262
"./build/Benchmark/dxexmachina_phold opdevs -c 6 -n 6 -s 4 -i 0 -r 50 -p 0.0 -t 1000000";"dxexmachina_phold";"opdevs";6;6;4;0;50;0.0;1000000;10216099.0;0.0239;428290861.0;198.381;7515.0;0.003;22.0;0.01;7464226706.0;3.457;6524588752.0;0.87;52376.0;0.024;4427848520.0;0.5932;331450036.0;0.0444;2158.928235;5.186;0.416285295
"./build/Benchmark/dxexmachina_phold opdevs -c 6 -n 6 -s 4 -i 0 -r 50 -p 0.0 -t 1000000";"dxexmachina_phold";"opdevs";6;6;4;0;50;0.0;1000000;11082224.0;0.0268;413171100.0;198.135;7881.0;0.004;245.0;0.117;7228951454.0;3.467;6394032489.0;0.88;52124.0;0.025;4206505793.0;0.5819;346826043.0;0.048;2085.302902;5.177;0.402807391
"./build/Benchmark/dxexmachina_phold opdevs -c 6 -n 6 -s 4 -i 0 -r 60 -p 0.0 -t 1000000";"dxexmachina_phold";"opdevs";6;6;4;0;60;0.0;1000000;11829196.0;0.026099999999999998;452372205.0;203.142;8054.0;0.004;136.0;0.061;7727289119.0;3.47;6847223260.0;0.89;51835.0;0.023;4567070897.0;0.591;372446716.0;0.0482;2226.879603;5.231;0.425737287
"./build/Benchmark/dxexmachina_phold opdevs -c 6 -n 6 -s 4 -i 0 -r 60 -p 0.0 -t 1000000";"dxexmachina_phold";"opdevs";6;6;4;0;60;0.0;1000000;11602607.0;0.0252;460054484.0;204.065;8269.0;0.004;19.0;0.008;7859215962.0;3.486;6784240009.0;0.86;51850.0;0.023;4611021336.0;0.5867;357395190.0;0.0455;2254.445336;5.251;0.429300501
"./build/Benchmark/dxexmachina_phold opdevs -c 6 -n 6 -s 4 -i 0 -r 60 -p 0.0 -t 1000000";"dxexmachina_phold";"opdevs";6;6;4;0;60;0.0;1000000;10902864.0;0.0239;455382777.0;201.569;7648.0;0.003;22.0;0.01;7802289217.0;3.454;6891089454.0;0.88;51844.0;0.023;4671735032.0;0.5988;350468185.0;0.0449;2259.185056;5.202;0.434290865
"./build/Benchmark/dxexmachina_phold opdevs -c 6 -n 6 -s 4 -i 0 -r 60 -p 0.0 -t 1000000";"dxexmachina_phold";"opdevs";6;6;4;0;60;0.0;1000000;11929919.0;0.024700000000000003;483940126.0;205.606;8471.0;0.004;164.0;0.07;8160638673.0;3.467;7113749714.0;0.87;51899.0;0.022;4835963167.0;0.5926;396494905.0;0.048600000000000004;2353.723122;5.202;0.452507339
"./build/Benchmark/dxexmachina_phold opdevs -c 6 -n 6 -s 4 -i 0 -r 60 -p 0.0 -t 1000000";"dxexmachina_phold";"opdevs";6;6;4;0;60;0.0;1000000;10900265.0;0.023799999999999998;457397177.0;200.182;8028.0;0.004;31.0;0.014;7936450020.0;3.473;6865721570.0;0.87;51956.0;0.023;4727197243.0;0.5956;367710080.0;0.0463;2284.908501;5.203;0.439132117
"./build/Benchmark/dxexmachina_phold opdevs -c 6 -n 6 -s 4 -i 0 -r 60 -p 0.0 -t 1000000";"dxexmachina_phold";"opdevs";6;6;4;0;60;0.0;1000000;11040733.0;0.0242;455765272.0;199.353;8094.0;0.004;60.0;0.026;7884301003.0;3.449;6770038260.0;0.86;51867.0;0.023;4735189114.0;0.6006;354496068.0;0.045;2286.21886;5.201;0.439582743
"./build/Benchmark/dxexmachina_phold opdevs -c 6 -n 6 -s 4 -i 0 -r 60 -p 0.0 -t 1000000";"dxexmachina_phold";"opdevs";6;6;4;0;60;0.0;1000000;11028448.0;0.024;458839066.0;201.586;8035.0;0.004;29.0;0.013;7896676872.0;3.469;6888731426.0;0.87;51863.0;0.023;4684881412.0;0.5932999999999999;353909877.0;0.044800000000000006;2276.146938;5.197;0.437935822
"./build/Benchmark/dxexmachina_phold opdevs -c 6 -n 6 -s 4 -i 0 -r 60 -p 0.0 -t 1000000";"dxexmachina_phold";"opdevs";6;6;4;0;60;0.0;1000000;11747069.0;0.0253;464587979.0;201.909;7873.0;0.003;17.0;0.007;7984389527.0;3.47;6907744216.0;0.87;51934.0;0.023;4744762477.0;0.5943;380842425.0;0.04769999999999999;2300.979513;5.202;0.442321965
"./build/Benchmark/dxexmachina_phold opdevs -c 6 -n 6 -s 4 -i 0 -r 60 -p 0.0 -t 1000000";"dxexmachina_phold";"opdevs";6;6;4;0;60;0.0;1000000;11077992.0;0.024700000000000003;448444281.0;202.613;8074.0;0.004;35.0;0.016;7728813421.0;3.492;6859332230.0;0.89;51881.0;0.023;4583373047.0;0.593;362102940.0;0.046900000000000004;2213.308817;5.278;0.419355928
"./build/Benchmark/dxexmachina_phold opdevs -c 6 -n 6 -s 4 -i 0 -r 60 -p 0.0 -t 1000000";"dxexmachina_phold";"opdevs";6;6;4;0;60;0.0;1000000;10781722.0;0.0233;461883178.0;202.86;8089.0;0.004;20.0;0.009;7947797370.0;3.491;6886064474.0;0.87;51928.0;0.023;4695428797.0;0.5908;379705974.0;0.0478;2276.858777;5.22;0.436145534
"./build/Benchmark/dxexmachina_phold opdevs -c 6 -n 6 -s 4 -i 0 -r 60 -p 0.0 -t 1000000";"dxexmachina_phold";"opdevs";6;6;4;0;60;0.0;1000000;10748314.0;0.0235;457726676.0;198.729;7977.0;0.003;45.0;0.02;7997668224.0;3.472;6882978025.0;0.86;51820.0;0.022;4784798427.0;0.5982999999999999;388805849.0;0.048600000000000004;2303.269229;5.21;0.442085884
"./build/Benchmark/dxexmachina_phold opdevs -c 6 -n 6 -s 4 -i 0 -r 60 -p 0.0 -t 1000000";"dxexmachina_phold";"opdevs";6;6;4;0;60;0.0;1000000;11074053.0;0.024300000000000002;455390146.0;202.04;8278.0;0.004;23.0;0.01;7851728144.0;3.484;6820753470.0;0.87;51965.0;0.023;4647338477.0;0.5919;370477921.0;0.0472;2253.962646;5.214;0.432257015
"./build/Benchmark/dxexmachina_phold opdevs -c 6 -n 6 -s 4 -i 0 -r 60 -p 0.0 -t 1000000";"dxexmachina_phold";"opdevs";6;6;4;0;60;0.0;1000000;10968866.0;0.024;457683343.0;201.271;7788.0;0.003;23.0;0.01;7927941036.0;3.486;6788262584.0;0.86;51827.0;0.023;4731906437.0;0.5969;352792801.0;0.044500000000000005;2273.961258;5.244;0.433648821
"./build/Benchmark/dxexmachina_phold opdevs -c 6 -n 6 -s 4 -i 0 -r 60 -p 0.0 -t 1000000";"dxexmachina_phold";"opdevs";6;6;4;0;60;0.0;1000000;10491425.0;0.0235;445643693.0;201.394;7534.0;0.003;46.0;0.021;7708831541.0;3.484;6695201677.0;0.87;51860.0;0.023;4582845888.0;0.5945;350124322.0;0.0454;2212.799023;5.249;0.421605671
"./build/Benchmark/dxexmachina_phold opdevs -c 6 -n 6 -s 4 -i 0 -r 60 -p 0.0 -t 1000000";"dxexmachina_phold";"opdevs";6;6;4;0;60;0.0;1000000;11695045.0;0.025;467716706.0;202.327;8655.0;0.004;21.0;0.009;8005347579.0;3.463;7027099061.0;0.88;51867.0;0.022;4751221186.0;0.5935;384860651.0;0.0481;2311.682509;5.224;0.442537819
"./build/Benchmark/dxexmachina_phold opdevs -c 6 -n 6 -s 4 -i 0 -r 70 -p 0.0 -t 1000000";"dxexmachina_phold";"opdevs";6;6;4;0;70;0.0;1000000;12769052.0;0.0255;500240798.0;200.948;9257.0;0.004;26.0;0.01;8611062679.0;3.459;7429801148.0;0.86;53961.0;0.022;5126500913.0;0.5953;398643233.0;0.0463;2489.407386;5.246;0.474569874
"./build/Benchmark/dxexmachina_phold opdevs -c 6 -n 6 -s 4 -i 0 -r 70 -p 0.0 -t 1000000";"dxexmachina_phold";"opdevs";6;6;4;0;70;0.0;1000000;14171024.0;0.028900000000000002;490946935.0;197.256;9247.0;0.004;30.0;0.012;8664042425.0;3.481;7346637978.0;0.85;53981.0;0.022;5185143295.0;0.5985;415553666.0;0.048;2488.878328;5.27;0.472296993
"./build/Benchmark/dxexmachina_phold opdevs -c 6 -n 6 -s 4 -i 0 -r 70 -p 0.0 -t 1000000";"dxexmachina_phold";"opdevs";6;6;4;0;70;0.0;1000000;12703270.0;0.025699999999999997;494417921.0;200.589;9019.0;0.004;37.0;0.015;8562269633.0;3.474;7426175675.0;0.87;54001.0;0.022;5123808857.0;0.5984;404804337.0;0.0473;2464.83388;5.275;0.467284735
"./build/Benchmark/dxexmachina_phold opdevs -c 6 -n 6 -s 4 -i 0 -r 70 -p 0.0 -t 1000000";"dxexmachina_phold";"opdevs";6;6;4;0;70;0.0;1000000;12967243.0;0.0263;492569650.0;197.304;9430.0;0.004;34.0;0.014;8608535018.0;3.448;7410732166.0;0.86;53931.0;0.022;5183756896.0;0.6022;405389620.0;0.0471;2496.500457;5.22;0.478287255
"./build/Benchmark/dxexmachina_phold opdevs -c 6 -n 6 -s 4 -i 0 -r 70 -p 0.0 -t 1000000";"dxexmachina_phold";"opdevs";6;6;4;0;70;0.0;1000000;12232172.0;0.0254;481962535.0;199.258;9035.0;0.004;275.0;0.114;8456391829.0;3.496;7231003115.0;0.86;53968.0;0.022;5024435556.0;0.5942000000000001;380659480.0;0.045;2418.78125;5.232;0.462328307
"./build/Benchmark/dxexmachina_phold opdevs -c 6 -n 6 -s 4 -i 0 -r 70 -p 0.0 -t 1000000";"dxexmachina_phold";"opdevs";6;6;4;0;70;0.0;1000000;12879160.0;0.026000000000000002;494755711.0;201.047;9170.0;0.004;27.0;0.011;8589607545.0;3.49;7323401825.0;0.85;53898.0;0.022;5108729680.0;0.5948;384472831.0;0.044800000000000006;2460.8978;5.296;0.464679992
"./build/Benchmark/dxexmachina_phold opdevs -c 6 -n 6 -s 4 -i 0 -r 70 -p 0.0 -t 1000000";"dxexmachina_phold";"opdevs";6;6;4;0;70;0.0;1000000;13210408.0;0.027000000000000003;489547036.0;198.098;9339.0;0.004;34.0;0.014;8600740532.0;3.48;7310219638.0;0.85;53966.0;0.022;5151976087.0;0.599;407866891.0;0.047400000000000005;2471.235665;5.271;0.468844132
"./build/Benchmark/dxexmachina_phold opdevs -c 6 -n 6 -s 4 -i 0 -r 70 -p 0.0 -t 1000000";"dxexmachina_phold";"opdevs";6;6;4;0;70;0.0;1000000;12931517.0;0.0262;493930912.0;199.576;9351.0;0.004;344.0;0.139;8648659457.0;3.495;7377409672.0;0.85;53925.0;0.022;5185079507.0;0.5995;412966813.0;0.04769999999999999;2474.906857;5.301;0.466898517
"./build/Benchmark/dxexmachina_phold opdevs -c 6 -n 6 -s 4 -i 0 -r 70 -p 0.0 -t 1000000";"dxexmachina_phold";"opdevs";6;6;4;0;70;0.0;1000000;12383737.0;0.024700000000000003;502111141.0;202.844;9068.0;0.004;23.0;0.009;8602473624.0;3.475;7338444840.0;0.85;53970.0;0.022;5103133181.0;0.5932;397885802.0;0.0463;2475.357225;5.246;0.471883333
"./build/Benchmark/dxexmachina_phold opdevs -c 6 -n 6 -s 4 -i 0 -r 70 -p 0.0 -t 1000000";"dxexmachina_phold";"opdevs";6;6;4;0;70;0.0;1000000;12168416.0;0.0246;495110054.0;200.826;9335.0;0.004;287.0;0.116;8619241542.0;3.496;7323404375.0;0.85;53904.0;0.022;5158269803.0;0.5985;399996614.0;0.0464;2465.374202;5.256;0.469099107
"./build/Benchmark/dxexmachina_phold opdevs -c 6 -n 6 -s 4 -i 0 -r 70 -p 0.0 -t 1000000";"dxexmachina_phold";"opdevs";6;6;4;0;70;0.0;1000000;14126146.0;0.028900000000000002;488932174.0;196.486;9203.0;0.004;31.0;0.012;8690329877.0;3.492;7280407941.0;0.84;53943.0;0.022;5196396295.0;0.598;413882832.0;0.047599999999999996;2488.377901;5.301;0.469396387
"./build/Benchmark/dxexmachina_phold opdevs -c 6 -n 6 -s 4 -i 0 -r 70 -p 0.0 -t 1000000";"dxexmachina_phold";"opdevs";6;6;4;0;70;0.0;1000000;12198738.0;0.0246;494879929.0;199.301;9386.0;0.004;28.0;0.011;8628864655.0;3.475;7353352568.0;0.85;53473.0;0.022;5179695388.0;0.6003000000000001;396129660.0;0.045899999999999996;2483.075338;5.272;0.471007516
"./build/Benchmark/dxexmachina_phold opdevs -c 6 -n 6 -s 4 -i 0 -r 70 -p 0.0 -t 1000000";"dxexmachina_phold";"opdevs";6;6;4;0;70;0.0;1000000;12650516.0;0.0259;488550765.0;199.625;9247.0;0.004;78.0;0.032;8538260044.0;3.489;7276046482.0;0.85;53943.0;0.022;5115024422.0;0.5991;405561413.0;0.0475;2447.339066;5.267;0.464683615
"./build/Benchmark/dxexmachina_phold opdevs -c 6 -n 6 -s 4 -i 0 -r 70 -p 0.0 -t 1000000";"dxexmachina_phold";"opdevs";6;6;4;0;70;0.0;1000000;12938391.0;0.0259;500178298.0;201.836;9730.0;0.004;33.0;0.013;8626494676.0;3.481;7412398586.0;0.86;53943.0;0.022;5126855283.0;0.5943;409179085.0;0.047400000000000005;2478.146478;5.24;0.47294887
"./build/Benchmark/dxexmachina_phold opdevs -c 6 -n 6 -s 4 -i 0 -r 70 -p 0.0 -t 1000000";"dxexmachina_phold";"opdevs";6;6;4;0;70;0.0;1000000;12586991.0;0.025;503196104.0;202.437;9527.0;0.004;19.0;0.008;8533568587.0;3.433;7413644772.0;0.87;53934.0;0.022;5096571612.0;0.5972;383163286.0;0.0449;2485.693535;5.181;0.479754454
"./build/Benchmark/dxexmachina_phold opdevs -c 6 -n 6 -s 4 -i 0 -r 80 -p 0.0 -t 1000000";"dxexmachina_phold";"opdevs";6;6;4;0;80;0.0;1000000;13955507.0;0.0262;533499820.0;201.774;9770.0;0.004;46.0;0.017;9254633408.0;3.5;7774491744.0;0.84;54602.0;0.021;5540765434.0;0.5987;433642391.0;0.046900000000000004;2644.044223;5.292;0.499673415
"./build/Benchmark/dxexmachina_phold opdevs -c 6 -n 6 -s 4 -i 0 -r 80 -p 0.0 -t 1000000";"dxexmachina_phold";"opdevs";6;6;4;0;80;0.0;1000000;12857157.0;0.024300000000000002;529472303.0;199.687;9790.0;0.004;358.0;0.135;9236596860.0;3.484;7724387688.0;0.84;54478.0;0.021;5605224935.0;0.6068;428796901.0;0.0464;2651.511919;5.299;0.500391578
"./build/Benchmark/dxexmachina_phold opdevs -c 6 -n 6 -s 4 -i 0 -r 80 -p 0.0 -t 1000000";"dxexmachina_phold";"opdevs";6;6;4;0;80;0.0;1000000;13803717.0;0.0259;533471756.0;201.238;10520.0;0.004;226.0;0.085;9300675560.0;3.508;7682118468.0;0.83;54395.0;0.021;5644949380.0;0.6069;442148560.0;0.0475;2650.943034;5.33;0.497403757
"./build/Benchmark/dxexmachina_phold opdevs -c 6 -n 6 -s 4 -i 0 -r 80 -p 0.0 -t 1000000";"dxexmachina_phold";"opdevs";6;6;4;0;80;0.0;1000000;12970629.0;0.0241;538048396.0;201.019;9918.0;0.004;151.0;0.056;9369097060.0;3.5;7757504465.0;0.83;54439.0;0.02;5701048970.0;0.6085;428145466.0;0.045700000000000005;2676.608821;5.319;0.503209388
"./build/Benchmark/dxexmachina_phold opdevs -c 6 -n 6 -s 4 -i 0 -r 80 -p 0.0 -t 1000000";"dxexmachina_phold";"opdevs";6;6;4;0;80;0.0;1000000;12983677.0;0.0246;528160603.0;200.974;9618.0;0.004;27.0;0.01;9192460454.0;3.498;7672897737.0;0.83;54396.0;0.021;5549388478.0;0.6037;436917673.0;0.0475;2628.005635;5.35;0.491212766
"./build/Benchmark/dxexmachina_phold opdevs -c 6 -n 6 -s 4 -i 0 -r 80 -p 0.0 -t 1000000";"dxexmachina_phold";"opdevs";6;6;4;0;80;0.0;1000000;12825157.0;0.0245;524419421.0;199.708;9315.0;0.004;67.0;0.026;9185403630.0;3.498;7659014926.0;0.83;54573.0;0.021;5556686468.0;0.6049;444521049.0;0.0484;2625.92725;5.301;0.495386451
"./build/Benchmark/dxexmachina_phold opdevs -c 6 -n 6 -s 4 -i 0 -r 80 -p 0.0 -t 1000000";"dxexmachina_phold";"opdevs";6;6;4;0;80;0.0;1000000;13860302.0;0.0262;529899637.0;199.858;9829.0;0.004;359.0;0.135;9241039976.0;3.485;7761063865.0;0.84;54404.0;0.021;5603924108.0;0.6064;439395934.0;0.0475;2651.378277;5.303;0.499954101
"./build/Benchmark/dxexmachina_phold opdevs -c 6 -n 6 -s 4 -i 0 -r 80 -p 0.0 -t 1000000";"dxexmachina_phold";"opdevs";6;6;4;0;80;0.0;1000000;13910977.0;0.026099999999999998;533177294.0;202.841;9980.0;0.004;21.0;0.008;9165226253.0;3.487;7786915705.0;0.85;54435.0;0.021;5498640543.0;0.5999;435736895.0;0.0475;2628.547493;5.31;0.495056985
"./build/Benchmark/dxexmachina_phold opdevs -c 6 -n 6 -s 4 -i 0 -r 80 -p 0.0 -t 1000000";"dxexmachina_phold";"opdevs";6;6;4;0;80;0.0;1000000;13983012.0;0.0263;532393831.0;199.744;9977.0;0.004;276.0;0.104;9307863998.0;3.492;7704445747.0;0.83;54563.0;0.02;5679030869.0;0.6101;434365741.0;0.0467;2665.380832;5.291;0.503785639
"./build/Benchmark/dxexmachina_phold opdevs -c 6 -n 6 -s 4 -i 0 -r 80 -p 0.0 -t 1000000";"dxexmachina_phold";"opdevs";6;6;4;0;80;0.0;1000000;13897684.0;0.0259;535931203.0;199.915;10194.0;0.004;41.0;0.015;9415302789.0;3.512;7840070111.0;0.83;54399.0;0.02;5671146524.0;0.6023;450458396.0;0.0478;2680.796453;5.303;0.505526015
"./build/Benchmark/dxexmachina_phold opdevs -c 6 -n 6 -s 4 -i 0 -r 80 -p 0.0 -t 1000000";"dxexmachina_phold";"opdevs";6;6;4;0;80;0.0;1000000;13933052.0;0.0264;528315290.0;199.297;10345.0;0.004;28.0;0.011;9248225496.0;3.489;7684130510.0;0.83;54404.0;0.021;5651814588.0;0.6111;437024884.0;0.0473;2650.900821;5.304;0.499763186
"./build/Benchmark/dxexmachina_phold opdevs -c 6 -n 6 -s 4 -i 0 -r 80 -p 0.0 -t 1000000";"dxexmachina_phold";"opdevs";6;6;4;0;80;0.0;1000000;12891133.0;0.0245;526039318.0;199.511;9643.0;0.004;305.0;0.116;9153679988.0;3.472;7683665340.0;0.84;54462.0;0.021;5511070878.0;0.6021;430213317.0;0.047;2636.643481;5.266;0.500645404
"./build/Benchmark/dxexmachina_phold opdevs -c 6 -n 6 -s 4 -i 0 -r 80 -p 0.0 -t 1000000";"dxexmachina_phold";"opdevs";6;6;4;0;80;0.0;1000000;13377033.0;0.0253;529002747.0;200.978;9672.0;0.004;31.0;0.012;9195753939.0;3.494;7758889354.0;0.84;54383.0;0.021;5570661839.0;0.6058;408775415.0;0.044500000000000005;2632.141991;5.284;0.498168039
"./build/Benchmark/dxexmachina_phold opdevs -c 6 -n 6 -s 4 -i 0 -r 80 -p 0.0 -t 1000000";"dxexmachina_phold";"opdevs";6;6;4;0;80;0.0;1000000;13640432.0;0.0252;541905847.0;206.157;9984.0;0.004;147.0;0.056;9194768127.0;3.498;7779561780.0;0.85;54477.0;0.021;5499296483.0;0.5981000000000001;430316255.0;0.046799999999999994;2628.604302;5.266;0.49917429
"./build/Benchmark/dxexmachina_phold opdevs -c 6 -n 6 -s 4 -i 0 -r 80 -p 0.0 -t 1000000";"dxexmachina_phold";"opdevs";6;6;4;0;80;0.0;1000000;15242753.0;0.0287;531565426.0;200.13;10110.0;0.004;37.0;0.014;9254494079.0;3.484;7746762027.0;0.84;54465.0;0.021;5583368136.0;0.6033;439961192.0;0.0475;2656.105132;5.282;0.502886932
"./build/Benchmark/dxexmachina_phold opdevs -c 6 -n 6 -s 4 -i 0 -r 90 -p 0.0 -t 1000000";"dxexmachina_phold";"opdevs";6;6;4;0;90;0.0;1000000;15316695.0;0.0265;577125513.0;205.264;11166.0;0.004;37.0;0.013;9907036084.0;3.524;8168263528.0;0.82;54268.0;0.019;6023326956.0;0.608;500035549.0;0.050499999999999996;2811.62098;5.379;0.522691345
"./build/Benchmark/dxexmachina_phold opdevs -c 6 -n 6 -s 4 -i 0 -r 90 -p 0.0 -t 1000000";"dxexmachina_phold";"opdevs";6;6;4;0;90;0.0;1000000;14704711.0;0.0255;576189728.0;206.329;10979.0;0.004;25.0;0.009;9784712104.0;3.504;8128362138.0;0.83;54199.0;0.019;5930087785.0;0.6061;468496542.0;0.0479;2792.583365;5.336;0.523301887
"./build/Benchmark/dxexmachina_phold opdevs -c 6 -n 6 -s 4 -i 0 -r 90 -p 0.0 -t 1000000";"dxexmachina_phold";"opdevs";6;6;4;0;90;0.0;1000000;14933896.0;0.0256;584040838.0;205.497;11176.0;0.004;29.0;0.01;9896540979.0;3.482;8159171188.0;0.82;54288.0;0.019;6042487287.0;0.6106;480307632.0;0.048499999999999995;2842.09333;5.342;0.532042891
"./build/Benchmark/dxexmachina_phold opdevs -c 6 -n 6 -s 4 -i 0 -r 90 -p 0.0 -t 1000000";"dxexmachina_phold";"opdevs";6;6;4;0;90;0.0;1000000;14905011.0;0.025699999999999997;580961016.0;205.621;10849.0;0.004;35.0;0.012;9906157307.0;3.506;8112187090.0;0.82;54268.0;0.019;5974636443.0;0.6031;483038113.0;0.048799999999999996;2825.399758;5.341;0.529042118
"./build/Benchmark/dxexmachina_phold opdevs -c 6 -n 6 -s 4 -i 0 -r 90 -p 0.0 -t 1000000";"dxexmachina_phold";"opdevs";6;6;4;0;90;0.0;1000000;13890298.0;0.024399999999999998;570159790.0;203.349;10816.0;0.004;30.0;0.011;9831447858.0;3.506;8049722894.0;0.82;54245.0;0.019;6016660832.0;0.612;470678126.0;0.0479;2803.842129;5.354;0.523737818
"./build/Benchmark/dxexmachina_phold opdevs -c 6 -n 6 -s 4 -i 0 -r 90 -p 0.0 -t 1000000";"dxexmachina_phold";"opdevs";6;6;4;0;90;0.0;1000000;14689946.0;0.0253;581277745.0;204.678;11034.0;0.004;375.0;0.132;9898676006.0;3.486;8131194019.0;0.82;54277.0;0.019;6002940617.0;0.6064;481291009.0;0.048600000000000004;2839.955168;5.295;0.536360532
"./build/Benchmark/dxexmachina_phold opdevs -c 6 -n 6 -s 4 -i 0 -r 90 -p 0.0 -t 1000000";"dxexmachina_phold";"opdevs";6;6;4;0;90;0.0;1000000;15205539.0;0.025699999999999997;592297735.0;206.201;11554.0;0.004;32.0;0.011;10025959926.0;3.49;8227791974.0;0.82;54277.0;0.019;6057659539.0;0.6042000000000001;500625350.0;0.0499;2872.427992;5.307;0.541214422
"./build/Benchmark/dxexmachina_phold opdevs -c 6 -n 6 -s 4 -i 0 -r 90 -p 0.0 -t 1000000";"dxexmachina_phold";"opdevs";6;6;4;0;90;0.0;1000000;14909773.0;0.0252;590809251.0;204.525;11208.0;0.004;43.0;0.015;10088175514.0;3.492;8204269979.0;0.81;54349.0;0.019;6170344687.0;0.6115999999999999;497555679.0;0.0493;2888.688612;5.305;0.54450473
"./build/Benchmark/dxexmachina_phold opdevs -c 6 -n 6 -s 4 -i 0 -r 90 -p 0.0 -t 1000000";"dxexmachina_phold";"opdevs";6;6;4;0;90;0.0;1000000;13963907.0;0.0239;583897912.0;205.811;10545.0;0.004;21.0;0.007;9886131866.0;3.485;8165523341.0;0.83;54243.0;0.019;6008250986.0;0.6077;467288428.0;0.0473;2837.062337;5.301;0.535169972
"./build/Benchmark/dxexmachina_phold opdevs -c 6 -n 6 -s 4 -i 0 -r 90 -p 0.0 -t 1000000";"dxexmachina_phold";"opdevs";6;6;4;0;90;0.0;1000000;14230659.0;0.0246;578193536.0;203.863;10881.0;0.004;29.0;0.01;9894164246.0;3.489;8072308298.0;0.82;54265.0;0.019;6060211874.0;0.6125;460409446.0;0.04650000000000001;2836.184812;5.298;0.535281351
"./build/Benchmark/dxexmachina_phold opdevs -c 6 -n 6 -s 4 -i 0 -r 90 -p 0.0 -t 1000000";"dxexmachina_phold";"opdevs";6;6;4;0;90;0.0;1000000;14969932.0;0.0255;587764040.0;206.397;11067.0;0.004;71.0;0.025;9977298706.0;3.504;8144781463.0;0.82;54316.0;0.019;6054687625.0;0.6068;490864127.0;0.0492;2847.733484;5.318;0.535460739
"./build/Benchmark/dxexmachina_phold opdevs -c 6 -n 6 -s 4 -i 0 -r 90 -p 0.0 -t 1000000";"dxexmachina_phold";"opdevs";6;6;4;0;90;0.0;1000000;14080925.0;0.024399999999999998;576641821.0;205.63;10464.0;0.004;25.0;0.009;9830865021.0;3.506;8125443444.0;0.83;54227.0;0.019;5925917789.0;0.6028;479752797.0;0.048799999999999996;2804.270241;5.348;0.524401121
"./build/Benchmark/dxexmachina_phold opdevs -c 6 -n 6 -s 4 -i 0 -r 90 -p 0.0 -t 1000000";"dxexmachina_phold";"opdevs";6;6;4;0;90;0.0;1000000;14645064.0;0.0255;574419888.0;202.371;10690.0;0.004;34.0;0.012;9936135653.0;3.501;8072763240.0;0.81;54417.0;0.019;6112919761.0;0.6152000000000001;460912199.0;0.0464;2838.452545;5.315;0.534082308
"./build/Benchmark/dxexmachina_phold opdevs -c 6 -n 6 -s 4 -i 0 -r 90 -p 0.0 -t 1000000";"dxexmachina_phold";"opdevs";6;6;4;0;90;0.0;1000000;13913879.0;0.0242;574278834.0;204.382;11028.0;0.004;18.0;0.006;9830256432.0;3.499;8058515383.0;0.82;54218.0;0.019;5973535347.0;0.6077;490364174.0;0.0499;2809.834938;5.331;0.527122434
"./build/Benchmark/dxexmachina_phold opdevs -c 6 -n 6 -s 4 -i 0 -r 90 -p 0.0 -t 1000000";"dxexmachina_phold";"opdevs";6;6;4;0;90;0.0;1000000;14644065.0;0.025099999999999997;583098643.0;205.504;10628.0;0.004;70.0;0.025;9984745566.0;3.519;8084698574.0;0.81;54252.0;0.019;6018114915.0;0.6027;485901067.0;0.0487;2837.40778;5.339;0.531452756
