 "command";"executable";"simtype";"ncores";"nodes";"atomics/node";"iterations";"% remotes";"% priority";"end time" ;"branch-misses";"branch-misses (of all branches          (50.05%))";"branches";"branches (M/sec                    (50.18%))";"context-switches";"context-switches (K/sec)";"cpu-migrations";"cpu-migrations (K/sec)";"cycles";"cycles (GHz                      (49.86%))";"instructions";"instructions (insns per cycle)";"page-faults";"page-faults (K/sec)";"stalled-cycles-backend";"stalled-cycles-backend (backend  cycles idle     (50.18%))";"stalled-cycles-frontend";"stalled-cycles-frontend (frontend cycles idle     (49.86%))";"task-clock (msec)";"task-clock (CPUs utilized)";"time-elapsed (seconds)"
"./build/Benchmark/adevs_phold classic -n 6 -s 4 -i 0 -r 90 -p 0.1 -t 1000000";"adevs_phold";"classic";1;6;4;0;90;10.0;1000000;3036548.0;0.0429;70834482.0;134.356;52.0;0.099;0.0;0.0;1877894813.0;3.562;2641638899.0;1.41;473.0;0.897;875597716.0;0.46630000000000005;28843360.0;0.0154;527.216254;0.999;0.527505932
"./build/Benchmark/adevs_phold classic -n 6 -s 4 -i 0 -r 90 -p 0.1 -t 1000000";"adevs_phold";"classic";1;6;4;0;90;10.0;1000000;3175683.0;0.044800000000000006;70910093.0;134.691;54.0;0.103;0.0;0.0;1881923096.0;3.575;2642370198.0;1.4;472.0;0.897;877829945.0;0.46649999999999997;30082892.0;0.016;526.46574;1.0;0.526728806
"./build/Benchmark/adevs_phold classic -n 6 -s 4 -i 0 -r 90 -p 0.1 -t 1000000";"adevs_phold";"classic";1;6;4;0;90;10.0;1000000;3108011.0;0.044000000000000004;70640905.0;134.298;52.0;0.099;0.0;0.0;1863931297.0;3.544;2651714020.0;1.42;469.0;0.892;878731114.0;0.4714;30701157.0;0.0165;526.000537;0.999;0.526263853
"./build/Benchmark/adevs_phold classic -n 6 -s 4 -i 0 -r 90 -p 0.1 -t 1000000";"adevs_phold";"classic";1;6;4;0;90;10.0;1000000;3189332.0;0.0451;70765403.0;134.296;54.0;0.102;0.0;0.0;1879581912.0;3.567;2640354586.0;1.4;468.0;0.888;876938580.0;0.46659999999999996;29970949.0;0.0159;526.935076;1.0;0.527173525
"./build/Benchmark/adevs_phold classic -n 6 -s 4 -i 0 -r 90 -p 0.1 -t 1000000";"adevs_phold";"classic";1;6;4;0;90;10.0;1000000;3016797.0;0.0425;70954947.0;135.138;54.0;0.103;0.0;0.0;1871313457.0;3.564;2644610429.0;1.41;472.0;0.899;882294956.0;0.4715;27627590.0;0.0148;525.053772;1.0;0.524985185
"./build/Benchmark/adevs_phold classic -n 6 -s 4 -i 0 -r 90 -p 0.1 -t 1000000";"adevs_phold";"classic";1;6;4;0;90;10.0;1000000;3117307.0;0.044199999999999996;70580567.0;134.114;54.0;0.103;0.0;0.0;1877701360.0;3.568;2647688234.0;1.41;473.0;0.899;877567060.0;0.46740000000000004;30532118.0;0.0163;526.271919;1.0;0.526138365
"./build/Benchmark/adevs_phold classic -n 6 -s 4 -i 0 -r 90 -p 0.1 -t 1000000";"adevs_phold";"classic";1;6;4;0;90;10.0;1000000;3143610.0;0.044199999999999996;71053046.0;135.266;53.0;0.101;0.0;0.0;1870236932.0;3.56;2647226272.0;1.42;473.0;0.9;878980957.0;0.47;30172920.0;0.0161;525.284162;1.0;0.525515952
"./build/Benchmark/adevs_phold classic -n 6 -s 4 -i 0 -r 90 -p 0.1 -t 1000000";"adevs_phold";"classic";1;6;4;0;90;10.0;1000000;3182894.0;0.0449;70936056.0;134.503;54.0;0.102;0.0;0.0;1877720141.0;3.56;2646007980.0;1.41;474.0;0.899;875864845.0;0.46649999999999997;31024729.0;0.0165;527.39261;0.999;0.527690738
"./build/Benchmark/adevs_phold classic -n 6 -s 4 -i 0 -r 90 -p 0.1 -t 1000000";"adevs_phold";"classic";1;6;4;0;90;10.0;1000000;3026956.0;0.0429;70494845.0;133.65;54.0;0.102;0.0;0.0;1881026740.0;3.566;2631846472.0;1.4;473.0;0.897;875502734.0;0.4654;29480811.0;0.015700000000000002;527.460148;1.0;0.52770112
"./build/Benchmark/adevs_phold classic -n 6 -s 4 -i 0 -r 90 -p 0.1 -t 1000000";"adevs_phold";"classic";1;6;4;0;90;10.0;1000000;3034678.0;0.042800000000000005;70933277.0;134.841;53.0;0.101;0.0;0.0;1876231502.0;3.567;2645151965.0;1.41;477.0;0.907;877445142.0;0.4677;29107983.0;0.0155;526.05203;1.0;0.526181268
"./build/Benchmark/adevs_phold classic -n 6 -s 4 -i 0 -r 90 -p 0.1 -t 1000000";"adevs_phold";"classic";1;6;4;0;90;10.0;1000000;3120315.0;0.0443;70473473.0;134.043;53.0;0.101;0.0;0.0;1864956542.0;3.547;2647670596.0;1.42;468.0;0.89;879531716.0;0.47159999999999996;30816346.0;0.0165;525.752014;1.0;0.525940865
"./build/Benchmark/adevs_phold classic -n 6 -s 4 -i 0 -r 90 -p 0.1 -t 1000000";"adevs_phold";"classic";1;6;4;0;90;10.0;1000000;3151421.0;0.0443;71107632.0;135.171;53.0;0.101;0.0;0.0;1869681963.0;3.554;2648057143.0;1.42;472.0;0.897;879348793.0;0.4703;30044735.0;0.0161;526.057949;1.0;0.526223389
"./build/Benchmark/adevs_phold classic -n 6 -s 4 -i 0 -r 90 -p 0.1 -t 1000000";"adevs_phold";"classic";1;6;4;0;90;10.0;1000000;3025661.0;0.0426;70968601.0;134.917;53.0;0.101;0.0;0.0;1875805166.0;3.566;2645645719.0;1.41;472.0;0.897;877603251.0;0.4679;29359385.0;0.015700000000000002;526.016734;1.0;0.526251645
"./build/Benchmark/adevs_phold classic -n 6 -s 4 -i 0 -r 90 -p 0.1 -t 1000000";"adevs_phold";"classic";1;6;4;0;90;10.0;1000000;3017698.0;0.0426;70910476.0;134.747;54.0;0.103;0.0;0.0;1876449280.0;3.566;2644835840.0;1.41;474.0;0.901;877455876.0;0.46759999999999996;28667329.0;0.015300000000000001;526.249239;1.0;0.526493656
"./build/Benchmark/adevs_phold classic -n 6 -s 4 -i 0 -r 90 -p 0.1 -t 1000000";"adevs_phold";"classic";1;6;4;0;90;10.0;1000000;3182246.0;0.0451;70603379.0;133.928;55.0;0.104;0.0;0.0;1880887268.0;3.568;2639284012.0;1.4;469.0;0.89;876938238.0;0.46619999999999995;31571223.0;0.0168;527.172654;1.0;0.527390032
"./build/Benchmark/adevs_phold classic -n 6 -s 4 -i 0 -r 90 -p 0.2 -t 1000000";"adevs_phold";"classic";1;6;4;0;90;20.0;1000000;3292607.0;0.042699999999999995;77122870.0;134.235;59.0;0.103;0.0;0.0;2054500216.0;3.576;2893994827.0;1.41;467.0;0.813;961829387.0;0.4682;31128988.0;0.0152;574.537065;1.0;0.574657589
"./build/Benchmark/adevs_phold classic -n 6 -s 4 -i 0 -r 90 -p 0.2 -t 1000000";"adevs_phold";"classic";1;6;4;0;90;20.0;1000000;3375200.0;0.0443;76161731.0;131.86;58.0;0.1;0.0;0.0;2053990278.0;3.556;2890324042.0;1.41;472.0;0.817;964784705.0;0.4697;33214543.0;0.016200000000000003;577.595175;1.0;0.577648145
"./build/Benchmark/adevs_phold classic -n 6 -s 4 -i 0 -r 90 -p 0.2 -t 1000000";"adevs_phold";"classic";1;6;4;0;90;20.0;1000000;3240434.0;0.042;77113729.0;134.127;58.0;0.101;0.0;0.0;2050289162.0;3.566;2895054377.0;1.41;471.0;0.819;959991826.0;0.4682;31215450.0;0.0152;574.93201;1.0;0.575044461
"./build/Benchmark/adevs_phold classic -n 6 -s 4 -i 0 -r 90 -p 0.2 -t 1000000";"adevs_phold";"classic";1;6;4;0;90;20.0;1000000;3240748.0;0.042;77101015.0;134.067;58.0;0.101;0.0;0.0;2050281741.0;3.565;2894875122.0;1.41;470.0;0.817;959950990.0;0.4682;30587400.0;0.0149;575.091661;1.0;0.575183455
"./build/Benchmark/adevs_phold classic -n 6 -s 4 -i 0 -r 90 -p 0.2 -t 1000000";"adevs_phold";"classic";1;6;4;0;90;20.0;1000000;3259301.0;0.0421;77376134.0;134.983;58.0;0.101;0.0;0.0;2043768834.0;3.565;2892942299.0;1.42;471.0;0.822;963012516.0;0.47119999999999995;30701593.0;0.015;573.227306;1.0;0.573374745
"./build/Benchmark/adevs_phold classic -n 6 -s 4 -i 0 -r 90 -p 0.2 -t 1000000";"adevs_phold";"classic";1;6;4;0;90;20.0;1000000;3242136.0;0.042199999999999994;76752919.0;133.599;58.0;0.101;0.0;0.0;2051243873.0;3.57;2896973028.0;1.41;471.0;0.82;962050803.0;0.469;30362905.0;0.0148;574.504177;1.0;0.57430285
"./build/Benchmark/adevs_phold classic -n 6 -s 4 -i 0 -r 90 -p 0.2 -t 1000000";"adevs_phold";"classic";1;6;4;0;90;20.0;1000000;3245809.0;0.042199999999999994;76922037.0;133.674;58.0;0.101;0.0;0.0;2052163052.0;3.566;2892496103.0;1.41;473.0;0.822;961412759.0;0.4685;30432075.0;0.0148;575.443908;1.0;0.575603567
"./build/Benchmark/adevs_phold classic -n 6 -s 4 -i 0 -r 90 -p 0.2 -t 1000000";"adevs_phold";"classic";1;6;4;0;90;20.0;1000000;3243963.0;0.0421;77087287.0;134.016;58.0;0.101;0.0;0.0;2050998024.0;3.566;2893689108.0;1.41;470.0;0.817;959462041.0;0.4678;31346379.0;0.015300000000000001;575.209088;1.0;0.575439045
"./build/Benchmark/adevs_phold classic -n 6 -s 4 -i 0 -r 90 -p 0.2 -t 1000000";"adevs_phold";"classic";1;6;4;0;90;20.0;1000000;3521765.0;0.0458;76843245.0;132.78;58.0;0.1;0.0;0.0;2057387668.0;3.555;2891489658.0;1.41;469.0;0.81;965650112.0;0.4694;33647036.0;0.016399999999999998;578.724698;1.0;0.578914356
"./build/Benchmark/adevs_phold classic -n 6 -s 4 -i 0 -r 90 -p 0.2 -t 1000000";"adevs_phold";"classic";1;6;4;0;90;20.0;1000000;3213202.0;0.04190000000000001;76619402.0;132.795;58.0;0.101;0.0;0.0;2051160295.0;3.555;2896600792.0;1.41;472.0;0.818;964929121.0;0.4704;31048543.0;0.0151;576.976747;1.0;0.577036274
"./build/Benchmark/adevs_phold classic -n 6 -s 4 -i 0 -r 90 -p 0.2 -t 1000000";"adevs_phold";"classic";1;6;4;0;90;20.0;1000000;3353737.0;0.0436;76973319.0;133.624;59.0;0.102;0.0;0.0;2055204062.0;3.568;2886501185.0;1.4;474.0;0.823;967597373.0;0.4708;32125646.0;0.015600000000000001;576.044404;1.0;0.576148225
"./build/Benchmark/adevs_phold classic -n 6 -s 4 -i 0 -r 90 -p 0.2 -t 1000000";"adevs_phold";"classic";1;6;4;0;90;20.0;1000000;3389564.0;0.0443;76484510.0;132.26;57.0;0.099;0.0;0.0;2050045980.0;3.545;2898483642.0;1.41;472.0;0.816;963384711.0;0.46990000000000004;33387175.0;0.0163;578.290919;1.0;0.578386266
"./build/Benchmark/adevs_phold classic -n 6 -s 4 -i 0 -r 90 -p 0.2 -t 1000000";"adevs_phold";"classic";1;6;4;0;90;20.0;1000000;3436415.0;0.0444;77448248.0;134.962;59.0;0.103;0.0;0.0;2043692403.0;3.561;2895801752.0;1.42;471.0;0.821;962663493.0;0.47100000000000003;32504648.0;0.0159;573.852021;1.0;0.574002613
"./build/Benchmark/adevs_phold classic -n 6 -s 4 -i 0 -r 90 -p 0.2 -t 1000000";"adevs_phold";"classic";1;6;4;0;90;20.0;1000000;3255361.0;0.042199999999999994;77096757.0;134.077;58.0;0.101;0.0;0.0;2049880029.0;3.565;2895903084.0;1.41;468.0;0.814;959975059.0;0.4683;31221665.0;0.0152;575.020201;1.0;0.575207685
"./build/Benchmark/adevs_phold classic -n 6 -s 4 -i 0 -r 90 -p 0.2 -t 1000000";"adevs_phold";"classic";1;6;4;0;90;20.0;1000000;3438258.0;0.0447;76973603.0;133.853;60.0;0.104;1.0;0.002;2054651732.0;3.573;2896957611.0;1.41;472.0;0.821;960510949.0;0.4675;32599582.0;0.0159;575.059502;1.0;0.575226327
"./build/Benchmark/adevs_phold classic -n 6 -s 4 -i 0 -r 90 -p 0.3 -t 1000000";"adevs_phold";"classic";1;6;4;0;90;30.0;1000000;3592476.0;0.0424;84700954.0;133.415;63.0;0.099;0.0;0.0;2272600819.0;3.58;3207227591.0;1.41;470.0;0.74;1065450415.0;0.46880000000000005;34319024.0;0.0151;634.866776;1.0;0.634778883
"./build/Benchmark/adevs_phold classic -n 6 -s 4 -i 0 -r 90 -p 0.3 -t 1000000";"adevs_phold";"classic";1;6;4;0;90;30.0;1000000;3714365.0;0.043899999999999995;84536842.0;132.14;66.0;0.103;1.0;0.002;2269664150.0;3.548;3204246454.0;1.41;473.0;0.739;1069934860.0;0.4714;36617232.0;0.0161;639.751787;1.0;0.639578893
"./build/Benchmark/adevs_phold classic -n 6 -s 4 -i 0 -r 90 -p 0.3 -t 1000000";"adevs_phold";"classic";1;6;4;0;90;30.0;1000000;3813663.0;0.0453;84202925.0;131.998;64.0;0.1;0.0;0.0;2275448673.0;3.567;3208555431.0;1.41;470.0;0.737;1070177934.0;0.4703;36394031.0;0.016;637.909614;1.0;0.637968403
"./build/Benchmark/adevs_phold classic -n 6 -s 4 -i 0 -r 90 -p 0.3 -t 1000000";"adevs_phold";"classic";1;6;4;0;90;30.0;1000000;3555289.0;0.042300000000000004;84004274.0;131.627;66.0;0.103;0.0;0.0;2273394964.0;3.562;3204687694.0;1.41;469.0;0.735;1067065423.0;0.4694;34820866.0;0.015300000000000001;638.201551;1.0;0.638315984
"./build/Benchmark/adevs_phold classic -n 6 -s 4 -i 0 -r 90 -p 0.3 -t 1000000";"adevs_phold";"classic";1;6;4;0;90;30.0;1000000;3588889.0;0.0426;84164436.0;132.046;64.0;0.1;0.0;0.0;2274759455.0;3.569;3192921595.0;1.4;469.0;0.736;1067016932.0;0.46909999999999996;34642416.0;0.0152;637.388314;1.0;0.637366509
"./build/Benchmark/adevs_phold classic -n 6 -s 4 -i 0 -r 90 -p 0.3 -t 1000000";"adevs_phold";"classic";1;6;4;0;90;30.0;1000000;3751697.0;0.0446;84097633.0;131.988;64.0;0.1;0.0;0.0;2272237204.0;3.566;3204508150.0;1.41;468.0;0.735;1068816660.0;0.4704;37749769.0;0.0166;637.162833;1.0;0.637238888
"./build/Benchmark/adevs_phold classic -n 6 -s 4 -i 0 -r 90 -p 0.3 -t 1000000";"adevs_phold";"classic";1;6;4;0;90;30.0;1000000;3582463.0;0.0425;84329468.0;132.438;64.0;0.101;0.0;0.0;2273019805.0;3.57;3199019348.0;1.41;471.0;0.74;1068977210.0;0.4703;34585874.0;0.0152;636.746781;1.0;0.636793359
"./build/Benchmark/adevs_phold classic -n 6 -s 4 -i 0 -r 90 -p 0.3 -t 1000000";"adevs_phold";"classic";1;6;4;0;90;30.0;1000000;3558185.0;0.0421;84420541.0;133.195;65.0;0.103;0.0;0.0;2261614539.0;3.568;3209494258.0;1.42;473.0;0.746;1070614695.0;0.47340000000000004;33773888.0;0.0149;633.810413;1.001;0.633485777
"./build/Benchmark/adevs_phold classic -n 6 -s 4 -i 0 -r 90 -p 0.3 -t 1000000";"adevs_phold";"classic";1;6;4;0;90;30.0;1000000;3643631.0;0.0432;84363948.0;132.537;65.0;0.102;0.0;0.0;2276792272.0;3.577;3200673551.0;1.41;469.0;0.737;1063951850.0;0.4673;35593916.0;0.015600000000000001;636.530802;1.0;0.636632424
"./build/Benchmark/adevs_phold classic -n 6 -s 4 -i 0 -r 90 -p 0.3 -t 1000000";"adevs_phold";"classic";1;6;4;0;90;30.0;1000000;3559812.0;0.042199999999999994;84372231.0;132.873;65.0;0.102;0.0;0.0;2273054931.0;3.58;3206806644.0;1.41;471.0;0.742;1068613344.0;0.47009999999999996;34258074.0;0.0151;634.982774;1.0;0.635049774
"./build/Benchmark/adevs_phold classic -n 6 -s 4 -i 0 -r 90 -p 0.3 -t 1000000";"adevs_phold";"classic";1;6;4;0;90;30.0;1000000;3695928.0;0.0434;85063349.0;134.069;64.0;0.101;0.0;0.0;2271744563.0;3.581;3211093438.0;1.41;470.0;0.741;1067021980.0;0.4697;35284105.0;0.0155;634.475447;1.0;0.634535589
"./build/Benchmark/adevs_phold classic -n 6 -s 4 -i 0 -r 90 -p 0.3 -t 1000000";"adevs_phold";"classic";1;6;4;0;90;30.0;1000000;3567103.0;0.0424;84156947.0;132.965;64.0;0.101;0.0;0.0;2267309928.0;3.582;3210097170.0;1.42;470.0;0.743;1069769056.0;0.4718;34548620.0;0.0152;632.927413;1.0;0.63278262
"./build/Benchmark/adevs_phold classic -n 6 -s 4 -i 0 -r 90 -p 0.3 -t 1000000";"adevs_phold";"classic";1;6;4;0;90;30.0;1000000;3598446.0;0.0426;84410986.0;132.661;64.0;0.101;0.0;0.0;2272442351.0;3.571;3198825535.0;1.41;470.0;0.739;1068204954.0;0.47009999999999996;34730220.0;0.015300000000000001;636.291554;1.0;0.636317776
"./build/Benchmark/adevs_phold classic -n 6 -s 4 -i 0 -r 90 -p 0.3 -t 1000000";"adevs_phold";"classic";1;6;4;0;90;30.0;1000000;3734109.0;0.0443;84298809.0;132.279;64.0;0.1;0.0;0.0;2274026766.0;3.568;3198206607.0;1.41;470.0;0.738;1068146341.0;0.4697;35364557.0;0.015600000000000001;637.281874;1.0;0.637239417
"./build/Benchmark/adevs_phold classic -n 6 -s 4 -i 0 -r 90 -p 0.3 -t 1000000";"adevs_phold";"classic";1;6;4;0;90;30.0;1000000;3672538.0;0.0436;84304368.0;132.381;65.0;0.102;0.0;0.0;2275000477.0;3.572;3194601198.0;1.4;473.0;0.743;1068368078.0;0.4696;35745703.0;0.015700000000000002;636.829008;1.0;0.636840383
"./build/Benchmark/adevs_phold classic -n 6 -s 4 -i 0 -r 90 -p 0.4 -t 1000000";"adevs_phold";"classic";1;6;4;0;90;40.0;1000000;4316600.0;0.0451;95728380.0;131.599;75.0;0.103;0.0;0.0;2605805685.0;3.582;3672111580.0;1.41;472.0;0.649;1221990354.0;0.4689;41300799.0;0.0158;727.425353;1.0;0.727358663
"./build/Benchmark/adevs_phold classic -n 6 -s 4 -i 0 -r 90 -p 0.4 -t 1000000";"adevs_phold";"classic";1;6;4;0;90;40.0;1000000;4282316.0;0.0446;95929399.0;131.23;75.0;0.103;0.0;0.0;2607412374.0;3.567;3665847965.0;1.41;468.0;0.64;1222937237.0;0.469;41426426.0;0.0159;731.000214;1.0;0.730791406
"./build/Benchmark/adevs_phold classic -n 6 -s 4 -i 0 -r 90 -p 0.4 -t 1000000";"adevs_phold";"classic";1;6;4;0;90;40.0;1000000;4255282.0;0.0443;95983247.0;131.811;75.0;0.103;0.0;0.0;2599773183.0;3.57;3671769116.0;1.41;473.0;0.65;1222923431.0;0.4704;41491465.0;0.016;728.190607;1.0;0.728086373
"./build/Benchmark/adevs_phold classic -n 6 -s 4 -i 0 -r 90 -p 0.4 -t 1000000";"adevs_phold";"classic";1;6;4;0;90;40.0;1000000;4369638.0;0.0458;95382957.0;131.052;73.0;0.1;0.0;0.0;2602868521.0;3.576;3665742876.0;1.41;470.0;0.646;1223755495.0;0.4702;42868259.0;0.0165;727.824384;1.0;0.7278239
"./build/Benchmark/adevs_phold classic -n 6 -s 4 -i 0 -r 90 -p 0.4 -t 1000000";"adevs_phold";"classic";1;6;4;0;90;40.0;1000000;4378587.0;0.045599999999999995;96097064.0;131.782;74.0;0.101;0.0;0.0;2598513031.0;3.563;3675614500.0;1.41;473.0;0.649;1220872785.0;0.4698;42265903.0;0.0163;729.214063;1.0;0.729170761
"./build/Benchmark/adevs_phold classic -n 6 -s 4 -i 0 -r 90 -p 0.4 -t 1000000";"adevs_phold";"classic";1;6;4;0;90;40.0;1000000;4393822.0;0.0461;95349222.0;130.914;74.0;0.102;0.0;0.0;2598925270.0;3.568;3678587582.0;1.42;472.0;0.648;1222531261.0;0.4704;43027869.0;0.0166;728.333323;1.0;0.728268553
"./build/Benchmark/adevs_phold classic -n 6 -s 4 -i 0 -r 90 -p 0.4 -t 1000000";"adevs_phold";"classic";1;6;4;0;90;40.0;1000000;4277726.0;0.044500000000000005;96111830.0;131.82;74.0;0.101;0.0;0.0;2598906864.0;3.564;3675390648.0;1.41;471.0;0.646;1224335608.0;0.4711;40460518.0;0.015600000000000001;729.113006;1.0;0.728784601
"./build/Benchmark/adevs_phold classic -n 6 -s 4 -i 0 -r 90 -p 0.4 -t 1000000";"adevs_phold";"classic";1;6;4;0;90;40.0;1000000;4276121.0;0.0447;95611837.0;131.439;76.0;0.104;0.0;0.0;2605639589.0;3.582;3659209553.0;1.4;474.0;0.652;1225320532.0;0.4703;40287979.0;0.0155;727.423736;1.001;0.726961172
"./build/Benchmark/adevs_phold classic -n 6 -s 4 -i 0 -r 90 -p 0.4 -t 1000000";"adevs_phold";"classic";1;6;4;0;90;40.0;1000000;4365142.0;0.045700000000000005;95597473.0;130.692;75.0;0.103;0.0;0.0;2609978228.0;3.568;3666503676.0;1.4;473.0;0.647;1222818517.0;0.4685;42720211.0;0.016399999999999998;731.471655;1.001;0.731102632
"./build/Benchmark/adevs_phold classic -n 6 -s 4 -i 0 -r 90 -p 0.4 -t 1000000";"adevs_phold";"classic";1;6;4;0;90;40.0;1000000;4280130.0;0.044500000000000005;96190443.0;132.565;73.0;0.101;0.0;0.0;2600224652.0;3.584;3669183894.0;1.41;469.0;0.646;1220565365.0;0.4694;39726719.0;0.015300000000000001;725.60957;1.0;0.725564951
"./build/Benchmark/adevs_phold classic -n 6 -s 4 -i 0 -r 90 -p 0.4 -t 1000000";"adevs_phold";"classic";1;6;4;0;90;40.0;1000000;4310747.0;0.044800000000000006;96172799.0;132.271;74.0;0.102;0.0;0.0;2602713956.0;3.58;3664906690.0;1.41;471.0;0.648;1222691141.0;0.4698;40687381.0;0.015600000000000001;727.087703;1.0;0.726986057
"./build/Benchmark/adevs_phold classic -n 6 -s 4 -i 0 -r 90 -p 0.4 -t 1000000";"adevs_phold";"classic";1;6;4;0;90;40.0;1000000;4270232.0;0.0447;95570705.0;131.15;72.0;0.099;0.0;0.0;2598566436.0;3.566;3675734569.0;1.41;471.0;0.646;1221503428.0;0.47009999999999996;42031359.0;0.016200000000000003;728.713511;1.001;0.728338195
"./build/Benchmark/adevs_phold classic -n 6 -s 4 -i 0 -r 90 -p 0.4 -t 1000000";"adevs_phold";"classic";1;6;4;0;90;40.0;1000000;4408263.0;0.0461;95718928.0;131.347;74.0;0.102;0.0;0.0;2599117891.0;3.567;3677153534.0;1.41;472.0;0.648;1223330851.0;0.4707;43079784.0;0.0166;728.746481;1.0;0.728654228
"./build/Benchmark/adevs_phold classic -n 6 -s 4 -i 0 -r 90 -p 0.4 -t 1000000";"adevs_phold";"classic";1;6;4;0;90;40.0;1000000;4253824.0;0.044800000000000006;95015663.0;129.382;75.0;0.102;0.0;0.0;2627266532.0;3.578;3670407484.0;1.4;468.0;0.637;1249389746.0;0.4755;40495416.0;0.0154;734.378185;1.001;0.733933442
"./build/Benchmark/adevs_phold classic -n 6 -s 4 -i 0 -r 90 -p 0.4 -t 1000000";"adevs_phold";"classic";1;6;4;0;90;40.0;1000000;4392800.0;0.0458;95884123.0;131.288;74.0;0.101;0.0;0.0;2592314646.0;3.549;3676884369.0;1.42;470.0;0.644;1221258449.0;0.4711;42599772.0;0.016399999999999998;730.333917;1.0;0.730240907
"./build/Benchmark/adevs_phold classic -n 6 -s 4 -i 0 -r 90 -p 0.5 -t 1000000";"adevs_phold";"classic";1;6;4;0;90;50.0;1000000;4661638.0;0.0434;107472705.0;131.261;83.0;0.101;0.0;0.0;2924218675.0;3.571;4132638121.0;1.41;469.0;0.573;1375883919.0;0.4705;43101517.0;0.0147;818.771381;1.0;0.818681194
"./build/Benchmark/adevs_phold classic -n 6 -s 4 -i 0 -r 90 -p 0.5 -t 1000000";"adevs_phold";"classic";1;6;4;0;90;50.0;1000000;4627182.0;0.0431;107417267.0;130.959;82.0;0.1;0.0;0.0;2922629251.0;3.563;4133048133.0;1.41;474.0;0.578;1377480452.0;0.47130000000000005;42837937.0;0.0147;820.237221;1.0;0.820107946
"./build/Benchmark/adevs_phold classic -n 6 -s 4 -i 0 -r 90 -p 0.5 -t 1000000";"adevs_phold";"classic";1;6;4;0;90;50.0;1000000;4748687.0;0.044500000000000005;106605577.0;130.33;83.0;0.101;0.0;0.0;2924465230.0;3.575;4138786969.0;1.42;467.0;0.571;1376766466.0;0.4708;46548863.0;0.0159;817.96905;1.0;0.817743027
"./build/Benchmark/adevs_phold classic -n 6 -s 4 -i 0 -r 90 -p 0.5 -t 1000000";"adevs_phold";"classic";1;6;4;0;90;50.0;1000000;4646226.0;0.0433;107415902.0;131.676;82.0;0.101;0.0;0.0;2925873901.0;3.587;4137280813.0;1.41;473.0;0.58;1376145685.0;0.4703;43340445.0;0.0148;815.761513;1.0;0.815461154
"./build/Benchmark/adevs_phold classic -n 6 -s 4 -i 0 -r 90 -p 0.5 -t 1000000";"adevs_phold";"classic";1;6;4;0;90;50.0;1000000;4718764.0;0.043899999999999995;107494618.0;131.193;82.0;0.1;0.0;0.0;2924345729.0;3.569;4132613957.0;1.41;472.0;0.576;1375041948.0;0.4702;45284285.0;0.0155;819.360808;1.0;0.819025607
"./build/Benchmark/adevs_phold classic -n 6 -s 4 -i 0 -r 90 -p 0.5 -t 1000000";"adevs_phold";"classic";1;6;4;0;90;50.0;1000000;4590217.0;0.0429;107075243.0;130.751;84.0;0.103;0.0;0.0;2921838742.0;3.568;4139139545.0;1.42;470.0;0.574;1377762270.0;0.4715;43762823.0;0.015;818.927561;1.0;0.818723103
"./build/Benchmark/adevs_phold classic -n 6 -s 4 -i 0 -r 90 -p 0.5 -t 1000000";"adevs_phold";"classic";1;6;4;0;90;50.0;1000000;4585396.0;0.0426;107570389.0;131.359;84.0;0.103;0.0;0.0;2923621355.0;3.57;4137982145.0;1.42;474.0;0.579;1379575951.0;0.4719;42794474.0;0.0146;818.905499;1.0;0.818611553
"./build/Benchmark/adevs_phold classic -n 6 -s 4 -i 0 -r 90 -p 0.5 -t 1000000";"adevs_phold";"classic";1;6;4;0;90;50.0;1000000;4619410.0;0.0432;106898564.0;130.53;82.0;0.1;0.0;0.0;2923074495.0;3.569;4140421080.0;1.42;467.0;0.57;1376449764.0;0.47090000000000004;44241094.0;0.0151;818.95498;1.0;0.818791644
"./build/Benchmark/adevs_phold classic -n 6 -s 4 -i 0 -r 90 -p 0.5 -t 1000000";"adevs_phold";"classic";1;6;4;0;90;50.0;1000000;4816184.0;0.0451;106724979.0;130.339;82.0;0.1;0.0;0.0;2931052279.0;3.58;4134773111.0;1.41;473.0;0.578;1378199343.0;0.4702;46471161.0;0.0159;818.826585;1.0;0.818503816
"./build/Benchmark/adevs_phold classic -n 6 -s 4 -i 0 -r 90 -p 0.5 -t 1000000";"adevs_phold";"classic";1;6;4;0;90;50.0;1000000;4932066.0;0.0462;106805533.0;131.082;82.0;0.101;0.0;0.0;2923083035.0;3.587;4138301981.0;1.42;472.0;0.579;1379694688.0;0.47200000000000003;46759853.0;0.016;814.802401;1.001;0.814148481
"./build/Benchmark/adevs_phold classic -n 6 -s 4 -i 0 -r 90 -p 0.5 -t 1000000";"adevs_phold";"classic";1;6;4;0;90;50.0;1000000;4594950.0;0.042699999999999995;107528946.0;131.331;85.0;0.104;0.0;0.0;2923890728.0;3.571;4137581105.0;1.42;472.0;0.576;1377940290.0;0.47130000000000005;43847463.0;0.015;818.765274;1.0;0.818604235
"./build/Benchmark/adevs_phold classic -n 6 -s 4 -i 0 -r 90 -p 0.5 -t 1000000";"adevs_phold";"classic";1;6;4;0;90;50.0;1000000;4647195.0;0.0433;107358187.0;131.75;83.0;0.102;0.0;0.0;2915684907.0;3.578;4136553622.0;1.42;472.0;0.579;1376087232.0;0.47200000000000003;43805509.0;0.015;814.863146;1.0;0.814540647
"./build/Benchmark/adevs_phold classic -n 6 -s 4 -i 0 -r 90 -p 0.5 -t 1000000";"adevs_phold";"classic";1;6;4;0;90;50.0;1000000;4665772.0;0.0434;107462079.0;132.064;83.0;0.102;0.0;0.0;2919628156.0;3.588;4135161549.0;1.42;469.0;0.576;1378894468.0;0.47229999999999994;45448835.0;0.015600000000000001;813.713817;1.001;0.813135424
"./build/Benchmark/adevs_phold classic -n 6 -s 4 -i 0 -r 90 -p 0.5 -t 1000000";"adevs_phold";"classic";1;6;4;0;90;50.0;1000000;4589616.0;0.0429;106935694.0;130.714;83.0;0.101;0.0;0.0;2923957954.0;3.574;4136874532.0;1.41;474.0;0.579;1375692134.0;0.4705;43469939.0;0.0149;818.088253;1.0;0.817867332
"./build/Benchmark/adevs_phold classic -n 6 -s 4 -i 0 -r 90 -p 0.5 -t 1000000";"adevs_phold";"classic";1;6;4;0;90;50.0;1000000;4672341.0;0.0435;107426987.0;131.659;82.0;0.1;0.0;0.0;2924266571.0;3.584;4136708504.0;1.41;471.0;0.577;1373876495.0;0.4698;43987982.0;0.015;815.948283;1.0;0.8156478
"./build/Benchmark/adevs_phold classic -n 6 -s 4 -i 0 -r 90 -p 0.6 -t 1000000";"adevs_phold";"classic";1;6;4;0;90;60.0;1000000;7484211.0;0.0398;188064219.0;129.822;146.0;0.101;0.0;0.0;5192749366.0;3.585;7375098273.0;1.42;477.0;0.329;2448218523.0;0.4715;70360518.0;0.013500000000000002;1448.63487;1.001;1.447482795
"./build/Benchmark/adevs_phold classic -n 6 -s 4 -i 0 -r 90 -p 0.6 -t 1000000";"adevs_phold";"classic";1;6;4;0;90;60.0;1000000;7434855.0;0.0395;188387097.0;129.93;146.0;0.101;0.0;0.0;5194354863.0;3.583;7378101680.0;1.42;471.0;0.325;2453536033.0;0.47229999999999994;67714659.0;0.013000000000000001;1449.909197;1.001;1.448832427
"./build/Benchmark/adevs_phold classic -n 6 -s 4 -i 0 -r 90 -p 0.6 -t 1000000";"adevs_phold";"classic";1;6;4;0;90;60.0;1000000;7439910.0;0.0397;187583948.0;129.442;148.0;0.102;0.0;0.0;5188663436.0;3.58;7384864694.0;1.42;470.0;0.324;2448492003.0;0.4719;72724450.0;0.013999999999999999;1449.175986;1.001;1.448015095
"./build/Benchmark/adevs_phold classic -n 6 -s 4 -i 0 -r 90 -p 0.6 -t 1000000";"adevs_phold";"classic";1;6;4;0;90;60.0;1000000;7802362.0;0.0414;188387208.0;129.844;149.0;0.103;0.0;0.0;5195777389.0;3.581;7376807736.0;1.42;474.0;0.327;2448902089.0;0.47130000000000005;74316698.0;0.0143;1450.869413;1.001;1.449594458
"./build/Benchmark/adevs_phold classic -n 6 -s 4 -i 0 -r 90 -p 0.6 -t 1000000";"adevs_phold";"classic";1;6;4;0;90;60.0;1000000;7449300.0;0.039599999999999996;188115822.0;129.945;147.0;0.102;0.0;0.0;5191552878.0;3.586;7375259150.0;1.42;472.0;0.326;2448755665.0;0.4717;69445992.0;0.0134;1447.653252;1.001;1.446557592
"./build/Benchmark/adevs_phold classic -n 6 -s 4 -i 0 -r 90 -p 0.6 -t 1000000";"adevs_phold";"classic";1;6;4;0;90;60.0;1000000;7476705.0;0.039599999999999996;188982452.0;130.946;149.0;0.103;0.0;0.0;5189653826.0;3.596;7379724408.0;1.42;473.0;0.328;2449965624.0;0.4721;68161231.0;0.0131;1443.206232;1.001;1.442124947
"./build/Benchmark/adevs_phold classic -n 6 -s 4 -i 0 -r 90 -p 0.6 -t 1000000";"adevs_phold";"classic";1;6;4;0;90;60.0;1000000;7800781.0;0.0415;188176268.0;129.668;147.0;0.101;0.0;0.0;5188144401.0;3.575;7387327491.0;1.42;473.0;0.326;2447615056.0;0.4718;74825057.0;0.0144;1451.210444;1.001;1.450086525
"./build/Benchmark/adevs_phold classic -n 6 -s 4 -i 0 -r 90 -p 0.6 -t 1000000";"adevs_phold";"classic";1;6;4;0;90;60.0;1000000;7457038.0;0.039599999999999996;188075142.0;129.841;147.0;0.101;0.0;0.0;5192455244.0;3.585;7374520065.0;1.42;473.0;0.327;2449293714.0;0.4717;69907892.0;0.013500000000000002;1448.508145;1.001;1.447142313
"./build/Benchmark/adevs_phold classic -n 6 -s 4 -i 0 -r 90 -p 0.6 -t 1000000";"adevs_phold";"classic";1;6;4;0;90;60.0;1000000;7812048.0;0.0415;188402926.0;129.785;147.0;0.101;0.0;0.0;5206113941.0;3.586;7379263493.0;1.42;470.0;0.324;2448240107.0;0.4703;74113828.0;0.014199999999999999;1451.659407;1.001;1.450574381
"./build/Benchmark/adevs_phold classic -n 6 -s 4 -i 0 -r 90 -p 0.6 -t 1000000";"adevs_phold";"classic";1;6;4;0;90;60.0;1000000;7620891.0;0.0406;187777174.0;129.501;148.0;0.102;0.0;0.0;5195644631.0;3.583;7384528796.0;1.42;470.0;0.324;2455650817.0;0.47259999999999996;72654974.0;0.013999999999999999;1450.005505;1.001;1.448777439
"./build/Benchmark/adevs_phold classic -n 6 -s 4 -i 0 -r 90 -p 0.6 -t 1000000";"adevs_phold";"classic";1;6;4;0;90;60.0;1000000;7607941.0;0.0404;188483775.0;130.189;148.0;0.102;0.0;0.0;5196143272.0;3.589;7380636605.0;1.42;471.0;0.325;2446976186.0;0.47090000000000004;71925447.0;0.0138;1447.767974;1.001;1.446733043
"./build/Benchmark/adevs_phold classic -n 6 -s 4 -i 0 -r 90 -p 0.6 -t 1000000";"adevs_phold";"classic";1;6;4;0;90;60.0;1000000;7666147.0;0.0407;188129495.0;129.992;146.0;0.101;0.0;0.0;5192550335.0;3.588;7381955670.0;1.42;471.0;0.325;2447116253.0;0.47130000000000005;73137844.0;0.0141;1447.24098;1.001;1.445807867
"./build/Benchmark/adevs_phold classic -n 6 -s 4 -i 0 -r 90 -p 0.6 -t 1000000";"adevs_phold";"classic";1;6;4;0;90;60.0;1000000;7423168.0;0.0395;187815525.0;129.788;147.0;0.102;0.0;0.0;5191594153.0;3.588;7376841038.0;1.42;469.0;0.324;2444695700.0;0.47090000000000004;73502952.0;0.014199999999999999;1447.092021;1.001;1.446018214
"./build/Benchmark/adevs_phold classic -n 6 -s 4 -i 0 -r 90 -p 0.6 -t 1000000";"adevs_phold";"classic";1;6;4;0;90;60.0;1000000;7503238.0;0.039900000000000005;187997649.0;129.853;146.0;0.101;0.0;0.0;5194398493.0;3.588;7372886934.0;1.42;470.0;0.325;2448663483.0;0.4714;71124588.0;0.0137;1447.77145;1.001;1.446313305
"./build/Benchmark/adevs_phold classic -n 6 -s 4 -i 0 -r 90 -p 0.6 -t 1000000";"adevs_phold";"classic";1;6;4;0;90;60.0;1000000;7490005.0;0.0397;188520444.0;130.487;146.0;0.101;0.0;0.0;5190110389.0;3.592;7378741395.0;1.42;472.0;0.327;2449659654.0;0.47200000000000003;69312042.0;0.0134;1444.748511;1.001;1.443453356
"./build/Benchmark/adevs_phold classic -n 6 -s 4 -i 0 -r 90 -p 0.7 -t 1000000";"adevs_phold";"classic";1;6;4;0;90;70.0;1000000;9547177.0;0.0424;225031905.0;128.95;177.0;0.101;0.0;0.0;6256283722.0;3.585;8886742298.0;1.42;470.0;0.269;2956677622.0;0.47259999999999996;90248533.0;0.0144;1745.106843;1.001;1.743198447
"./build/Benchmark/adevs_phold classic -n 6 -s 4 -i 0 -r 90 -p 0.7 -t 1000000";"adevs_phold";"classic";1;6;4;0;90;70.0;1000000;9179097.0;0.0408;225019565.0;129.281;178.0;0.102;0.0;0.0;6247989582.0;3.59;8892274410.0;1.42;469.0;0.269;2944551758.0;0.47130000000000005;87428587.0;0.013999999999999999;1740.550871;1.001;1.739004913
"./build/Benchmark/adevs_phold classic -n 6 -s 4 -i 0 -r 90 -p 0.7 -t 1000000";"adevs_phold";"classic";1;6;4;0;90;70.0;1000000;9470211.0;0.0421;224927622.0;128.997;179.0;0.103;0.0;0.0;6257390793.0;3.589;8879514792.0;1.42;470.0;0.27;2951025506.0;0.47159999999999996;88423700.0;0.0141;1743.661945;1.001;1.742100952
"./build/Benchmark/adevs_phold classic -n 6 -s 4 -i 0 -r 90 -p 0.7 -t 1000000";"adevs_phold";"classic";1;6;4;0;90;70.0;1000000;9168182.0;0.0407;225324671.0;129.481;180.0;0.103;0.0;0.0;6250171112.0;3.592;8888238609.0;1.42;473.0;0.272;2946562490.0;0.4714;86804509.0;0.0139;1740.208706;1.001;1.73868585
"./build/Benchmark/adevs_phold classic -n 6 -s 4 -i 0 -r 90 -p 0.7 -t 1000000";"adevs_phold";"classic";1;6;4;0;90;70.0;1000000;9039517.0;0.04019999999999999;224654068.0;128.96;178.0;0.102;0.0;0.0;6250938648.0;3.588;8879525671.0;1.42;476.0;0.273;2949586508.0;0.4719;89761434.0;0.0144;1742.048511;1.001;1.740400593
"./build/Benchmark/adevs_phold classic -n 6 -s 4 -i 0 -r 90 -p 0.7 -t 1000000";"adevs_phold";"classic";1;6;4;0;90;70.0;1000000;9086925.0;0.0404;224933494.0;129.132;181.0;0.104;0.0;0.0;6249358461.0;3.588;8877209548.0;1.42;474.0;0.272;2945652782.0;0.4714;86684223.0;0.0139;1741.887821;1.001;1.740578408
"./build/Benchmark/adevs_phold classic -n 6 -s 4 -i 0 -r 90 -p 0.7 -t 1000000";"adevs_phold";"classic";1;6;4;0;90;70.0;1000000;9450723.0;0.042;224866204.0;128.969;177.0;0.102;0.0;0.0;6259838787.0;3.59;8882849877.0;1.42;473.0;0.271;2948765111.0;0.4711;88431402.0;0.0141;1743.569111;1.001;1.741942881
"./build/Benchmark/adevs_phold classic -n 6 -s 4 -i 0 -r 90 -p 0.7 -t 1000000";"adevs_phold";"classic";1;6;4;0;90;70.0;1000000;9483185.0;0.042199999999999994;224735007.0;128.871;179.0;0.103;0.0;0.0;6253365106.0;3.586;8882190358.0;1.42;472.0;0.271;2948509055.0;0.4715;90529465.0;0.014499999999999999;1743.88132;1.001;1.742331733
"./build/Benchmark/adevs_phold classic -n 6 -s 4 -i 0 -r 90 -p 0.7 -t 1000000";"adevs_phold";"classic";1;6;4;0;90;70.0;1000000;9557165.0;0.0426;224402392.0;128.722;180.0;0.103;0.0;0.0;6254237513.0;3.588;8884618986.0;1.42;468.0;0.268;2947283503.0;0.47119999999999995;93110021.0;0.0149;1743.305251;1.001;1.741968817
"./build/Benchmark/adevs_phold classic -n 6 -s 4 -i 0 -r 90 -p 0.7 -t 1000000";"adevs_phold";"classic";1;6;4;0;90;70.0;1000000;9478229.0;0.0421;225136567.0;129.028;175.0;0.1;0.0;0.0;6254302727.0;3.584;8881145925.0;1.42;470.0;0.269;2948252221.0;0.4714;88690612.0;0.014199999999999999;1744.864714;1.001;1.743286432
"./build/Benchmark/adevs_phold classic -n 6 -s 4 -i 0 -r 90 -p 0.7 -t 1000000";"adevs_phold";"classic";1;6;4;0;90;70.0;1000000;9461687.0;0.0421;224797600.0;128.936;177.0;0.102;0.0;0.0;6257353786.0;3.589;8880825605.0;1.42;473.0;0.271;2950862980.0;0.47159999999999996;90573223.0;0.014499999999999999;1743.486901;1.001;1.741956622
"./build/Benchmark/adevs_phold classic -n 6 -s 4 -i 0 -r 90 -p 0.7 -t 1000000";"adevs_phold";"classic";1;6;4;0;90;70.0;1000000;9061651.0;0.0404;224459652.0;128.721;176.0;0.101;0.0;0.0;6252832069.0;3.586;8878139377.0;1.42;472.0;0.271;2950334720.0;0.4718;83300004.0;0.013300000000000001;1743.770009;1.001;1.74209723
"./build/Benchmark/adevs_phold classic -n 6 -s 4 -i 0 -r 90 -p 0.7 -t 1000000";"adevs_phold";"classic";1;6;4;0;90;70.0;1000000;9493878.0;0.042199999999999994;224711535.0;128.892;177.0;0.102;0.0;0.0;6254463076.0;3.587;8882312221.0;1.42;473.0;0.271;2945302229.0;0.47090000000000004;90753176.0;0.014499999999999999;1743.412373;1.001;1.741866783
"./build/Benchmark/adevs_phold classic -n 6 -s 4 -i 0 -r 90 -p 0.7 -t 1000000";"adevs_phold";"classic";1;6;4;0;90;70.0;1000000;9102469.0;0.0406;224165308.0;128.584;178.0;0.102;0.0;0.0;6249139836.0;3.585;8881998469.0;1.42;471.0;0.27;2950012448.0;0.4721;87071695.0;0.0139;1743.330719;1.001;1.74144085
"./build/Benchmark/adevs_phold classic -n 6 -s 4 -i 0 -r 90 -p 0.7 -t 1000000";"adevs_phold";"classic";1;6;4;0;90;70.0;1000000;9113400.0;0.0406;224526521.0;128.783;176.0;0.101;0.0;0.0;6252906616.0;3.587;8877980517.0;1.42;474.0;0.272;2949641160.0;0.4717;83097967.0;0.013300000000000001;1743.451295;1.001;1.74193045
"./build/Benchmark/adevs_phold classic -n 6 -s 4 -i 0 -r 90 -p 0.8 -t 1000000";"adevs_phold";"classic";1;6;4;0;90;80.0;1000000;12058780.0;0.0414;291276270.0;128.33;228.0;0.1;0.0;0.0;8148819056.0;3.59;11568188102.0;1.42;468.0;0.206;3837658261.0;0.47090000000000004;115039181.0;0.0141;2269.746622;1.001;2.267396916
"./build/Benchmark/adevs_phold classic -n 6 -s 4 -i 0 -r 90 -p 0.8 -t 1000000";"adevs_phold";"classic";1;6;4;0;90;80.0;1000000;12232349.0;0.04190000000000001;291594429.0;128.76;228.0;0.101;0.0;0.0;8148868490.0;3.598;11562387457.0;1.42;474.0;0.209;3835449018.0;0.4707;115733023.0;0.014199999999999999;2264.633538;1.001;2.262381304
"./build/Benchmark/adevs_phold classic -n 6 -s 4 -i 0 -r 90 -p 0.8 -t 1000000";"adevs_phold";"classic";1;6;4;0;90;80.0;1000000;12315165.0;0.042300000000000004;291450414.0;128.461;230.0;0.101;0.0;0.0;8147819523.0;3.591;11573692371.0;1.42;472.0;0.208;3839926995.0;0.47130000000000005;113848805.0;0.013999999999999999;2268.778512;1.001;2.266458767
"./build/Benchmark/adevs_phold classic -n 6 -s 4 -i 0 -r 90 -p 0.8 -t 1000000";"adevs_phold";"classic";1;6;4;0;90;80.0;1000000;11769369.0;0.0405;290626663.0;128.336;230.0;0.102;0.0;0.0;8140660218.0;3.595;11562385092.0;1.42;472.0;0.208;3836616443.0;0.47130000000000005;111701244.0;0.0137;2264.569287;1.001;2.262265445
"./build/Benchmark/adevs_phold classic -n 6 -s 4 -i 0 -r 90 -p 0.8 -t 1000000";"adevs_phold";"classic";1;6;4;0;90;80.0;1000000;12175005.0;0.0418;291216181.0;128.403;232.0;0.102;0.0;0.0;8136761795.0;3.588;11567856127.0;1.42;472.0;0.208;3836455157.0;0.4715;113866438.0;0.013999999999999999;2267.980045;1.001;2.265673715
"./build/Benchmark/adevs_phold classic -n 6 -s 4 -i 0 -r 90 -p 0.8 -t 1000000";"adevs_phold";"classic";1;6;4;0;90;80.0;1000000;11737732.0;0.0404;290517938.0;128.211;229.0;0.101;0.0;0.0;8138857434.0;3.592;11582455989.0;1.42;468.0;0.207;3844724426.0;0.47240000000000004;111128402.0;0.0137;2265.931364;1.001;2.2638421
"./build/Benchmark/adevs_phold classic -n 6 -s 4 -i 0 -r 90 -p 0.8 -t 1000000";"adevs_phold";"classic";1;6;4;0;90;80.0;1000000;11664427.0;0.0401;290692855.0;128.257;234.0;0.103;0.0;0.0;8143443461.0;3.593;11573789648.0;1.42;472.0;0.208;3853676624.0;0.4732;111822689.0;0.0137;2266.478448;1.001;2.264011571
"./build/Benchmark/adevs_phold classic -n 6 -s 4 -i 0 -r 90 -p 0.8 -t 1000000";"adevs_phold";"classic";1;6;4;0;90;80.0;1000000;11724288.0;0.0403;291120983.0;128.539;231.0;0.102;0.0;0.0;8140660103.0;3.594;11559678614.0;1.42;472.0;0.208;3841836174.0;0.4719;112183886.0;0.0138;2264.850797;1.001;2.262421866
"./build/Benchmark/adevs_phold classic -n 6 -s 4 -i 0 -r 90 -p 0.8 -t 1000000";"adevs_phold";"classic";1;6;4;0;90;80.0;1000000;11818822.0;0.0406;291084885.0;128.396;230.0;0.101;0.0;0.0;8136601730.0;3.589;11575718887.0;1.42;469.0;0.207;3846407565.0;0.4727;112133080.0;0.0138;2267.085198;1.001;2.264684689
"./build/Benchmark/adevs_phold classic -n 6 -s 4 -i 0 -r 90 -p 0.8 -t 1000000";"adevs_phold";"classic";1;6;4;0;90;80.0;1000000;11934533.0;0.040999999999999995;290911461.0;128.542;232.0;0.103;0.0;0.0;8145053465.0;3.599;11573342461.0;1.42;471.0;0.208;3841693466.0;0.4717;115149985.0;0.0141;2263.163497;1.001;2.260313961
"./build/Benchmark/adevs_phold classic -n 6 -s 4 -i 0 -r 90 -p 0.8 -t 1000000";"adevs_phold";"classic";1;6;4;0;90;80.0;1000000;11796749.0;0.0405;291403825.0;128.631;231.0;0.102;0.0;0.0;8139034033.0;3.593;11567234446.0;1.42;469.0;0.207;3840903011.0;0.4719;111155459.0;0.0137;2265.426828;1.001;2.263178007
"./build/Benchmark/adevs_phold classic -n 6 -s 4 -i 0 -r 90 -p 0.8 -t 1000000";"adevs_phold";"classic";1;6;4;0;90;80.0;1000000;11692478.0;0.04019999999999999;290839931.0;128.379;229.0;0.101;0.0;0.0;8135656556.0;3.591;11562160586.0;1.42;474.0;0.209;3837306611.0;0.4717;111037176.0;0.013600000000000001;2265.472296;1.001;2.263147424
"./build/Benchmark/adevs_phold classic -n 6 -s 4 -i 0 -r 90 -p 0.8 -t 1000000";"adevs_phold";"classic";1;6;4;0;90;80.0;1000000;11992338.0;0.041299999999999996;290210170.0;128.151;230.0;0.102;0.0;0.0;8144243646.0;3.596;11566335344.0;1.42;469.0;0.207;3838397032.0;0.47130000000000005;114444746.0;0.0141;2264.598799;1.001;2.261778147
"./build/Benchmark/adevs_phold classic -n 6 -s 4 -i 0 -r 90 -p 0.8 -t 1000000";"adevs_phold";"classic";1;6;4;0;90;80.0;1000000;11877175.0;0.0408;290786820.0;128.389;231.0;0.102;0.0;0.0;8136160274.0;3.592;11564870567.0;1.42;473.0;0.209;3842377704.0;0.47229999999999994;111300038.0;0.0137;2264.885042;1.001;2.262196171
"./build/Benchmark/adevs_phold classic -n 6 -s 4 -i 0 -r 90 -p 0.8 -t 1000000";"adevs_phold";"classic";1;6;4;0;90;80.0;1000000;11705782.0;0.0403;290826218.0;128.333;229.0;0.101;0.0;0.0;8135841928.0;3.59;11575712414.0;1.42;470.0;0.207;3838820369.0;0.4718;113074906.0;0.0139;2266.181139;1.001;2.263827614
"./build/Benchmark/adevs_phold classic -n 6 -s 4 -i 0 -r 90 -p 0.9 -t 1000000";"adevs_phold";"classic";1;6;4;0;90;90.0;1000000;18080473.0;0.0393;459622345.0;127.619;362.0;0.101;0.0;0.0;12937313152.0;3.592;18435404362.0;1.42;469.0;0.13;6121864296.0;0.4732;169352490.0;0.0131;3601.522932;1.001;3.597001266
"./build/Benchmark/adevs_phold classic -n 6 -s 4 -i 0 -r 90 -p 0.9 -t 1000000";"adevs_phold";"classic";1;6;4;0;90;90.0;1000000;19463522.0;0.0424;459433387.0;127.265;364.0;0.101;0.0;0.0;12976451037.0;3.595;18427288337.0;1.42;471.0;0.13;6127547286.0;0.4722;179334209.0;0.0138;3610.046642;1.001;3.605445268
"./build/Benchmark/adevs_phold classic -n 6 -s 4 -i 0 -r 90 -p 0.9 -t 1000000";"adevs_phold";"classic";1;6;4;0;90;90.0;1000000;18824611.0;0.040999999999999995;459215494.0;127.383;368.0;0.102;0.0;0.0;12954916016.0;3.594;18418931126.0;1.42;471.0;0.131;6115691818.0;0.4721;175474840.0;0.013500000000000002;3605.005884;1.001;3.600732524
"./build/Benchmark/adevs_phold classic -n 6 -s 4 -i 0 -r 90 -p 0.9 -t 1000000";"adevs_phold";"classic";1;6;4;0;90;90.0;1000000;18755271.0;0.0408;460059017.0;127.739;369.0;0.102;0.0;0.0;12946600351.0;3.595;18431280819.0;1.42;469.0;0.13;6121392326.0;0.4728;173884529.0;0.0134;3601.55878;1.001;3.597121973
"./build/Benchmark/adevs_phold classic -n 6 -s 4 -i 0 -r 90 -p 0.9 -t 1000000";"adevs_phold";"classic";1;6;4;0;90;90.0;1000000;18232734.0;0.0397;459500087.0;127.656;369.0;0.103;0.0;0.0;12944585434.0;3.596;18431066606.0;1.42;473.0;0.131;6120785456.0;0.4728;173110072.0;0.0134;3599.511384;1.001;3.59497189
"./build/Benchmark/adevs_phold classic -n 6 -s 4 -i 0 -r 90 -p 0.9 -t 1000000";"adevs_phold";"classic";1;6;4;0;90;90.0;1000000;18154400.0;0.0395;459280255.0;127.677;368.0;0.102;0.0;0.0;12947247317.0;3.599;18425270792.0;1.42;470.0;0.131;6117119218.0;0.4725;174666083.0;0.013500000000000002;3597.213718;1.001;3.592964183
"./build/Benchmark/adevs_phold classic -n 6 -s 4 -i 0 -r 90 -p 0.9 -t 1000000";"adevs_phold";"classic";1;6;4;0;90;90.0;1000000;18546978.0;0.0403;459715102.0;127.618;361.0;0.1;0.0;0.0;12942871472.0;3.593;18429282164.0;1.42;471.0;0.131;6115016745.0;0.4725;174939595.0;0.013500000000000002;3602.284234;1.001;3.597978936
"./build/Benchmark/adevs_phold classic -n 6 -s 4 -i 0 -r 90 -p 0.9 -t 1000000";"adevs_phold";"classic";1;6;4;0;90;90.0;1000000;19021227.0;0.0414;459187865.0;127.403;364.0;0.101;0.0;0.0;12961402164.0;3.596;18428241391.0;1.42;471.0;0.131;6118786814.0;0.4721;177838199.0;0.0137;3604.206586;1.001;3.599910334
"./build/Benchmark/adevs_phold classic -n 6 -s 4 -i 0 -r 90 -p 0.9 -t 1000000";"adevs_phold";"classic";1;6;4;0;90;90.0;1000000;17931237.0;0.039;459478683.0;127.638;362.0;0.101;0.0;0.0;12935332220.0;3.593;18422495275.0;1.42;471.0;0.131;6117117160.0;0.4729;164255304.0;0.0127;3599.847904;1.001;3.59553263
"./build/Benchmark/adevs_phold classic -n 6 -s 4 -i 0 -r 90 -p 0.9 -t 1000000";"adevs_phold";"classic";1;6;4;0;90;90.0;1000000;17999908.0;0.0391;459913650.0;127.832;362.0;0.101;0.0;0.0;12936929372.0;3.596;18428506943.0;1.42;473.0;0.131;6111127886.0;0.47240000000000004;167024724.0;0.0129;3597.7854;1.001;3.5934666
"./build/Benchmark/adevs_phold classic -n 6 -s 4 -i 0 -r 90 -p 0.9 -t 1000000";"adevs_phold";"classic";1;6;4;0;90;90.0;1000000;18028906.0;0.0393;459120210.0;127.508;363.0;0.101;0.0;0.0;12940823499.0;3.594;18430186603.0;1.42;471.0;0.131;6120323362.0;0.4729;172164119.0;0.013300000000000001;3600.721496;1.001;3.596201403
"./build/Benchmark/adevs_phold classic -n 6 -s 4 -i 0 -r 90 -p 0.9 -t 1000000";"adevs_phold";"classic";1;6;4;0;90;90.0;1000000;17978677.0;0.0391;459772039.0;127.651;363.0;0.101;0.0;0.0;12934694460.0;3.591;18433505513.0;1.43;474.0;0.132;6123666096.0;0.47340000000000004;167556228.0;0.013000000000000001;3601.802573;1.001;3.597183791
"./build/Benchmark/adevs_phold classic -n 6 -s 4 -i 0 -r 90 -p 0.9 -t 1000000";"adevs_phold";"classic";1;6;4;0;90;90.0;1000000;18797411.0;0.0409;459766636.0;127.615;362.0;0.1;0.0;0.0;12944674924.0;3.593;18432850027.0;1.42;474.0;0.132;6117297657.0;0.47259999999999996;177138923.0;0.0137;3602.760566;1.001;3.598363584
"./build/Benchmark/adevs_phold classic -n 6 -s 4 -i 0 -r 90 -p 0.9 -t 1000000";"adevs_phold";"classic";1;6;4;0;90;90.0;1000000;17979003.0;0.0391;459858457.0;127.859;369.0;0.103;0.0;0.0;12941175581.0;3.598;18426646520.0;1.42;472.0;0.131;6115795857.0;0.47259999999999996;170722111.0;0.0132;3596.615103;1.001;3.5920094
"./build/Benchmark/adevs_phold classic -n 6 -s 4 -i 0 -r 90 -p 0.9 -t 1000000";"adevs_phold";"classic";1;6;4;0;90;90.0;1000000;18530396.0;0.0403;459962194.0;127.713;363.0;0.101;0.0;0.0;12955056416.0;3.597;18424595131.0;1.42;471.0;0.131;6119799285.0;0.47240000000000004;180728337.0;0.013999999999999999;3601.539419;1.001;3.596895635
