 "command";"executable";"simtype";"ncores";"nodes";"atomics/node";"iterations";"% remotes";"% priority";"end time" ;"branch-misses";"branch-misses (of all branches          (50.01%))";"branches";"branches (M/sec                    (49.99%))";"context-switches";"context-switches (K/sec)";"cpu-migrations";"cpu-migrations (K/sec)";"cycles";"cycles (GHz                      (50.02%))";"instructions";"instructions (insns per cycle)";"page-faults";"page-faults (K/sec)";"stalled-cycles-backend";"stalled-cycles-backend (backend  cycles idle     (49.99%))";"stalled-cycles-frontend";"stalled-cycles-frontend (frontend cycles idle     (50.01%))";"task-clock (msec)";"task-clock (CPUs utilized)";"time-elapsed (seconds)"
"./build/Benchmark/adevs_phold cpdevs -c 6 -n 6 -s 4 -i 0 -r 90 -p 0.1 -t 1000000";"adevs_phold";"cpdevs";6;6;4;0;90;10.0;1000000;306986520.0;0.0078000000000000005;39391836790.0;595.326;15472.0;0.234;44.0;0.001;237722246939.0;3.593;126329197911.0;0.53;736.0;0.011;148274531122.0;0.6236999999999999;22985449719.0;0.0967;66168.562218;5.95;11.120275563
"./build/Benchmark/adevs_phold cpdevs -c 6 -n 6 -s 4 -i 0 -r 90 -p 0.1 -t 1000000";"adevs_phold";"cpdevs";6;6;4;0;90;10.0;1000000;306606528.0;0.008;38426211156.0;576.775;15550.0;0.233;38.0;0.001;239467746777.0;3.594;123705958469.0;0.52;723.0;0.011;149087662554.0;0.6225999999999999;24206556395.0;0.1011;66622.479923;5.952;11.192956397
"./build/Benchmark/adevs_phold cpdevs -c 6 -n 6 -s 4 -i 0 -r 90 -p 0.1 -t 1000000";"adevs_phold";"cpdevs";6;6;4;0;90;10.0;1000000;316644584.0;0.008;39796454210.0;595.56;15641.0;0.234;36.0;0.001;240159641183.0;3.594;127658161804.0;0.53;774.0;0.012;149592717077.0;0.6229;23243613234.0;0.0968;66821.956978;5.952;11.225911979
"./build/Benchmark/adevs_phold cpdevs -c 6 -n 6 -s 4 -i 0 -r 90 -p 0.1 -t 1000000";"adevs_phold";"cpdevs";6;6;4;0;90;10.0;1000000;308148396.0;0.0078000000000000005;39603380202.0;595.097;14763.0;0.222;52.0;0.001;239215408471.0;3.595;127142017240.0;0.53;718.0;0.011;148805572151.0;0.6221;23486910460.0;0.09820000000000001;66549.427969;5.954;11.176931248
"./build/Benchmark/adevs_phold cpdevs -c 6 -n 6 -s 4 -i 0 -r 90 -p 0.1 -t 1000000";"adevs_phold";"cpdevs";6;6;4;0;90;10.0;1000000;305299150.0;0.0078000000000000005;38964148789.0;586.985;15862.0;0.239;47.0;0.001;238648054315.0;3.595;125050398165.0;0.52;742.0;0.011;147932128784.0;0.6199;24386876626.0;0.10220000000000001;66380.14395;5.948;11.160156292
"./build/Benchmark/adevs_phold cpdevs -c 6 -n 6 -s 4 -i 0 -r 90 -p 0.1 -t 1000000";"adevs_phold";"cpdevs";6;6;4;0;90;10.0;1000000;306696947.0;0.0079;38827386471.0;585.511;15172.0;0.229;31.0;0.0;238365445875.0;3.595;124904952558.0;0.52;729.0;0.011;148322025655.0;0.6222;24124535946.0;0.1012;66313.645288;5.954;11.138041685
"./build/Benchmark/adevs_phold cpdevs -c 6 -n 6 -s 4 -i 0 -r 90 -p 0.1 -t 1000000";"adevs_phold";"cpdevs";6;6;4;0;90;10.0;1000000;306053716.0;0.0078000000000000005;39449201973.0;590.307;15252.0;0.228;25.0;0.0;240201809215.0;3.594;126608260912.0;0.53;665.0;0.01;148789162489.0;0.6194;24490485621.0;0.102;66828.305138;5.952;11.228060022
"./build/Benchmark/adevs_phold cpdevs -c 6 -n 6 -s 4 -i 0 -r 90 -p 0.1 -t 1000000";"adevs_phold";"cpdevs";6;6;4;0;90;10.0;1000000;307597592.0;0.008100000000000001;37848097315.0;568.487;14855.0;0.223;37.0;0.001;239331238673.0;3.595;122056028967.0;0.51;735.0;0.011;148324619795.0;0.6197;25487587694.0;0.1065;66576.897205;5.955;11.180084289
"./build/Benchmark/adevs_phold cpdevs -c 6 -n 6 -s 4 -i 0 -r 90 -p 0.1 -t 1000000";"adevs_phold";"cpdevs";6;6;4;0;90;10.0;1000000;306549574.0;0.0083;37104073182.0;558.165;13907.0;0.209;36.0;0.001;238835821046.0;3.593;119882700012.0;0.5;695.0;0.01;149180404898.0;0.6246;25740938860.0;0.10779999999999999;66475.085566;5.953;11.167039762
"./build/Benchmark/adevs_phold cpdevs -c 6 -n 6 -s 4 -i 0 -r 90 -p 0.1 -t 1000000";"adevs_phold";"cpdevs";6;6;4;0;90;10.0;1000000;305490476.0;0.0079;38498604969.0;580.871;14900.0;0.225;27.0;0.0;238227202589.0;3.594;123859149859.0;0.52;728.0;0.011;148143960085.0;0.6219;23978828422.0;0.1007;66277.361;5.954;11.131540873
"./build/Benchmark/adevs_phold cpdevs -c 6 -n 6 -s 4 -i 0 -r 90 -p 0.1 -t 1000000";"adevs_phold";"cpdevs";6;6;4;0;90;10.0;1000000;311678303.0;0.0078000000000000005;39904650307.0;595.437;16444.0;0.245;65.0;0.001;240786681224.0;3.593;128177089033.0;0.53;755.0;0.011;149600001063.0;0.6213000000000001;23697704788.0;0.0984;67017.392882;5.95;11.26361347
"./build/Benchmark/adevs_phold cpdevs -c 6 -n 6 -s 4 -i 0 -r 90 -p 0.1 -t 1000000";"adevs_phold";"cpdevs";6;6;4;0;90;10.0;1000000;304917052.0;0.008100000000000001;37488473803.0;565.275;15191.0;0.229;51.0;0.001;238319907290.0;3.594;121074258210.0;0.51;696.0;0.01;148214218915.0;0.6219;25240290789.0;0.1059;66318.992846;5.952;11.142463376
"./build/Benchmark/adevs_phold cpdevs -c 6 -n 6 -s 4 -i 0 -r 90 -p 0.1 -t 1000000";"adevs_phold";"cpdevs";6;6;4;0;90;10.0;1000000;308173754.0;0.008;38626101118.0;578.826;14081.0;0.211;52.0;0.001;239885290061.0;3.595;124322356456.0;0.52;751.0;0.011;149442450034.0;0.623;24682358481.0;0.10289999999999999;66731.803246;5.955;11.206591648
"./build/Benchmark/adevs_phold cpdevs -c 6 -n 6 -s 4 -i 0 -r 90 -p 0.1 -t 1000000";"adevs_phold";"cpdevs";6;6;4;0;90;10.0;1000000;305352687.0;0.008100000000000001;37614276575.0;564.567;14255.0;0.214;54.0;0.001;239449985290.0;3.594;121388084793.0;0.51;719.0;0.011;149259781248.0;0.6233;24939657328.0;0.1042;66625.034409;5.949;11.198995901
"./build/Benchmark/adevs_phold cpdevs -c 6 -n 6 -s 4 -i 0 -r 90 -p 0.1 -t 1000000";"adevs_phold";"cpdevs";6;6;4;0;90;10.0;1000000;306261212.0;0.008;38184377747.0;575.211;15327.0;0.231;39.0;0.001;238611367296.0;3.594;123197951048.0;0.52;733.0;0.011;148821160581.0;0.6236999999999999;23929109341.0;0.1003;66383.277157;5.954;11.14866502
"./build/Benchmark/adevs_phold cpdevs -c 6 -n 6 -s 4 -i 0 -r 90 -p 0.2 -t 1000000";"adevs_phold";"cpdevs";6;6;4;0;90;20.0;1000000;314915127.0;0.0078000000000000005;40466017518.0;600.014;15026.0;0.223;57.0;0.001;242274343576.0;3.592;130116453656.0;0.54;734.0;0.011;149163032221.0;0.6157;24604875180.0;0.1016;67441.805615;5.952;11.331653612
"./build/Benchmark/adevs_phold cpdevs -c 6 -n 6 -s 4 -i 0 -r 90 -p 0.2 -t 1000000";"adevs_phold";"cpdevs";6;6;4;0;90;20.0;1000000;319572270.0;0.0079;40207543236.0;595.216;15996.0;0.237;46.0;0.001;242888457318.0;3.596;129414306526.0;0.53;722.0;0.011;148927124885.0;0.6132;25800764712.0;0.10619999999999999;67551.167183;5.956;11.342444526
"./build/Benchmark/adevs_phold cpdevs -c 6 -n 6 -s 4 -i 0 -r 90 -p 0.2 -t 1000000";"adevs_phold";"cpdevs";6;6;4;0;90;20.0;1000000;314961967.0;0.0076;41521351985.0;612.661;16076.0;0.237;30.0;0.0;243657468151.0;3.595;133026922373.0;0.55;767.0;0.011;149379857008.0;0.6131;24491622657.0;0.1005;67772.123177;5.954;11.382021873
"./build/Benchmark/adevs_phold cpdevs -c 6 -n 6 -s 4 -i 0 -r 90 -p 0.2 -t 1000000";"adevs_phold";"cpdevs";6;6;4;0;90;20.0;1000000;316766604.0;0.0077;41276807150.0;607.08;16745.0;0.246;43.0;0.001;244277052359.0;3.593;132700147617.0;0.54;732.0;0.011;149013089796.0;0.61;25692207971.0;0.1052;67992.325734;5.946;11.434365874
"./build/Benchmark/adevs_phold cpdevs -c 6 -n 6 -s 4 -i 0 -r 90 -p 0.2 -t 1000000";"adevs_phold";"cpdevs";6;6;4;0;90;20.0;1000000;319893255.0;0.0078000000000000005;41179275802.0;602.512;15100.0;0.221;38.0;0.001;245682830396.0;3.595;132144569446.0;0.54;712.0;0.01;150112931882.0;0.611;26130065906.0;0.10640000000000001;68345.948694;5.955;11.476540923
"./build/Benchmark/adevs_phold cpdevs -c 6 -n 6 -s 4 -i 0 -r 90 -p 0.2 -t 1000000";"adevs_phold";"cpdevs";6;6;4;0;90;20.0;1000000;316649088.0;0.0078000000000000005;40703480696.0;599.883;15309.0;0.226;36.0;0.001;243898208966.0;3.595;130707040834.0;0.54;683.0;0.01;149305421903.0;0.6122;25158418517.0;0.1032;67852.344093;5.954;11.39646761
"./build/Benchmark/adevs_phold cpdevs -c 6 -n 6 -s 4 -i 0 -r 90 -p 0.2 -t 1000000";"adevs_phold";"cpdevs";6;6;4;0;90;20.0;1000000;323786953.0;0.0077;41820701020.0;615.206;15211.0;0.224;50.0;0.001;244313373295.0;3.594;133818923191.0;0.55;708.0;0.01;149713187773.0;0.6128;24415299591.0;0.0999;67978.395158;5.954;11.418190089
"./build/Benchmark/adevs_phold cpdevs -c 6 -n 6 -s 4 -i 0 -r 90 -p 0.2 -t 1000000";"adevs_phold";"cpdevs";6;6;4;0;90;20.0;1000000;319588633.0;0.0077;41309794393.0;609.728;15735.0;0.232;52.0;0.001;243486848798.0;3.594;132630153802.0;0.54;713.0;0.011;149477532079.0;0.6139;24347916598.0;0.1;67751.211052;5.95;11.386139073
"./build/Benchmark/adevs_phold cpdevs -c 6 -n 6 -s 4 -i 0 -r 90 -p 0.2 -t 1000000";"adevs_phold";"cpdevs";6;6;4;0;90;20.0;1000000;319109968.0;0.0077;41437468419.0;614.935;14056.0;0.209;45.0;0.001;242121855127.0;3.593;132794465041.0;0.55;753.0;0.011;148514947875.0;0.6134000000000001;24033940399.0;0.0993;67385.106346;5.954;11.318241744
"./build/Benchmark/adevs_phold cpdevs -c 6 -n 6 -s 4 -i 0 -r 90 -p 0.2 -t 1000000";"adevs_phold";"cpdevs";6;6;4;0;90;20.0;1000000;317053120.0;0.0077;41285172290.0;607.388;16572.0;0.244;52.0;0.001;244291116296.0;3.594;132376291518.0;0.54;725.0;0.011;149070835096.0;0.6102000000000001;25459919536.0;0.1042;67971.631259;5.952;11.420019475
"./build/Benchmark/adevs_phold cpdevs -c 6 -n 6 -s 4 -i 0 -r 90 -p 0.2 -t 1000000";"adevs_phold";"cpdevs";6;6;4;0;90;20.0;1000000;315180256.0;0.0077;40730272280.0;601.148;16541.0;0.244;33.0;0.0;243568108614.0;3.595;130950517384.0;0.54;650.0;0.01;149031874278.0;0.6119;25398466980.0;0.1043;67754.133475;5.955;11.377183958
"./build/Benchmark/adevs_phold cpdevs -c 6 -n 6 -s 4 -i 0 -r 90 -p 0.2 -t 1000000";"adevs_phold";"cpdevs";6;6;4;0;90;20.0;1000000;314733073.0;0.008100000000000001;38943585635.0;574.031;15591.0;0.23;42.0;0.001;243837545691.0;3.594;126138210474.0;0.52;672.0;0.01;149271030812.0;0.6122;27036058453.0;0.1109;67842.267301;5.953;11.396335811
"./build/Benchmark/adevs_phold cpdevs -c 6 -n 6 -s 4 -i 0 -r 90 -p 0.2 -t 1000000";"adevs_phold";"cpdevs";6;6;4;0;90;20.0;1000000;319368286.0;0.0079;40488063965.0;593.921;15986.0;0.234;46.0;0.001;245062273830.0;3.595;130306872450.0;0.53;715.0;0.01;149966651163.0;0.612;26408958445.0;0.10779999999999999;68170.839091;5.952;11.452974919
"./build/Benchmark/adevs_phold cpdevs -c 6 -n 6 -s 4 -i 0 -r 90 -p 0.2 -t 1000000";"adevs_phold";"cpdevs";6;6;4;0;90;20.0;1000000;320526353.0;0.0079;40414015335.0;593.725;16045.0;0.236;22.0;0.0;244669927659.0;3.594;130241637682.0;0.53;652.0;0.01;149683156531.0;0.6118;25472915778.0;0.1041;68068.57723;5.955;11.429611007
"./build/Benchmark/adevs_phold cpdevs -c 6 -n 6 -s 4 -i 0 -r 90 -p 0.2 -t 1000000";"adevs_phold";"cpdevs";6;6;4;0;90;20.0;1000000;316180935.0;0.0078000000000000005;40285699760.0;592.927;15002.0;0.221;40.0;0.001;244105430734.0;3.593;129796909174.0;0.53;688.0;0.01;150093873744.0;0.6149;25321387957.0;0.10369999999999999;67943.80254;5.952;11.414531505
"./build/Benchmark/adevs_phold cpdevs -c 6 -n 6 -s 4 -i 0 -r 90 -p 0.3 -t 1000000";"adevs_phold";"cpdevs";6;6;4;0;90;30.0;1000000;325642505.0;0.0075;43620992092.0;627.659;16147.0;0.232;30.0;0.0;249799470687.0;3.594;140044070861.0;0.56;728.0;0.01;150107500072.0;0.6009;25813271881.0;0.1033;69497.933738;5.956;11.669193713
"./build/Benchmark/adevs_phold cpdevs -c 6 -n 6 -s 4 -i 0 -r 90 -p 0.3 -t 1000000";"adevs_phold";"cpdevs";6;6;4;0;90;30.0;1000000;323329484.0;0.0078000000000000005;41232377317.0;596.489;17204.0;0.249;33.0;0.0;248485286253.0;3.595;132970974859.0;0.54;722.0;0.01;149318301364.0;0.6009;28412382443.0;0.1143;69125.146527;5.955;11.60755475
"./build/Benchmark/adevs_phold cpdevs -c 6 -n 6 -s 4 -i 0 -r 90 -p 0.3 -t 1000000";"adevs_phold";"cpdevs";6;6;4;0;90;30.0;1000000;323327325.0;0.0075;43101631847.0;621.246;17955.0;0.259;46.0;0.001;249267892103.0;3.593;138381411172.0;0.56;758.0;0.011;149598781039.0;0.6002000000000001;26919692412.0;0.10800000000000001;69379.333444;5.949;11.662510726
"./build/Benchmark/adevs_phold cpdevs -c 6 -n 6 -s 4 -i 0 -r 90 -p 0.3 -t 1000000";"adevs_phold";"cpdevs";6;6;4;0;90;30.0;1000000;325406051.0;0.0079;41260398381.0;595.409;17021.0;0.246;38.0;0.001;249188325657.0;3.596;132944879093.0;0.53;801.0;0.012;150468431193.0;0.6038;28320824378.0;0.1137;69297.539682;5.955;11.637403848
"./build/Benchmark/adevs_phold cpdevs -c 6 -n 6 -s 4 -i 0 -r 90 -p 0.3 -t 1000000";"adevs_phold";"cpdevs";6;6;4;0;90;30.0;1000000;336493242.0;0.0076;44453790572.0;639.525;16427.0;0.236;32.0;0.0;249919336128.0;3.595;142211083157.0;0.57;765.0;0.011;149438873638.0;0.5979;26154690876.0;0.1047;69510.641451;5.952;11.679048088
"./build/Benchmark/adevs_phold cpdevs -c 6 -n 6 -s 4 -i 0 -r 90 -p 0.3 -t 1000000";"adevs_phold";"cpdevs";6;6;4;0;90;30.0;1000000;324541143.0;0.0074;43767875117.0;630.166;15926.0;0.229;31.0;0.0;249609840318.0;3.594;140165953006.0;0.56;662.0;0.01;150394501245.0;0.6025;25956933155.0;0.10400000000000001;69454.553342;5.954;11.665327128
"./build/Benchmark/adevs_phold cpdevs -c 6 -n 6 -s 4 -i 0 -r 90 -p 0.3 -t 1000000";"adevs_phold";"cpdevs";6;6;4;0;90;30.0;1000000;325128901.0;0.0077;42266975130.0;607.777;16145.0;0.232;35.0;0.001;249970708374.0;3.594;136077279831.0;0.54;686.0;0.01;149524863324.0;0.5982;28513605586.0;0.11410000000000001;69543.579433;5.953;11.682582759
"./build/Benchmark/adevs_phold cpdevs -c 6 -n 6 -s 4 -i 0 -r 90 -p 0.3 -t 1000000";"adevs_phold";"cpdevs";6;6;4;0;90;30.0;1000000;323020429.0;0.0077;41896771450.0;603.673;16089.0;0.232;51.0;0.001;249365909017.0;3.593;134880967539.0;0.54;709.0;0.01;150038671693.0;0.6017;27624932039.0;0.1108;69403.139022;5.951;11.663388608
"./build/Benchmark/adevs_phold cpdevs -c 6 -n 6 -s 4 -i 0 -r 90 -p 0.3 -t 1000000";"adevs_phold";"cpdevs";6;6;4;0;90;30.0;1000000;325298446.0;0.0075;43154211120.0;619.355;17749.0;0.255;27.0;0.0;250379404526.0;3.593;138450836862.0;0.55;731.0;0.01;150390250246.0;0.6006;27427610584.0;0.10949999999999999;69676.099966;5.95;11.710069193
"./build/Benchmark/adevs_phold cpdevs -c 6 -n 6 -s 4 -i 0 -r 90 -p 0.3 -t 1000000";"adevs_phold";"cpdevs";6;6;4;0;90;30.0;1000000;323790388.0;0.0077;41840914628.0;604.19;16417.0;0.237;42.0;0.001;248983816866.0;3.595;134660334607.0;0.54;662.0;0.01;149688112967.0;0.6012;27547895948.0;0.1106;69251.264696;5.953;11.633479305
"./build/Benchmark/adevs_phold cpdevs -c 6 -n 6 -s 4 -i 0 -r 90 -p 0.3 -t 1000000";"adevs_phold";"cpdevs";6;6;4;0;90;30.0;1000000;326254737.0;0.0075;43546099960.0;626.085;16147.0;0.232;79.0;0.001;249944498160.0;3.594;139749034614.0;0.56;681.0;0.01;150284502665.0;0.6013000000000001;25797417246.0;0.1032;69553.068218;5.949;11.691432474
"./build/Benchmark/adevs_phold cpdevs -c 6 -n 6 -s 4 -i 0 -r 90 -p 0.3 -t 1000000";"adevs_phold";"cpdevs";6;6;4;0;90;30.0;1000000;333371501.0;0.0077;43311887811.0;622.903;17586.0;0.253;42.0;0.001;249931626730.0;3.594;138988181941.0;0.56;721.0;0.01;149905095130.0;0.5998;27084738225.0;0.1084;69532.322485;5.95;11.685602569
"./build/Benchmark/adevs_phold cpdevs -c 6 -n 6 -s 4 -i 0 -r 90 -p 0.3 -t 1000000";"adevs_phold";"cpdevs";6;6;4;0;90;30.0;1000000;345905059.0;0.0079;43636441571.0;632.115;17609.0;0.255;33.0;0.0;248206594163.0;3.596;139666202349.0;0.56;665.0;0.01;149233774265.0;0.6012;26047057049.0;0.10490000000000001;69032.47278;5.955;11.591994039
"./build/Benchmark/adevs_phold cpdevs -c 6 -n 6 -s 4 -i 0 -r 90 -p 0.3 -t 1000000";"adevs_phold";"cpdevs";6;6;4;0;90;30.0;1000000;333266054.0;0.0075;44595507732.0;643.601;17022.0;0.246;45.0;0.001;249072176219.0;3.595;142645116802.0;0.57;644.0;0.009;149251392127.0;0.5992000000000001;25618020354.0;0.10289999999999999;69290.665356;5.95;11.64644779
"./build/Benchmark/adevs_phold cpdevs -c 6 -n 6 -s 4 -i 0 -r 90 -p 0.3 -t 1000000";"adevs_phold";"cpdevs";6;6;4;0;90;30.0;1000000;334567811.0;0.0077;43371534777.0;621.15;16656.0;0.239;36.0;0.001;251030851994.0;3.595;139335772930.0;0.56;745.0;0.011;150786021098.0;0.6007;27067877503.0;0.10779999999999999;69824.608789;5.956;11.722591197
"./build/Benchmark/adevs_phold cpdevs -c 6 -n 6 -s 4 -i 0 -r 90 -p 0.4 -t 1000000";"adevs_phold";"cpdevs";6;6;4;0;90;40.0;1000000;338950657.0;0.0074;46048745998.0;646.2;20178.0;0.283;41.0;0.001;256199445831.0;3.595;147874050449.0;0.58;678.0;0.01;150224888260.0;0.5864;28996992568.0;0.11320000000000001;71260.808337;5.951;11.973914834
"./build/Benchmark/adevs_phold cpdevs -c 6 -n 6 -s 4 -i 0 -r 90 -p 0.4 -t 1000000";"adevs_phold";"cpdevs";6;6;4;0;90;40.0;1000000;345894099.0;0.0076;45749759036.0;639.387;20771.0;0.29;36.0;0.001;257237681061.0;3.595;146973790570.0;0.57;748.0;0.01;150035655704.0;0.5832999999999999;29815440493.0;0.1159;71552.556716;5.951;12.023869528
"./build/Benchmark/adevs_phold cpdevs -c 6 -n 6 -s 4 -i 0 -r 90 -p 0.4 -t 1000000";"adevs_phold";"cpdevs";6;6;4;0;90;40.0;1000000;338383123.0;0.0073;46296102794.0;646.186;22087.0;0.308;52.0;0.001;257541178008.0;3.595;148653449579.0;0.58;695.0;0.01;150520902156.0;0.5845;29101079056.0;0.113;71645.151305;5.948;12.044357301
"./build/Benchmark/adevs_phold cpdevs -c 6 -n 6 -s 4 -i 0 -r 90 -p 0.4 -t 1000000";"adevs_phold";"cpdevs";6;6;4;0;90;40.0;1000000;346770345.0;0.0073;47589436822.0;661.965;21959.0;0.305;38.0;0.001;258330454113.0;3.593;152173147296.0;0.59;770.0;0.011;151498312846.0;0.5865;27874690317.0;0.1079;71891.168873;5.946;12.089976508
"./build/Benchmark/adevs_phold cpdevs -c 6 -n 6 -s 4 -i 0 -r 90 -p 0.4 -t 1000000";"adevs_phold";"cpdevs";6;6;4;0;90;40.0;1000000;341629168.0;0.0073;46795669519.0;649.616;20732.0;0.288;32.0;0.0;258989089126.0;3.595;149760152877.0;0.58;749.0;0.01;151558264115.0;0.5852;29432032655.0;0.11359999999999999;72035.88369;5.953;12.10042191
"./build/Benchmark/adevs_phold cpdevs -c 6 -n 6 -s 4 -i 0 -r 90 -p 0.4 -t 1000000";"adevs_phold";"cpdevs";6;6;4;0;90;40.0;1000000;340234848.0;0.0072;47382184465.0;656.263;21788.0;0.302;48.0;0.001;259597057078.0;3.596;151499768264.0;0.58;794.0;0.011;150739504388.0;0.5807;29668491557.0;0.1143;72199.942261;5.948;12.138918331
"./build/Benchmark/adevs_phold cpdevs -c 6 -n 6 -s 4 -i 0 -r 90 -p 0.4 -t 1000000";"adevs_phold";"cpdevs";6;6;4;0;90;40.0;1000000;341112808.0;0.0072;47083900364.0;662.252;20745.0;0.292;36.0;0.001;255616679085.0;3.595;150788644362.0;0.59;732.0;0.01;150003555214.0;0.5868;27376621247.0;0.10710000000000001;71096.639286;5.95;11.948349477
"./build/Benchmark/adevs_phold cpdevs -c 6 -n 6 -s 4 -i 0 -r 90 -p 0.4 -t 1000000";"adevs_phold";"cpdevs";6;6;4;0;90;40.0;1000000;345651498.0;0.0074;46718828430.0;650.574;20211.0;0.281;38.0;0.001;258126986109.0;3.594;149577521556.0;0.58;662.0;0.009;150529009415.0;0.5832;29524470975.0;0.1144;71811.728138;5.95;12.068881489
"./build/Benchmark/adevs_phold cpdevs -c 6 -n 6 -s 4 -i 0 -r 90 -p 0.4 -t 1000000";"adevs_phold";"cpdevs";6;6;4;0;90;40.0;1000000;354385824.0;0.0076;46468373151.0;644.835;19652.0;0.273;28.0;0.0;259109264363.0;3.596;149233955696.0;0.58;669.0;0.009;151582213374.0;0.585;29549147551.0;0.114;72062.435649;5.956;12.099260272
"./build/Benchmark/adevs_phold cpdevs -c 6 -n 6 -s 4 -i 0 -r 90 -p 0.4 -t 1000000";"adevs_phold";"cpdevs";6;6;4;0;90;40.0;1000000;338317866.0;0.0073;46225953431.0;647.47;20725.0;0.29;31.0;0.0;256568601699.0;3.594;148124305934.0;0.58;728.0;0.01;150215933377.0;0.5855;28497155238.0;0.11109999999999999;71394.773304;5.95;11.998135606
"./build/Benchmark/adevs_phold cpdevs -c 6 -n 6 -s 4 -i 0 -r 90 -p 0.4 -t 1000000";"adevs_phold";"cpdevs";6;6;4;0;90;40.0;1000000;346509268.0;0.0073;47308326646.0;656.589;20976.0;0.291;32.0;0.0;259002029855.0;3.595;151370006599.0;0.58;746.0;0.01;151273287796.0;0.5841;29113161818.0;0.1124;72051.658209;5.95;12.108828001
"./build/Benchmark/adevs_phold cpdevs -c 6 -n 6 -s 4 -i 0 -r 90 -p 0.4 -t 1000000";"adevs_phold";"cpdevs";6;6;4;0;90;40.0;1000000;340470027.0;0.0074;45996126933.0;639.415;21352.0;0.297;51.0;0.001;258529504920.0;3.594;147670589986.0;0.57;724.0;0.01;151464587566.0;0.5859000000000001;29360945930.0;0.11359999999999999;71934.674095;5.946;12.097479385
"./build/Benchmark/adevs_phold cpdevs -c 6 -n 6 -s 4 -i 0 -r 90 -p 0.4 -t 1000000";"adevs_phold";"cpdevs";6;6;4;0;90;40.0;1000000;346215107.0;0.0072;48043758895.0;670.037;21181.0;0.295;36.0;0.001;257708264635.0;3.594;153300534118.0;0.59;758.0;0.011;150723646078.0;0.5849;27662440853.0;0.1073;71703.118023;5.947;12.057006625
"./build/Benchmark/adevs_phold cpdevs -c 6 -n 6 -s 4 -i 0 -r 90 -p 0.4 -t 1000000";"adevs_phold";"cpdevs";6;6;4;0;90;40.0;1000000;337138549.0;0.0075;44805329793.0;627.104;21174.0;0.296;40.0;0.001;256749077248.0;3.594;144299411289.0;0.56;680.0;0.01;150797803173.0;0.5872999999999999;30003759353.0;0.11689999999999999;71448.045118;5.946;12.016059694
"./build/Benchmark/adevs_phold cpdevs -c 6 -n 6 -s 4 -i 0 -r 90 -p 0.4 -t 1000000";"adevs_phold";"cpdevs";6;6;4;0;90;40.0;1000000;339814255.0;0.0075;45212472505.0;632.197;21577.0;0.302;37.0;0.001;257142732534.0;3.596;145398718017.0;0.57;649.0;0.009;149769867324.0;0.5824;30521839605.0;0.11869999999999999;71516.447618;5.952;12.015193789
"./build/Benchmark/adevs_phold cpdevs -c 6 -n 6 -s 4 -i 0 -r 90 -p 0.5 -t 1000000";"adevs_phold";"cpdevs";6;6;4;0;90;50.0;1000000;356180418.0;0.0069;51484121802.0;694.599;25699.0;0.347;59.0;0.001;266448351034.0;3.595;164644526285.0;0.62;751.0;0.01;150817980256.0;0.5660000000000001;30562404958.0;0.11470000000000001;74120.60837;5.942;12.474829884
"./build/Benchmark/adevs_phold cpdevs -c 6 -n 6 -s 4 -i 0 -r 90 -p 0.5 -t 1000000";"adevs_phold";"cpdevs";6;6;4;0;90;50.0;1000000;356247366.0;0.0072;49615992948.0;672.226;26516.0;0.359;41.0;0.001;265327040543.0;3.595;159085509419.0;0.6;707.0;0.01;150950072872.0;0.5689;31976156387.0;0.12050000000000001;73808.50527;5.948;12.408857615
"./build/Benchmark/adevs_phold cpdevs -c 6 -n 6 -s 4 -i 0 -r 90 -p 0.5 -t 1000000";"adevs_phold";"cpdevs";6;6;4;0;90;50.0;1000000;352959981.0;0.006999999999999999;50213754044.0;681.251;27580.0;0.374;39.0;0.001;264962556417.0;3.595;160749680634.0;0.61;669.0;0.009;150829530050.0;0.5692;31267231649.0;0.11800000000000001;73708.187505;5.945;12.39822672
"./build/Benchmark/adevs_phold cpdevs -c 6 -n 6 -s 4 -i 0 -r 90 -p 0.5 -t 1000000";"adevs_phold";"cpdevs";6;6;4;0;90;50.0;1000000;353867426.0;0.006999999999999999;50873614363.0;690.188;26987.0;0.366;43.0;0.001;264961401912.0;3.595;162747827659.0;0.61;764.0;0.01;151386998006.0;0.5714;29669886588.0;0.11199999999999999;73709.787547;5.946;12.396203476
"./build/Benchmark/adevs_phold cpdevs -c 6 -n 6 -s 4 -i 0 -r 90 -p 0.5 -t 1000000";"adevs_phold";"cpdevs";6;6;4;0;90;50.0;1000000;357776221.0;0.006999999999999999;50871580480.0;684.928;26570.0;0.358;41.0;0.001;267029023862.0;3.595;162730233149.0;0.61;702.0;0.009;151572923929.0;0.5676;30611295735.0;0.11460000000000001;74272.896629;5.948;12.487044026
"./build/Benchmark/adevs_phold cpdevs -c 6 -n 6 -s 4 -i 0 -r 90 -p 0.5 -t 1000000";"adevs_phold";"cpdevs";6;6;4;0;90;50.0;1000000;359330171.0;0.0072;50046822767.0;673.839;25658.0;0.345;47.0;0.001;266964885456.0;3.594;160373448824.0;0.6;697.0;0.009;150889712952.0;0.5652;32908243463.0;0.1233;74271.134149;5.942;12.498619045
"./build/Benchmark/adevs_phold cpdevs -c 6 -n 6 -s 4 -i 0 -r 90 -p 0.5 -t 1000000";"adevs_phold";"cpdevs";6;6;4;0;90;50.0;1000000;369604453.0;0.0074;49997499000.0;671.173;25103.0;0.337;32.0;0.0;267722405761.0;3.594;160357615637.0;0.6;733.0;0.01;152670710457.0;0.5703;31918402187.0;0.1192;74492.696863;5.945;12.529441642
"./build/Benchmark/adevs_phold cpdevs -c 6 -n 6 -s 4 -i 0 -r 90 -p 0.5 -t 1000000";"adevs_phold";"cpdevs";6;6;4;0;90;50.0;1000000;353527667.0;0.006999999999999999;50493804301.0;680.76;25868.0;0.349;41.0;0.001;266489031297.0;3.593;161376464319.0;0.61;732.0;0.01;152071528188.0;0.5706;31273841002.0;0.1174;74172.65533;5.942;12.482158347
"./build/Benchmark/adevs_phold cpdevs -c 6 -n 6 -s 4 -i 0 -r 90 -p 0.5 -t 1000000";"adevs_phold";"cpdevs";6;6;4;0;90;50.0;1000000;357911335.0;0.0070999999999999995;50527465090.0;679.679;27402.0;0.369;29.0;0.0;267195261992.0;3.594;161887690592.0;0.61;722.0;0.01;151466080385.0;0.5669;31584359306.0;0.1182;74340.230125;5.944;12.507414031
"./build/Benchmark/adevs_phold cpdevs -c 6 -n 6 -s 4 -i 0 -r 90 -p 0.5 -t 1000000";"adevs_phold";"cpdevs";6;6;4;0;90;50.0;1000000;355477218.0;0.006999999999999999;50564233527.0;680.785;27097.0;0.365;44.0;0.001;266944223459.0;3.594;162018301369.0;0.61;709.0;0.01;152182284945.0;0.5700999999999999;30618443803.0;0.11470000000000001;74273.463362;5.944;12.496117328
"./build/Benchmark/adevs_phold cpdevs -c 6 -n 6 -s 4 -i 0 -r 90 -p 0.5 -t 1000000";"adevs_phold";"cpdevs";6;6;4;0;90;50.0;1000000;353773842.0;0.0074;48084051684.0;652.286;25905.0;0.351;31.0;0.0;264917518328.0;3.594;154758274968.0;0.58;676.0;0.009;150916855026.0;0.5697;33095304569.0;0.1249;73716.249096;5.945;12.399680972
"./build/Benchmark/adevs_phold cpdevs -c 6 -n 6 -s 4 -i 0 -r 90 -p 0.5 -t 1000000";"adevs_phold";"cpdevs";6;6;4;0;90;50.0;1000000;354642575.0;0.0070999999999999995;50229695443.0;683.685;24849.0;0.338;56.0;0.001;264032901098.0;3.594;160894622625.0;0.61;705.0;0.01;150776324324.0;0.5710999999999999;29859137285.0;0.1131;73469.052698;5.947;12.353830398
"./build/Benchmark/adevs_phold cpdevs -c 6 -n 6 -s 4 -i 0 -r 90 -p 0.5 -t 1000000";"adevs_phold";"cpdevs";6;6;4;0;90;50.0;1000000;353361374.0;0.0073;48710500802.0;656.313;27416.0;0.369;50.0;0.001;266774677747.0;3.594;156540526947.0;0.59;706.0;0.01;151293424527.0;0.5671;33191999056.0;0.1244;74218.436542;5.946;12.482596438
"./build/Benchmark/adevs_phold cpdevs -c 6 -n 6 -s 4 -i 0 -r 90 -p 0.5 -t 1000000";"adevs_phold";"cpdevs";6;6;4;0;90;50.0;1000000;351305823.0;0.0073;48345946101.0;651.576;24706.0;0.333;42.0;0.001;266752620687.0;3.595;155212206622.0;0.58;662.0;0.009;152133052380.0;0.5703;32782435113.0;0.1229;74198.461169;5.95;12.470996859
"./build/Benchmark/adevs_phold cpdevs -c 6 -n 6 -s 4 -i 0 -r 90 -p 0.5 -t 1000000";"adevs_phold";"cpdevs";6;6;4;0;90;50.0;1000000;355008348.0;0.0073;48597126537.0;653.83;25701.0;0.346;47.0;0.001;267175885321.0;3.595;156472219039.0;0.59;687.0;0.009;151890379174.0;0.5685;33466756680.0;0.1253;74326.872516;5.942;12.509738261
"./build/Benchmark/adevs_phold cpdevs -c 6 -n 6 -s 4 -i 0 -r 90 -p 0.6 -t 1000000";"adevs_phold";"cpdevs";6;6;4;0;90;60.0;1000000;445869262.0;0.0059;75619093841.0;840.698;62657.0;0.697;42.0;0.0;323200048979.0;3.593;241725705181.0;0.75;701.0;0.008;155919971349.0;0.4824;45480236217.0;0.1407;89947.985812;5.933;15.160964932
"./build/Benchmark/adevs_phold cpdevs -c 6 -n 6 -s 4 -i 0 -r 90 -p 0.6 -t 1000000";"adevs_phold";"cpdevs";6;6;4;0;90;60.0;1000000;455211090.0;0.0060999999999999995;74093026449.0;828.327;64865.0;0.725;41.0;0.0;321457475370.0;3.594;237276218555.0;0.74;671.0;0.008;156161940558.0;0.4858;45696810978.0;0.1422;89449.042004;5.93;15.08311873
"./build/Benchmark/adevs_phold cpdevs -c 6 -n 6 -s 4 -i 0 -r 90 -p 0.6 -t 1000000";"adevs_phold";"cpdevs";6;6;4;0;90;60.0;1000000;437370467.0;0.0059;74621810584.0;835.493;54720.0;0.613;41.0;0.0;320947822152.0;3.593;238448401897.0;0.74;769.0;0.009;155964428438.0;0.48590000000000005;44420611425.0;0.1384;89314.690096;5.936;15.045776734
"./build/Benchmark/adevs_phold cpdevs -c 6 -n 6 -s 4 -i 0 -r 90 -p 0.6 -t 1000000";"adevs_phold";"cpdevs";6;6;4;0;90;60.0;1000000;437174799.0;0.0059;73888565485.0;828.404;60771.0;0.681;34.0;0.0;320565886793.0;3.594;236446818531.0;0.74;736.0;0.008;155247936609.0;0.4843;45497555147.0;0.1419;89193.86815;5.93;15.040315481
"./build/Benchmark/adevs_phold cpdevs -c 6 -n 6 -s 4 -i 0 -r 90 -p 0.6 -t 1000000";"adevs_phold";"cpdevs";6;6;4;0;90;60.0;1000000;480580370.0;0.0064;75258073904.0;841.13;62527.0;0.699;33.0;0.0;321563156640.0;3.594;240466075204.0;0.75;719.0;0.008;155808558160.0;0.48450000000000004;44654348496.0;0.1389;89472.613906;5.93;15.088486659
"./build/Benchmark/adevs_phold cpdevs -c 6 -n 6 -s 4 -i 0 -r 90 -p 0.6 -t 1000000";"adevs_phold";"cpdevs";6;6;4;0;90;60.0;1000000;437234796.0;0.006;72897832939.0;812.628;65389.0;0.729;45.0;0.001;322366357442.0;3.594;233429238890.0;0.72;677.0;0.008;156626207979.0;0.48590000000000005;47367497389.0;0.1469;89706.222392;5.928;15.132928689
"./build/Benchmark/adevs_phold cpdevs -c 6 -n 6 -s 4 -i 0 -r 90 -p 0.6 -t 1000000";"adevs_phold";"cpdevs";6;6;4;0;90;60.0;1000000;435723683.0;0.006;72590973539.0;810.479;64591.0;0.721;47.0;0.001;321826289597.0;3.593;232749369772.0;0.72;713.0;0.008;155351529879.0;0.4827;47723166267.0;0.1483;89565.561252;5.923;15.122451077
"./build/Benchmark/adevs_phold cpdevs -c 6 -n 6 -s 4 -i 0 -r 90 -p 0.6 -t 1000000";"adevs_phold";"cpdevs";6;6;4;0;90;60.0;1000000;437076750.0;0.006;72700423618.0;823.403;61105.0;0.692;40.0;0.0;317340697050.0;3.594;232738319932.0;0.73;671.0;0.008;155232703455.0;0.4892;44141348544.0;0.1391;88292.679122;5.93;14.88847243
"./build/Benchmark/adevs_phold cpdevs -c 6 -n 6 -s 4 -i 0 -r 90 -p 0.6 -t 1000000";"adevs_phold";"cpdevs";6;6;4;0;90;60.0;1000000;466403836.0;0.0064;73012100092.0;822.356;59947.0;0.675;30.0;0.0;319016815744.0;3.593;234020227682.0;0.73;702.0;0.008;155260021650.0;0.4867;45240367939.0;0.1418;88784.074025;5.931;14.970468046
"./build/Benchmark/adevs_phold cpdevs -c 6 -n 6 -s 4 -i 0 -r 90 -p 0.6 -t 1000000";"adevs_phold";"cpdevs";6;6;4;0;90;60.0;1000000;456803233.0;0.0064;71868428101.0;810.949;60274.0;0.68;51.0;0.001;318383064171.0;3.593;231082369956.0;0.73;653.0;0.007;155256896915.0;0.4876;45975985246.0;0.1444;88622.61425;5.928;14.949626201
"./build/Benchmark/adevs_phold cpdevs -c 6 -n 6 -s 4 -i 0 -r 90 -p 0.6 -t 1000000";"adevs_phold";"cpdevs";6;6;4;0;90;60.0;1000000;435525759.0;0.0062;70288274238.0;786.212;62568.0;0.7;37.0;0.0;321291435009.0;3.594;226667965685.0;0.71;666.0;0.007;155261598067.0;0.4832;49556940677.0;0.1542;89401.212893;5.932;15.070554188
"./build/Benchmark/adevs_phold cpdevs -c 6 -n 6 -s 4 -i 0 -r 90 -p 0.6 -t 1000000";"adevs_phold";"cpdevs";6;6;4;0;90;60.0;1000000;441183478.0;0.006;73064373858.0;821.93;66256.0;0.745;49.0;0.001;319373502295.0;3.593;234608665911.0;0.73;666.0;0.007;154724501430.0;0.48450000000000004;45555957941.0;0.1426;88893.646685;5.928;14.994870036
"./build/Benchmark/adevs_phold cpdevs -c 6 -n 6 -s 4 -i 0 -r 90 -p 0.6 -t 1000000";"adevs_phold";"cpdevs";6;6;4;0;90;60.0;1000000;431649460.0;0.0059;73658052374.0;830.325;62506.0;0.705;40.0;0.0;318826663782.0;3.594;235526366391.0;0.74;661.0;0.007;154890168705.0;0.4858;45015660082.0;0.1412;88709.944277;5.931;14.957662538
"./build/Benchmark/adevs_phold cpdevs -c 6 -n 6 -s 4 -i 0 -r 90 -p 0.6 -t 1000000";"adevs_phold";"cpdevs";6;6;4;0;90;60.0;1000000;435870986.0;0.0059;74477010163.0;832.775;62887.0;0.703;46.0;0.001;321459392443.0;3.594;238112634898.0;0.74;679.0;0.008;155689806695.0;0.4843;45533738283.0;0.1416;89432.329847;5.93;15.080857378
"./build/Benchmark/adevs_phold cpdevs -c 6 -n 6 -s 4 -i 0 -r 90 -p 0.6 -t 1000000";"adevs_phold";"cpdevs";6;6;4;0;90;60.0;1000000;439600295.0;0.006;73358979827.0;825.784;63857.0;0.719;52.0;0.001;319212731129.0;3.593;234914964713.0;0.74;646.0;0.007;155882755680.0;0.48829999999999996;44212488438.0;0.13849999999999998;88835.550987;5.93;14.981054831
"./build/Benchmark/adevs_phold cpdevs -c 6 -n 6 -s 4 -i 0 -r 90 -p 0.7 -t 1000000";"adevs_phold";"cpdevs";6;6;4;0;90;70.0;1000000;515749652.0;0.0063;81843252707.0;854.587;103050.0;0.001;35.0;0.0;344142538915.0;3.593;262821713193.0;0.76;719.0;0.008;158567664597.0;0.4608;53154784913.0;0.1545;95769.383482;5.915;16.191648099
"./build/Benchmark/adevs_phold cpdevs -c 6 -n 6 -s 4 -i 0 -r 90 -p 0.7 -t 1000000";"adevs_phold";"cpdevs";6;6;4;0;90;70.0;1000000;478136964.0;0.006;80045882827.0;830.525;96183.0;0.998;45.0;0.0;346293576053.0;3.593;257808561932.0;0.74;725.0;0.008;158625709139.0;0.4581;55925160879.0;0.16149999999999998;96379.90513;5.917;16.288535029
"./build/Benchmark/adevs_phold cpdevs -c 6 -n 6 -s 4 -i 0 -r 90 -p 0.7 -t 1000000";"adevs_phold";"cpdevs";6;6;4;0;90;70.0;1000000;484998596.0;0.0058;83926426050.0;873.738;99171.0;0.001;40.0;0.0;345165525803.0;3.593;269274521079.0;0.78;672.0;0.007;158017552091.0;0.4578;52268359104.0;0.1514;96054.457715;5.917;16.234536471
"./build/Benchmark/adevs_phold cpdevs -c 6 -n 6 -s 4 -i 0 -r 90 -p 0.7 -t 1000000";"adevs_phold";"cpdevs";6;6;4;0;90;70.0;1000000;489976894.0;0.006;82100549953.0;850.947;98563.0;0.001;55.0;0.001;346647537587.0;3.593;264305985513.0;0.76;673.0;0.007;159217498282.0;0.4593;52634780280.0;0.1518;96481.420882;5.919;16.300105908
"./build/Benchmark/adevs_phold cpdevs -c 6 -n 6 -s 4 -i 0 -r 90 -p 0.7 -t 1000000";"adevs_phold";"cpdevs";6;6;4;0;90;70.0;1000000;481094081.0;0.006;79716466221.0;826.739;103549.0;0.001;26.0;0.0;346454342783.0;3.593;257259167053.0;0.74;652.0;0.007;158480219948.0;0.45740000000000003;56653696326.0;0.1635;96422.724803;5.916;16.297379357
"./build/Benchmark/adevs_phold cpdevs -c 6 -n 6 -s 4 -i 0 -r 90 -p 0.7 -t 1000000";"adevs_phold";"cpdevs";6;6;4;0;90;70.0;1000000;497762656.0;0.0058;86131208783.0;887.742;105692.0;0.001;32.0;0.0;348617725143.0;3.593;275056532109.0;0.79;644.0;0.007;158845988821.0;0.4556;52131405622.0;0.1495;97022.795054;5.918;16.395025839
"./build/Benchmark/adevs_phold cpdevs -c 6 -n 6 -s 4 -i 0 -r 90 -p 0.7 -t 1000000";"adevs_phold";"cpdevs";6;6;4;0;90;70.0;1000000;485807935.0;0.0058;84408902725.0;874.484;89515.0;0.927;59.0;0.001;346788747385.0;3.593;270585932743.0;0.78;701.0;0.007;159128243566.0;0.45890000000000003;50584161535.0;0.1459;96524.228585;5.918;16.310759137
"./build/Benchmark/adevs_phold cpdevs -c 6 -n 6 -s 4 -i 0 -r 90 -p 0.7 -t 1000000";"adevs_phold";"cpdevs";6;6;4;0;90;70.0;1000000;491994646.0;0.005600000000000001;87812327387.0;898.327;105423.0;0.001;79.0;0.001;351187706657.0;3.593;280644971366.0;0.8;650.0;0.007;160569775744.0;0.4572;50228223007.0;0.14300000000000002;97751.007341;5.91;16.539139823
"./build/Benchmark/adevs_phold cpdevs -c 6 -n 6 -s 4 -i 0 -r 90 -p 0.7 -t 1000000";"adevs_phold";"cpdevs";6;6;4;0;90;70.0;1000000;487108923.0;0.0058;84292049394.0;875.971;101152.0;0.001;33.0;0.0;345779375124.0;3.593;270016792076.0;0.78;689.0;0.007;159716097818.0;0.4619;50156852364.0;0.1451;96226.965823;5.918;16.260881071
"./build/Benchmark/adevs_phold cpdevs -c 6 -n 6 -s 4 -i 0 -r 90 -p 0.7 -t 1000000";"adevs_phold";"cpdevs";6;6;4;0;90;70.0;1000000;480095271.0;0.005699999999999999;84419935503.0;873.203;102540.0;0.001;38.0;0.0;347407618181.0;3.593;270542849578.0;0.78;869.0;0.009;159430120843.0;0.45890000000000003;51775951394.0;0.149;96678.518055;5.918;16.337679878
"./build/Benchmark/adevs_phold cpdevs -c 6 -n 6 -s 4 -i 0 -r 90 -p 0.7 -t 1000000";"adevs_phold";"cpdevs";6;6;4;0;90;70.0;1000000;481865605.0;0.005699999999999999;84227563212.0;875.366;96590.0;0.001;37.0;0.0;345813335116.0;3.594;270315720481.0;0.78;805.0;0.008;158402253658.0;0.4581;51399809443.0;0.14859999999999998;96219.829203;5.919;16.254896934
"./build/Benchmark/adevs_phold cpdevs -c 6 -n 6 -s 4 -i 0 -r 90 -p 0.7 -t 1000000";"adevs_phold";"cpdevs";6;6;4;0;90;70.0;1000000;485645372.0;0.006;80292935680.0;834.608;87369.0;0.908;60.0;0.001;345571993634.0;3.592;258810151871.0;0.75;699.0;0.007;158764957901.0;0.4594;55406768114.0;0.1603;96204.415423;5.92;16.251195264
"./build/Benchmark/adevs_phold cpdevs -c 6 -n 6 -s 4 -i 0 -r 90 -p 0.7 -t 1000000";"adevs_phold";"cpdevs";6;6;4;0;90;70.0;1000000;486723242.0;0.006;81631461452.0;843.063;100025.0;0.001;42.0;0.0;347848114030.0;3.592;262754670371.0;0.76;682.0;0.007;158781182104.0;0.45649999999999996;55771904821.0;0.1603;96827.230707;5.915;16.370503666
"./build/Benchmark/adevs_phold cpdevs -c 6 -n 6 -s 4 -i 0 -r 90 -p 0.7 -t 1000000";"adevs_phold";"cpdevs";6;6;4;0;90;70.0;1000000;478545645.0;0.0058;82301393015.0;861.246;98112.0;0.001;19.0;0.0;343277496372.0;3.592;264028130249.0;0.77;697.0;0.007;158662516863.0;0.4622;51842213224.0;0.151;95560.857353;5.917;16.151032038
"./build/Benchmark/adevs_phold cpdevs -c 6 -n 6 -s 4 -i 0 -r 90 -p 0.7 -t 1000000";"adevs_phold";"cpdevs";6;6;4;0;90;70.0;1000000;488250436.0;0.005699999999999999;85887664882.0;890.719;100849.0;0.001;57.0;0.001;346414398369.0;3.593;274923476068.0;0.79;688.0;0.007;160333220217.0;0.4628;48492958859.0;0.14;96425.088751;5.915;16.30075493
"./build/Benchmark/adevs_phold cpdevs -c 6 -n 6 -s 4 -i 0 -r 90 -p 0.8 -t 1000000";"adevs_phold";"cpdevs";6;6;4;0;90;80.0;1000000;569642523.0;0.0055000000000000005;103664953839.0;954.126;187916.0;0.002;31.0;0.0;390362017760.0;3.593;332370771142.0;0.85;728.0;0.007;165595441606.0;0.4242;59460290342.0;0.1523;108649.124682;5.895;18.430694465
"./build/Benchmark/adevs_phold cpdevs -c 6 -n 6 -s 4 -i 0 -r 90 -p 0.8 -t 1000000";"adevs_phold";"cpdevs";6;6;4;0;90;80.0;1000000;597178078.0;0.006;99524355290.0;914.197;187465.0;0.002;49.0;0.0;391057792448.0;3.592;321218383836.0;0.82;650.0;0.006;164868309168.0;0.4216;65632322002.0;0.1678;108865.315848;5.892;18.476320198
"./build/Benchmark/adevs_phold cpdevs -c 6 -n 6 -s 4 -i 0 -r 90 -p 0.8 -t 1000000";"adevs_phold";"cpdevs";6;6;4;0;90;80.0;1000000;566308489.0;0.005699999999999999;98763303266.0;905.917;196064.0;0.002;38.0;0.0;391486182270.0;3.591;318495494699.0;0.81;717.0;0.007;164697721097.0;0.4207;66083832594.0;0.16879999999999998;109020.206783;5.891;18.506546037
"./build/Benchmark/adevs_phold cpdevs -c 6 -n 6 -s 4 -i 0 -r 90 -p 0.8 -t 1000000";"adevs_phold";"cpdevs";6;6;4;0;90;80.0;1000000;565743014.0;0.005699999999999999;99655111857.0;924.641;165501.0;0.002;56.0;0.001;387165767905.0;3.592;321186089673.0;0.83;683.0;0.006;165692510311.0;0.428;61035852641.0;0.1576;107777.090555;5.898;18.272908304
"./build/Benchmark/adevs_phold cpdevs -c 6 -n 6 -s 4 -i 0 -r 90 -p 0.8 -t 1000000";"adevs_phold";"cpdevs";6;6;4;0;90;80.0;1000000;573322667.0;0.005600000000000001;101708979749.0;921.202;195131.0;0.002;61.0;0.001;396552889623.0;3.592;326954814366.0;0.82;757.0;0.007;166024887780.0;0.41869999999999996;65893894563.0;0.16620000000000001;110408.955449;5.877;18.786553606
"./build/Benchmark/adevs_phold cpdevs -c 6 -n 6 -s 4 -i 0 -r 90 -p 0.8 -t 1000000";"adevs_phold";"cpdevs";6;6;4;0;90;80.0;1000000;577587049.0;0.005699999999999999;102088129090.0;922.422;200240.0;0.002;63.0;0.001;397359725328.0;3.59;328305905883.0;0.83;720.0;0.007;165780068585.0;0.4172;67196281540.0;0.1691;110674.021375;5.884;18.81030967
"./build/Benchmark/adevs_phold cpdevs -c 6 -n 6 -s 4 -i 0 -r 90 -p 0.8 -t 1000000";"adevs_phold";"cpdevs";6;6;4;0;90;80.0;1000000;561453502.0;0.0058;97097106593.0;893.148;166398.0;0.002;72.0;0.001;390416798223.0;3.591;314098204507.0;0.8;761.0;0.007;165023665898.0;0.4227;66253028098.0;0.1697;108713.306187;5.895;18.442237538
"./build/Benchmark/adevs_phold cpdevs -c 6 -n 6 -s 4 -i 0 -r 90 -p 0.8 -t 1000000";"adevs_phold";"cpdevs";6;6;4;0;90;80.0;1000000;596415852.0;0.0059;100624562931.0;923.49;188305.0;0.002;42.0;0.0;391331901240.0;3.591;323681660036.0;0.83;709.0;0.007;163952288565.0;0.419;63984304399.0;0.1635;108961.186046;5.892;18.4933452
"./build/Benchmark/adevs_phold cpdevs -c 6 -n 6 -s 4 -i 0 -r 90 -p 0.8 -t 1000000";"adevs_phold";"cpdevs";6;6;4;0;90;80.0;1000000;574442766.0;0.005600000000000001;102931961085.0;940.782;201110.0;0.002;74.0;0.001;392795138913.0;3.59;330176218263.0;0.84;693.0;0.006;164715359872.0;0.4193;63029915432.0;0.1605;109411.021899;5.881;18.605007112
"./build/Benchmark/adevs_phold cpdevs -c 6 -n 6 -s 4 -i 0 -r 90 -p 0.8 -t 1000000";"adevs_phold";"cpdevs";6;6;4;0;90;80.0;1000000;575934090.0;0.006;96645218272.0;884.336;189331.0;0.002;53.0;0.0;392503740450.0;3.592;312603479520.0;0.8;662.0;0.006;164813040068.0;0.4199;69906882551.0;0.17809999999999998;109285.622427;5.892;18.54834609
"./build/Benchmark/adevs_phold cpdevs -c 6 -n 6 -s 4 -i 0 -r 90 -p 0.8 -t 1000000";"adevs_phold";"cpdevs";6;6;4;0;90;80.0;1000000;571912526.0;0.0058;99014689998.0;912.284;183631.0;0.002;54.0;0.0;389835088092.0;3.592;319517542343.0;0.82;723.0;0.007;164072393807.0;0.42090000000000005;64094179480.0;0.16440000000000002;108534.905349;5.894;18.414762115
"./build/Benchmark/adevs_phold cpdevs -c 6 -n 6 -s 4 -i 0 -r 90 -p 0.8 -t 1000000";"adevs_phold";"cpdevs";6;6;4;0;90;80.0;1000000;585230459.0;0.005600000000000001;103639080051.0;942.875;184981.0;0.002;43.0;0.0;394771423327.0;3.592;332237381035.0;0.84;664.0;0.006;165577325787.0;0.4194;63892430391.0;0.1618;109918.108409;5.895;18.64756301
"./build/Benchmark/adevs_phold cpdevs -c 6 -n 6 -s 4 -i 0 -r 90 -p 0.8 -t 1000000";"adevs_phold";"cpdevs";6;6;4;0;90;80.0;1000000;562708693.0;0.0059;95985147722.0;884.318;183461.0;0.002;51.0;0.0;389922095948.0;3.592;311140709245.0;0.8;660.0;0.006;164910579200.0;0.4229;67490789012.0;0.17309999999999998;108541.437546;5.894;18.414441675
"./build/Benchmark/adevs_phold cpdevs -c 6 -n 6 -s 4 -i 0 -r 90 -p 0.8 -t 1000000";"adevs_phold";"cpdevs";6;6;4;0;90;80.0;1000000;570952777.0;0.005699999999999999;100359939688.0;922.937;194625.0;0.002;25.0;0.0;390557976808.0;3.592;322591990610.0;0.83;691.0;0.006;164994689341.0;0.4225;64079101411.0;0.1641;108739.757875;5.892;18.454045222
"./build/Benchmark/adevs_phold cpdevs -c 6 -n 6 -s 4 -i 0 -r 90 -p 0.8 -t 1000000";"adevs_phold";"cpdevs";6;6;4;0;90;80.0;1000000;569652583.0;0.0058;98466143746.0;908.236;167448.0;0.002;49.0;0.0;389444506989.0;3.592;316818274503.0;0.81;735.0;0.007;165466274054.0;0.4249;65643526799.0;0.1686;108414.702126;5.901;18.371815671
"./build/Benchmark/adevs_phold cpdevs -c 6 -n 6 -s 4 -i 0 -r 90 -p 0.9 -t 1000000";"adevs_phold";"cpdevs";6;6;4;0;90;90.0;1000000;781077704.0;0.0055000000000000005;141017989568.0;1016.561;461835.0;0.003;73.0;0.001;497784098114.0;3.588;456477633173.0;0.92;738.0;0.005;180678241201.0;0.363;90847867593.0;0.1825;138720.574406;5.838;23.760678772
"./build/Benchmark/adevs_phold cpdevs -c 6 -n 6 -s 4 -i 0 -r 90 -p 0.9 -t 1000000";"adevs_phold";"cpdevs";6;6;4;0;90;90.0;1000000;822520382.0;0.0058;141430716463.0;1020.136;510974.0;0.004;72.0;0.001;497453572654.0;3.588;458163338181.0;0.92;839.0;0.006;180702256373.0;0.36329999999999996;89593377205.0;0.1801;138639.114113;5.829;23.786183637
"./build/Benchmark/adevs_phold cpdevs -c 6 -n 6 -s 4 -i 0 -r 90 -p 0.9 -t 1000000";"adevs_phold";"cpdevs";6;6;4;0;90;90.0;1000000;782793493.0;0.005600000000000001;141012344684.0;1013.501;460302.0;0.003;65.0;0.0;499265140320.0;3.588;456927576950.0;0.92;711.0;0.005;181030907797.0;0.3626;91088139430.0;0.18239999999999998;139133.963845;5.84;23.825006447
"./build/Benchmark/adevs_phold cpdevs -c 6 -n 6 -s 4 -i 0 -r 90 -p 0.9 -t 1000000";"adevs_phold";"cpdevs";6;6;4;0;90;90.0;1000000;804228690.0;0.005600000000000001;143405813512.0;1017.377;494478.0;0.004;86.0;0.001;505698361316.0;3.588;463425112657.0;0.92;715.0;0.005;181170096187.0;0.3583;95038463437.0;0.18789999999999998;140956.441028;5.822;24.209786425
"./build/Benchmark/adevs_phold cpdevs -c 6 -n 6 -s 4 -i 0 -r 90 -p 0.9 -t 1000000";"adevs_phold";"cpdevs";6;6;4;0;90;90.0;1000000;774468116.0;0.0055000000000000005;141627871160.0;1026.02;430920.0;0.003;69.0;0.0;495579719864.0;3.59;458302486900.0;0.92;738.0;0.005;182186720947.0;0.3676;86276325747.0;0.1741;138036.226774;5.847;23.609583506
"./build/Benchmark/adevs_phold cpdevs -c 6 -n 6 -s 4 -i 0 -r 90 -p 0.9 -t 1000000";"adevs_phold";"cpdevs";6;6;4;0;90;90.0;1000000;773534652.0;0.0054;143617238016.0;1017.523;526367.0;0.004;56.0;0.0;506374278582.0;3.588;464652761344.0;0.92;728.0;0.005;181632523930.0;0.35869999999999996;93210310642.0;0.1841;141143.903996;5.825;24.229973431
"./build/Benchmark/adevs_phold cpdevs -c 6 -n 6 -s 4 -i 0 -r 90 -p 0.9 -t 1000000";"adevs_phold";"cpdevs";6;6;4;0;90;90.0;1000000;818155704.0;0.005699999999999999;142538615153.0;1024.748;477235.0;0.003;74.0;0.001;499230449667.0;3.589;461639886868.0;0.92;887.0;0.006;180095542128.0;0.3607;90233166942.0;0.1807;139096.319441;5.835;23.836365742
"./build/Benchmark/adevs_phold cpdevs -c 6 -n 6 -s 4 -i 0 -r 90 -p 0.9 -t 1000000";"adevs_phold";"cpdevs";6;6;4;0;90;90.0;1000000;773184533.0;0.0055000000000000005;140122219847.0;1010.775;493226.0;0.004;57.0;0.0;497453631960.0;3.588;454157486985.0;0.91;717.0;0.005;181245217692.0;0.3643;90326690982.0;0.1816;138628.56514;5.829;23.783253916
"./build/Benchmark/adevs_phold cpdevs -c 6 -n 6 -s 4 -i 0 -r 90 -p 0.9 -t 1000000";"adevs_phold";"cpdevs";6;6;4;0;90;90.0;1000000;805217309.0;0.0058;140036071996.0;1011.219;439034.0;0.003;61.0;0.0;497051407367.0;3.589;454021199734.0;0.91;653.0;0.005;178713237747.0;0.35950000000000004;93628604980.0;0.1884;138482.436187;5.845;23.690493009
"./build/Benchmark/adevs_phold cpdevs -c 6 -n 6 -s 4 -i 0 -r 90 -p 0.9 -t 1000000";"adevs_phold";"cpdevs";6;6;4;0;90;90.0;1000000;796699836.0;0.0058;136722341873.0;983.685;473186.0;0.003;65.0;0.0;498598878190.0;3.587;444578839013.0;0.89;700.0;0.005;180211463680.0;0.3614;96491103019.0;0.1935;138989.973978;5.836;23.817610719
"./build/Benchmark/adevs_phold cpdevs -c 6 -n 6 -s 4 -i 0 -r 90 -p 0.9 -t 1000000";"adevs_phold";"cpdevs";6;6;4;0;90;90.0;1000000;822574333.0;0.0058;142682172492.0;1037.018;446845.0;0.003;69.0;0.001;493744160278.0;3.589;460569148394.0;0.93;668.0;0.005;180237744685.0;0.365;85734038276.0;0.1736;137588.86094;5.842;23.549684908
"./build/Benchmark/adevs_phold cpdevs -c 6 -n 6 -s 4 -i 0 -r 90 -p 0.9 -t 1000000";"adevs_phold";"cpdevs";6;6;4;0;90;90.0;1000000;770868917.0;0.0054;142131895105.0;1021.46;479276.0;0.003;80.0;0.001;499355336506.0;3.589;459825647265.0;0.92;678.0;0.005;180449388098.0;0.3614;90557865134.0;0.1813;139145.835305;5.834;23.851498315
"./build/Benchmark/adevs_phold cpdevs -c 6 -n 6 -s 4 -i 0 -r 90 -p 0.9 -t 1000000";"adevs_phold";"cpdevs";6;6;4;0;90;90.0;1000000;820861666.0;0.0059;139970402040.0;1004.475;466932.0;0.003;53.0;0.0;500170895006.0;3.589;453910574014.0;0.91;658.0;0.005;181454805894.0;0.3628;93781135687.0;0.1875;139346.804261;5.838;23.867050741
"./build/Benchmark/adevs_phold cpdevs -c 6 -n 6 -s 4 -i 0 -r 90 -p 0.9 -t 1000000";"adevs_phold";"cpdevs";6;6;4;0;90;90.0;1000000;783673466.0;0.005699999999999999;138305201279.0;998.249;444982.0;0.003;89.0;0.001;497160952154.0;3.588;448849725689.0;0.9;770.0;0.006;179622553982.0;0.3613;95240290491.0;0.1916;138547.790307;5.839;23.728216437
"./build/Benchmark/adevs_phold cpdevs -c 6 -n 6 -s 4 -i 0 -r 90 -p 0.9 -t 1000000";"adevs_phold";"cpdevs";6;6;4;0;90;90.0;1000000;766896541.0;0.0053;145654398624.0;1045.403;490159.0;0.004;70.0;0.001;499865674372.0;3.588;469756474594.0;0.94;874.0;0.006;181421713052.0;0.3629;86647027705.0;0.17329999999999998;139328.523038;5.826;23.91692455
