 "command";"executable";"simtype";"ncores";"nodes";"atomics/node";"iterations";"% remotes";"% priority";"end time" ;"branch-misses";"branch-misses (of all branches          (50.03%))";"branches";"branches (M/sec                    (50.12%))";"context-switches";"context-switches (K/sec)";"cpu-migrations";"cpu-migrations (K/sec)";"cycles";"cycles (GHz                      (50.06%))";"instructions";"instructions (insns per cycle)";"page-faults";"page-faults (K/sec)";"stalled-cycles-backend";"stalled-cycles-backend (backend  cycles idle     (50.12%))";"stalled-cycles-frontend";"stalled-cycles-frontend (frontend cycles idle     (50.13%))";"task-clock (msec)";"task-clock (CPUs utilized)";"time-elapsed (seconds)"
"./build/Benchmark/adevs_phold classic -n 6 -s 4 -i 0 -r 10 -p 0.0 -t 1000000";"adevs_phold";"classic";1;6;4;0;10;0.0;1000000;2778480.0;0.0407;68333671.0;133.952;52.0;0.102;0.0;0.0;1818351884.0;3.564;2553523392.0;1.4;470.0;0.921;851486393.0;0.4683;26949907.0;0.0148;510.134593;0.999;0.510442898
"./build/Benchmark/adevs_phold classic -n 6 -s 4 -i 0 -r 10 -p 0.0 -t 1000000";"adevs_phold";"classic";1;6;4;0;10;0.0;1000000;2812914.0;0.040999999999999995;68620501.0;134.747;51.0;0.1;0.0;0.0;1812285216.0;3.559;2570936754.0;1.42;474.0;0.931;849731937.0;0.4689;27044347.0;0.0149;509.252585;0.999;0.509529876
"./build/Benchmark/adevs_phold classic -n 6 -s 4 -i 0 -r 10 -p 0.0 -t 1000000";"adevs_phold";"classic";1;6;4;0;10;0.0;1000000;2778395.0;0.0405;68627889.0;134.753;52.0;0.102;0.0;0.0;1814976215.0;3.564;2563837189.0;1.41;471.0;0.925;847541625.0;0.467;27111183.0;0.0149;509.28614;1.0;0.509284251
"./build/Benchmark/adevs_phold classic -n 6 -s 4 -i 0 -r 10 -p 0.0 -t 1000000";"adevs_phold";"classic";1;6;4;0;10;0.0;1000000;2779783.0;0.0409;67949498.0;132.761;52.0;0.102;0.0;0.0;1813515462.0;3.543;2573415193.0;1.42;470.0;0.918;853472160.0;0.4706;28006142.0;0.0154;511.81819;1.0;0.512050328
"./build/Benchmark/adevs_phold classic -n 6 -s 4 -i 0 -r 10 -p 0.0 -t 1000000";"adevs_phold";"classic";1;6;4;0;10;0.0;1000000;2915116.0;0.0426;68384442.0;133.895;52.0;0.102;0.0;0.0;1818096713.0;3.56;2559542095.0;1.41;477.0;0.934;851770514.0;0.4685;28743903.0;0.0158;510.732915;1.0;0.510898417
"./build/Benchmark/adevs_phold classic -n 6 -s 4 -i 0 -r 10 -p 0.0 -t 1000000";"adevs_phold";"classic";1;6;4;0;10;0.0;1000000;2784403.0;0.0407;68472123.0;134.166;51.0;0.1;0.0;0.0;1816423869.0;3.559;2562038092.0;1.41;472.0;0.925;848297397.0;0.467;27073042.0;0.0149;510.352331;0.999;0.510690624
"./build/Benchmark/adevs_phold classic -n 6 -s 4 -i 0 -r 10 -p 0.0 -t 1000000";"adevs_phold";"classic";1;6;4;0;10;0.0;1000000;2781885.0;0.0405;68730720.0;135.569;52.0;0.103;0.0;0.0;1808797582.0;3.568;2566685790.0;1.42;469.0;0.925;854913730.0;0.47259999999999996;26351928.0;0.0146;506.980129;1.0;0.507182597
"./build/Benchmark/adevs_phold classic -n 6 -s 4 -i 0 -r 10 -p 0.0 -t 1000000";"adevs_phold";"classic";1;6;4;0;10;0.0;1000000;2822982.0;0.040999999999999995;68898122.0;135.272;52.0;0.102;0.0;0.0;1818488772.0;3.57;2562589138.0;1.41;468.0;0.919;848130224.0;0.4664;26794356.0;0.0147;509.330945;1.0;0.509544519
"./build/Benchmark/adevs_phold classic -n 6 -s 4 -i 0 -r 10 -p 0.0 -t 1000000";"adevs_phold";"classic";1;6;4;0;10;0.0;1000000;2790728.0;0.0406;68772428.0;134.993;52.0;0.102;0.0;0.0;1815594360.0;3.564;2560792282.0;1.41;470.0;0.923;849592821.0;0.4679;26665581.0;0.0147;509.450632;1.0;0.509633112
"./build/Benchmark/adevs_phold classic -n 6 -s 4 -i 0 -r 10 -p 0.0 -t 1000000";"adevs_phold";"classic";1;6;4;0;10;0.0;1000000;2915250.0;0.0429;68029999.0;132.872;51.0;0.1;0.0;0.0;1819246489.0;3.553;2563748647.0;1.41;472.0;0.922;851331520.0;0.46799999999999997;27984533.0;0.0154;511.997665;1.0;0.512210052
"./build/Benchmark/adevs_phold classic -n 6 -s 4 -i 0 -r 10 -p 0.0 -t 1000000";"adevs_phold";"classic";1;6;4;0;10;0.0;1000000;2763829.0;0.0407;67988495.0;132.918;53.0;0.104;0.0;0.0;1812875391.0;3.544;2573819890.0;1.42;471.0;0.921;852972216.0;0.4705;27612896.0;0.0152;511.508128;0.999;0.51194023
"./build/Benchmark/adevs_phold classic -n 6 -s 4 -i 0 -r 10 -p 0.0 -t 1000000";"adevs_phold";"classic";1;6;4;0;10;0.0;1000000;2914376.0;0.042699999999999995;68300509.0;133.886;53.0;0.104;0.0;0.0;1819204832.0;3.566;2555174611.0;1.4;472.0;0.925;852816501.0;0.46880000000000005;28160544.0;0.0155;510.138018;1.0;0.510388106
"./build/Benchmark/adevs_phold classic -n 6 -s 4 -i 0 -r 10 -p 0.0 -t 1000000";"adevs_phold";"classic";1;6;4;0;10;0.0;1000000;2784398.0;0.0406;68608157.0;134.566;51.0;0.1;0.0;0.0;1813514659.0;3.557;2566227955.0;1.42;467.0;0.916;848040835.0;0.46759999999999996;26068412.0;0.0144;509.846212;1.0;0.509731572
"./build/Benchmark/adevs_phold classic -n 6 -s 4 -i 0 -r 10 -p 0.0 -t 1000000";"adevs_phold";"classic";1;6;4;0;10;0.0;1000000;2762163.0;0.0406;68055286.0;133.164;51.0;0.1;0.0;0.0;1811561506.0;3.545;2561142032.0;1.41;468.0;0.916;852879918.0;0.4708;26450449.0;0.0146;511.062684;1.0;0.511226213
"./build/Benchmark/adevs_phold classic -n 6 -s 4 -i 0 -r 10 -p 0.0 -t 1000000";"adevs_phold";"classic";1;6;4;0;10;0.0;1000000;2916750.0;0.0429;68037311.0;132.898;52.0;0.102;0.0;0.0;1820498887.0;3.556;2562503965.0;1.41;473.0;0.924;851477122.0;0.4677;29174315.0;0.016;511.95134;1.0;0.512086048
"./build/Benchmark/adevs_phold classic -n 6 -s 4 -i 0 -r 20 -p 0.0 -t 1000000";"adevs_phold";"classic";1;6;4;0;20;0.0;1000000;2918611.0;0.0443;65918418.0;136.074;50.0;0.103;0.0;0.0;1729415119.0;3.57;2440039623.0;1.41;471.0;0.972;803933113.0;0.46490000000000004;27796151.0;0.0161;484.429576;1.0;0.484591668
"./build/Benchmark/adevs_phold classic -n 6 -s 4 -i 0 -r 20 -p 0.0 -t 1000000";"adevs_phold";"classic";1;6;4;0;20;0.0;1000000;2759429.0;0.0421;65586951.0;135.228;49.0;0.101;0.0;0.0;1729359988.0;3.566;2432572130.0;1.41;471.0;0.971;803131023.0;0.4644;26776697.0;0.0155;485.010899;1.0;0.484953662
"./build/Benchmark/adevs_phold classic -n 6 -s 4 -i 0 -r 20 -p 0.0 -t 1000000";"adevs_phold";"classic";1;6;4;0;20;0.0;1000000;2827202.0;0.0431;65555578.0;136.414;50.0;0.104;0.0;0.0;1729543111.0;3.599;2427295044.0;1.4;471.0;0.98;809266491.0;0.4679;26897851.0;0.015600000000000001;480.564547;1.0;0.480554669
"./build/Benchmark/adevs_phold classic -n 6 -s 4 -i 0 -r 20 -p 0.0 -t 1000000";"adevs_phold";"classic";1;6;4;0;20;0.0;1000000;2749418.0;0.042;65444794.0;135.187;49.0;0.101;0.0;0.0;1715685139.0;3.544;2442274866.0;1.42;476.0;0.983;805597545.0;0.46950000000000003;26717155.0;0.015600000000000001;484.104776;1.0;0.483998304
"./build/Benchmark/adevs_phold classic -n 6 -s 4 -i 0 -r 20 -p 0.0 -t 1000000";"adevs_phold";"classic";1;6;4;0;20;0.0;1000000;2749304.0;0.0424;64811722.0;134.345;49.0;0.102;0.0;0.0;1721586267.0;3.569;2443190135.0;1.42;471.0;0.976;810284544.0;0.4707;26831612.0;0.015600000000000001;482.429206;1.0;0.482445516
"./build/Benchmark/adevs_phold classic -n 6 -s 4 -i 0 -r 20 -p 0.0 -t 1000000";"adevs_phold";"classic";1;6;4;0;20;0.0;1000000;2860331.0;0.0433;66017186.0;136.468;52.0;0.107;0.0;0.0;1718343604.0;3.552;2442618552.0;1.42;469.0;0.969;805858973.0;0.469;27053119.0;0.015700000000000002;483.756376;0.999;0.484063761
"./build/Benchmark/adevs_phold classic -n 6 -s 4 -i 0 -r 20 -p 0.0 -t 1000000";"adevs_phold";"classic";1;6;4;0;20;0.0;1000000;2708097.0;0.0416;65174970.0;135.995;49.0;0.102;0.0;0.0;1724845547.0;3.599;2437790326.0;1.41;471.0;0.983;807986900.0;0.46840000000000004;25295648.0;0.0147;479.245032;1.0;0.479330265
"./build/Benchmark/adevs_phold classic -n 6 -s 4 -i 0 -r 20 -p 0.0 -t 1000000";"adevs_phold";"classic";1;6;4;0;20;0.0;1000000;2843200.0;0.0431;65956402.0;137.147;50.0;0.104;0.0;0.0;1727883952.0;3.593;2425807899.0;1.4;470.0;0.977;808555929.0;0.4679;26627309.0;0.0154;480.91788;0.999;0.481257572
"./build/Benchmark/adevs_phold classic -n 6 -s 4 -i 0 -r 20 -p 0.0 -t 1000000";"adevs_phold";"classic";1;6;4;0;20;0.0;1000000;2865566.0;0.044000000000000004;65054543.0;135.529;49.0;0.102;0.0;0.0;1727626370.0;3.599;2431907786.0;1.41;469.0;0.977;806350394.0;0.4667;27165455.0;0.015700000000000002;480.003194;1.0;0.479929545
"./build/Benchmark/adevs_phold classic -n 6 -s 4 -i 0 -r 20 -p 0.0 -t 1000000";"adevs_phold";"classic";1;6;4;0;20;0.0;1000000;2741766.0;0.042;65223908.0;134.354;50.0;0.103;0.0;0.0;1730929005.0;3.566;2431707011.0;1.4;467.0;0.962;804231861.0;0.4646;26899217.0;0.0155;485.462131;1.0;0.485427002
"./build/Benchmark/adevs_phold classic -n 6 -s 4 -i 0 -r 20 -p 0.0 -t 1000000";"adevs_phold";"classic";1;6;4;0;20;0.0;1000000;2731262.0;0.0418;65383016.0;135.057;49.0;0.101;0.0;0.0;1715922998.0;3.544;2442277476.0;1.42;468.0;0.967;807330989.0;0.4705;25325009.0;0.0148;484.114694;1.0;0.484100285
"./build/Benchmark/adevs_phold classic -n 6 -s 4 -i 0 -r 20 -p 0.0 -t 1000000";"adevs_phold";"classic";1;6;4;0;20;0.0;1000000;2771359.0;0.042199999999999994;65652192.0;135.401;50.0;0.103;0.0;0.0;1728178480.0;3.564;2431524375.0;1.41;472.0;0.973;802818603.0;0.4645;25954012.0;0.015;484.871601;0.999;0.485146575
"./build/Benchmark/adevs_phold classic -n 6 -s 4 -i 0 -r 20 -p 0.0 -t 1000000";"adevs_phold";"classic";1;6;4;0;20;0.0;1000000;2737578.0;0.0418;65502504.0;135.319;50.0;0.103;0.0;0.0;1724575498.0;3.563;2440804465.0;1.42;471.0;0.973;810588168.0;0.47;25554605.0;0.0148;484.058278;1.0;0.483971586
"./build/Benchmark/adevs_phold classic -n 6 -s 4 -i 0 -r 20 -p 0.0 -t 1000000";"adevs_phold";"classic";1;6;4;0;20;0.0;1000000;2731662.0;0.0415;65856538.0;136.548;50.0;0.104;0.0;0.0;1719844540.0;3.566;2441645136.0;1.42;472.0;0.979;808784615.0;0.4703;25017009.0;0.014499999999999999;482.296224;1.0;0.482355015
"./build/Benchmark/adevs_phold classic -n 6 -s 4 -i 0 -r 20 -p 0.0 -t 1000000";"adevs_phold";"classic";1;6;4;0;20;0.0;1000000;2766444.0;0.0424;65296639.0;134.232;48.0;0.099;0.0;0.0;1729831588.0;3.556;2427534463.0;1.4;471.0;0.968;807502068.0;0.4668;26603544.0;0.0154;486.447773;0.999;0.486777581
"./build/Benchmark/adevs_phold classic -n 6 -s 4 -i 0 -r 30 -p 0.0 -t 1000000";"adevs_phold";"classic";1;6;4;0;30;0.0;1000000;2795968.0;0.0418;66891660.0;134.056;50.0;0.1;0.0;0.0;1776916900.0;3.561;2492548073.0;1.4;473.0;0.948;831469513.0;0.4679;26564727.0;0.0149;498.981529;0.999;0.499276307
"./build/Benchmark/adevs_phold classic -n 6 -s 4 -i 0 -r 30 -p 0.0 -t 1000000";"adevs_phold";"classic";1;6;4;0;30;0.0;1000000;2941820.0;0.043899999999999995;66984385.0;134.127;51.0;0.102;0.0;0.0;1777086113.0;3.558;2496038957.0;1.4;474.0;0.949;831745133.0;0.46799999999999997;28760291.0;0.016200000000000003;499.411256;0.999;0.499676812
"./build/Benchmark/adevs_phold classic -n 6 -s 4 -i 0 -r 30 -p 0.0 -t 1000000";"adevs_phold";"classic";1;6;4;0;30;0.0;1000000;2811465.0;0.0421;66821308.0;133.863;50.0;0.1;0.0;0.0;1778349964.0;3.563;2502498059.0;1.41;472.0;0.946;833363231.0;0.4686;26869195.0;0.0151;499.175561;0.999;0.499433557
"./build/Benchmark/adevs_phold classic -n 6 -s 4 -i 0 -r 30 -p 0.0 -t 1000000";"adevs_phold";"classic";1;6;4;0;30;0.0;1000000;2794496.0;0.0416;67117502.0;134.749;51.0;0.102;0.0;0.0;1775276616.0;3.564;2496913632.0;1.41;472.0;0.948;832007397.0;0.46869999999999995;27193720.0;0.015300000000000001;498.092777;1.0;0.498214877
"./build/Benchmark/adevs_phold classic -n 6 -s 4 -i 0 -r 30 -p 0.0 -t 1000000";"adevs_phold";"classic";1;6;4;0;30;0.0;1000000;2775953.0;0.0412;67421827.0;134.614;50.0;0.1;0.0;0.0;1768947092.0;3.532;2510575595.0;1.42;471.0;0.94;832919989.0;0.47090000000000004;26837647.0;0.0152;500.854655;1.0;0.501032633
"./build/Benchmark/adevs_phold classic -n 6 -s 4 -i 0 -r 30 -p 0.0 -t 1000000";"adevs_phold";"classic";1;6;4;0;30;0.0;1000000;2830070.0;0.042199999999999994;67097389.0;134.528;50.0;0.1;0.0;0.0;1773438002.0;3.556;2502105020.0;1.41;472.0;0.946;831215444.0;0.46869999999999995;27684660.0;0.015600000000000001;498.763162;1.0;0.499011498
"./build/Benchmark/adevs_phold classic -n 6 -s 4 -i 0 -r 30 -p 0.0 -t 1000000";"adevs_phold";"classic";1;6;4;0;30;0.0;1000000;2791373.0;0.0417;66897278.0;134.096;50.0;0.1;0.0;0.0;1777515514.0;3.563;2490503678.0;1.4;470.0;0.942;832148565.0;0.4682;26322212.0;0.0148;498.876491;0.999;0.499217677
"./build/Benchmark/adevs_phold classic -n 6 -s 4 -i 0 -r 30 -p 0.0 -t 1000000";"adevs_phold";"classic";1;6;4;0;30;0.0;1000000;2800944.0;0.04190000000000001;66883754.0;134.371;52.0;0.104;0.0;0.0;1772970733.0;3.562;2505079191.0;1.41;472.0;0.948;829828804.0;0.46799999999999997;27954775.0;0.0158;497.753626;0.999;0.498007943
"./build/Benchmark/adevs_phold classic -n 6 -s 4 -i 0 -r 30 -p 0.0 -t 1000000";"adevs_phold";"classic";1;6;4;0;30;0.0;1000000;2813553.0;0.0418;67379462.0;135.892;50.0;0.101;0.0;0.0;1763295418.0;3.556;2510771074.0;1.42;470.0;0.948;833381946.0;0.47259999999999996;25690348.0;0.0146;495.829374;1.0;0.496017303
"./build/Benchmark/adevs_phold classic -n 6 -s 4 -i 0 -r 30 -p 0.0 -t 1000000";"adevs_phold";"classic";1;6;4;0;30;0.0;1000000;2924312.0;0.0438;66840823.0;133.553;50.0;0.1;0.0;0.0;1776911367.0;3.55;2510511776.0;1.41;471.0;0.941;836256037.0;0.4706;27888891.0;0.015700000000000002;500.480954;0.999;0.500811582
"./build/Benchmark/adevs_phold classic -n 6 -s 4 -i 0 -r 30 -p 0.0 -t 1000000";"adevs_phold";"classic";1;6;4;0;30;0.0;1000000;2793151.0;0.0418;66760727.0;134.05;51.0;0.102;0.0;0.0;1776141052.0;3.566;2502526778.0;1.41;473.0;0.95;828954367.0;0.4667;27153344.0;0.015300000000000001;498.027257;1.0;0.49798981
"./build/Benchmark/adevs_phold classic -n 6 -s 4 -i 0 -r 30 -p 0.0 -t 1000000";"adevs_phold";"classic";1;6;4;0;30;0.0;1000000;2830306.0;0.04190000000000001;67557785.0;135.885;51.0;0.103;0.0;0.0;1777876744.0;3.576;2500325252.0;1.41;473.0;0.951;829701915.0;0.4667;27046671.0;0.0152;497.167441;1.0;0.497219715
"./build/Benchmark/adevs_phold classic -n 6 -s 4 -i 0 -r 30 -p 0.0 -t 1000000";"adevs_phold";"classic";1;6;4;0;30;0.0;1000000;2800382.0;0.04190000000000001;66828831.0;134.285;51.0;0.102;1.0;0.002;1773684851.0;3.564;2502616053.0;1.41;471.0;0.946;829194224.0;0.4675;28377276.0;0.016;497.665778;0.999;0.497969411
"./build/Benchmark/adevs_phold classic -n 6 -s 4 -i 0 -r 30 -p 0.0 -t 1000000";"adevs_phold";"classic";1;6;4;0;30;0.0;1000000;2788059.0;0.04190000000000001;66482502.0;134.849;50.0;0.101;0.0;0.0;1774487936.0;3.599;2493617360.0;1.41;467.0;0.947;835716639.0;0.47100000000000003;27418648.0;0.0155;493.012645;1.0;0.492934506
"./build/Benchmark/adevs_phold classic -n 6 -s 4 -i 0 -r 30 -p 0.0 -t 1000000";"adevs_phold";"classic";1;6;4;0;30;0.0;1000000;2991806.0;0.0447;66908336.0;134.508;51.0;0.103;0.0;0.0;1776277892.0;3.571;2501833077.0;1.41;470.0;0.945;832785319.0;0.46880000000000005;28136814.0;0.0158;497.429288;1.0;0.497329713
"./build/Benchmark/adevs_phold classic -n 6 -s 4 -i 0 -r 40 -p 0.0 -t 1000000";"adevs_phold";"classic";1;6;4;0;40;0.0;1000000;3027329.0;0.045;67203108.0;133.955;53.0;0.106;0.0;0.0;1778835159.0;3.546;2501204213.0;1.41;471.0;0.939;835604436.0;0.4697;28587201.0;0.0161;501.685715;1.0;0.501605663
"./build/Benchmark/adevs_phold classic -n 6 -s 4 -i 0 -r 40 -p 0.0 -t 1000000";"adevs_phold";"classic";1;6;4;0;40;0.0;1000000;2830886.0;0.0424;66792254.0;135.152;50.0;0.101;0.0;0.0;1774753479.0;3.591;2507290246.0;1.41;470.0;0.951;839660592.0;0.4731;26593688.0;0.015;494.201074;1.0;0.494067874
"./build/Benchmark/adevs_phold classic -n 6 -s 4 -i 0 -r 40 -p 0.0 -t 1000000";"adevs_phold";"classic";1;6;4;0;40;0.0;1000000;2953667.0;0.044199999999999996;66882249.0;134.079;51.0;0.102;0.0;0.0;1784916112.0;3.578;2506449608.0;1.4;472.0;0.946;835606491.0;0.4681;28714926.0;0.0161;498.827135;0.999;0.499080053
"./build/Benchmark/adevs_phold classic -n 6 -s 4 -i 0 -r 40 -p 0.0 -t 1000000";"adevs_phold";"classic";1;6;4;0;40;0.0;1000000;2865965.0;0.042800000000000005;66892655.0;133.959;51.0;0.102;0.0;0.0;1777615903.0;3.56;2509971213.0;1.41;471.0;0.943;834848138.0;0.4696;27462792.0;0.0154;499.350004;1.0;0.499510668
"./build/Benchmark/adevs_phold classic -n 6 -s 4 -i 0 -r 40 -p 0.0 -t 1000000";"adevs_phold";"classic";1;6;4;0;40;0.0;1000000;2895958.0;0.043;67327996.0;135.071;51.0;0.102;0.0;0.0;1779166267.0;3.569;2502637900.0;1.41;474.0;0.951;829902213.0;0.46649999999999997;27385217.0;0.0154;498.465557;0.999;0.498789675
"./build/Benchmark/adevs_phold classic -n 6 -s 4 -i 0 -r 40 -p 0.0 -t 1000000";"adevs_phold";"classic";1;6;4;0;40;0.0;1000000;3000882.0;0.045;66658481.0;133.369;50.0;0.1;0.0;0.0;1777258342.0;3.556;2513303963.0;1.41;471.0;0.942;835765202.0;0.4703;29800697.0;0.0168;499.805368;0.999;0.50014939
"./build/Benchmark/adevs_phold classic -n 6 -s 4 -i 0 -r 40 -p 0.0 -t 1000000";"adevs_phold";"classic";1;6;4;0;40;0.0;1000000;2864974.0;0.0426;67215333.0;133.699;52.0;0.103;0.0;0.0;1792794195.0;3.566;2498570347.0;1.39;472.0;0.939;839399933.0;0.4682;27601918.0;0.0154;502.736948;1.0;0.502635058
"./build/Benchmark/adevs_phold classic -n 6 -s 4 -i 0 -r 40 -p 0.0 -t 1000000";"adevs_phold";"classic";1;6;4;0;40;0.0;1000000;2869658.0;0.042699999999999995;67131639.0;133.854;50.0;0.1;0.0;0.0;1770544889.0;3.53;2512457917.0;1.42;473.0;0.943;835634891.0;0.47200000000000003;29765347.0;0.0168;501.527646;0.999;0.501816116
"./build/Benchmark/adevs_phold classic -n 6 -s 4 -i 0 -r 40 -p 0.0 -t 1000000";"adevs_phold";"classic";1;6;4;0;40;0.0;1000000;2892755.0;0.043;67314104.0;134.59;53.0;0.106;0.0;0.0;1778250290.0;3.555;2502351484.0;1.41;474.0;0.948;834884472.0;0.46950000000000003;27523991.0;0.0155;500.142598;0.999;0.500425743
"./build/Benchmark/adevs_phold classic -n 6 -s 4 -i 0 -r 40 -p 0.0 -t 1000000";"adevs_phold";"classic";1;6;4;0;40;0.0;1000000;3146997.0;0.046900000000000004;67110526.0;134.361;53.0;0.106;0.0;0.0;1784537235.0;3.573;2504743964.0;1.4;472.0;0.945;837069176.0;0.46909999999999996;30260079.0;0.017;499.480146;0.999;0.499733963
"./build/Benchmark/adevs_phold classic -n 6 -s 4 -i 0 -r 40 -p 0.0 -t 1000000";"adevs_phold";"classic";1;6;4;0;40;0.0;1000000;3007291.0;0.0447;67224958.0;134.355;51.0;0.102;0.0;0.0;1777306934.0;3.552;2510229567.0;1.41;470.0;0.939;834791126.0;0.4697;28929644.0;0.0163;500.352989;0.999;0.500639983
"./build/Benchmark/adevs_phold classic -n 6 -s 4 -i 0 -r 40 -p 0.0 -t 1000000";"adevs_phold";"classic";1;6;4;0;40;0.0;1000000;2911183.0;0.0432;67322621.0;134.402;50.0;0.1;0.0;0.0;1777622104.0;3.549;2505569286.0;1.41;469.0;0.936;835251161.0;0.46990000000000004;28179977.0;0.0159;500.905903;1.0;0.50107834
"./build/Benchmark/adevs_phold classic -n 6 -s 4 -i 0 -r 40 -p 0.0 -t 1000000";"adevs_phold";"classic";1;6;4;0;40;0.0;1000000;2854838.0;0.042699999999999995;66893993.0;133.941;51.0;0.102;0.0;0.0;1777909982.0;3.56;2507298972.0;1.41;473.0;0.947;835582729.0;0.47;27238396.0;0.015300000000000001;499.42971;0.999;0.499695573
"./build/Benchmark/adevs_phold classic -n 6 -s 4 -i 0 -r 40 -p 0.0 -t 1000000";"adevs_phold";"classic";1;6;4;0;40;0.0;1000000;2937796.0;0.0438;67036140.0;134.236;51.0;0.102;0.0;0.0;1783350790.0;3.571;2493295021.0;1.4;471.0;0.943;834591282.0;0.46799999999999997;29242292.0;0.016399999999999998;499.390438;1.0;0.499587285
"./build/Benchmark/adevs_phold classic -n 6 -s 4 -i 0 -r 40 -p 0.0 -t 1000000";"adevs_phold";"classic";1;6;4;0;40;0.0;1000000;2886833.0;0.0425;67903986.0;137.068;51.0;0.103;0.0;0.0;1773256300.0;3.579;2504710129.0;1.41;469.0;0.947;835737418.0;0.47130000000000005;27294815.0;0.0154;495.403482;1.0;0.495350463
"./build/Benchmark/adevs_phold classic -n 6 -s 4 -i 0 -r 50 -p 0.0 -t 1000000";"adevs_phold";"classic";1;6;4;0;50;0.0;1000000;2992770.0;0.0444;67408546.0;134.646;52.0;0.104;0.0;0.0;1783399274.0;3.562;2524084461.0;1.42;470.0;0.939;841009994.0;0.47159999999999996;29799638.0;0.0167;500.634239;1.0;0.500547085
"./build/Benchmark/adevs_phold classic -n 6 -s 4 -i 0 -r 50 -p 0.0 -t 1000000";"adevs_phold";"classic";1;6;4;0;50;0.0;1000000;2905590.0;0.043;67640777.0;134.745;52.0;0.104;0.0;0.0;1789494526.0;3.565;2518301377.0;1.41;472.0;0.94;834709673.0;0.4664;27610501.0;0.0154;501.990392;1.0;0.501976375
"./build/Benchmark/adevs_phold classic -n 6 -s 4 -i 0 -r 50 -p 0.0 -t 1000000";"adevs_phold";"classic";1;6;4;0;50;0.0;1000000;2893304.0;0.0429;67470409.0;133.987;50.0;0.099;0.0;0.0;1791000898.0;3.557;2513743289.0;1.4;470.0;0.933;834317041.0;0.4658;27995909.0;0.015600000000000001;503.557815;1.0;0.503619591
"./build/Benchmark/adevs_phold classic -n 6 -s 4 -i 0 -r 50 -p 0.0 -t 1000000";"adevs_phold";"classic";1;6;4;0;50;0.0;1000000;3029635.0;0.044800000000000006;67683754.0;134.741;52.0;0.104;0.0;0.0;1789877216.0;3.563;2522519861.0;1.41;469.0;0.934;834926766.0;0.46649999999999997;30262502.0;0.0169;502.324498;1.0;0.502288127
"./build/Benchmark/adevs_phold classic -n 6 -s 4 -i 0 -r 50 -p 0.0 -t 1000000";"adevs_phold";"classic";1;6;4;0;50;0.0;1000000;3024639.0;0.044500000000000005;67975115.0;135.789;52.0;0.104;0.0;0.0;1784907326.0;3.566;2519027288.0;1.41;470.0;0.939;838347712.0;0.4697;28661712.0;0.0161;500.592545;1.0;0.500570539
"./build/Benchmark/adevs_phold classic -n 6 -s 4 -i 0 -r 50 -p 0.0 -t 1000000";"adevs_phold";"classic";1;6;4;0;50;0.0;1000000;2886581.0;0.0432;66819285.0;133.703;52.0;0.104;0.0;0.0;1787287185.0;3.576;2519157533.0;1.41;474.0;0.948;839515820.0;0.4697;26908939.0;0.0151;499.759731;1.0;0.499657758
"./build/Benchmark/adevs_phold classic -n 6 -s 4 -i 0 -r 50 -p 0.0 -t 1000000";"adevs_phold";"classic";1;6;4;0;50;0.0;1000000;3038985.0;0.045;67537480.0;134.644;50.0;0.1;0.0;0.0;1794963048.0;3.578;2519104951.0;1.4;472.0;0.941;848958846.0;0.473;29040672.0;0.016200000000000003;501.600208;1.0;0.501498744
"./build/Benchmark/adevs_phold classic -n 6 -s 4 -i 0 -r 50 -p 0.0 -t 1000000";"adevs_phold";"classic";1;6;4;0;50;0.0;1000000;2917961.0;0.043;67791028.0;135.113;52.0;0.104;0.0;0.0;1777478836.0;3.543;2523573707.0;1.42;470.0;0.937;836000320.0;0.4703;27923716.0;0.015700000000000002;501.735832;0.999;0.50200331
"./build/Benchmark/adevs_phold classic -n 6 -s 4 -i 0 -r 50 -p 0.0 -t 1000000";"adevs_phold";"classic";1;6;4;0;50;0.0;1000000;2902363.0;0.042800000000000005;67791133.0;135.101;51.0;0.102;0.0;0.0;1776901337.0;3.541;2524597499.0;1.42;475.0;0.947;836228653.0;0.4706;27407445.0;0.0154;501.782076;0.999;0.502093017
"./build/Benchmark/adevs_phold classic -n 6 -s 4 -i 0 -r 50 -p 0.0 -t 1000000";"adevs_phold";"classic";1;6;4;0;50;0.0;1000000;2900712.0;0.0429;67636493.0;134.553;51.0;0.101;0.0;0.0;1791740594.0;3.564;2513960152.0;1.4;472.0;0.939;834822066.0;0.46590000000000004;28006294.0;0.015600000000000001;502.67529;1.0;0.502918338
"./build/Benchmark/adevs_phold classic -n 6 -s 4 -i 0 -r 50 -p 0.0 -t 1000000";"adevs_phold";"classic";1;6;4;0;50;0.0;1000000;2875334.0;0.0425;67591636.0;136.146;50.0;0.101;0.0;0.0;1786875833.0;3.599;2517705320.0;1.41;470.0;0.947;838389919.0;0.4692;27964000.0;0.015600000000000001;496.463029;1.0;0.496332753
"./build/Benchmark/adevs_phold classic -n 6 -s 4 -i 0 -r 50 -p 0.0 -t 1000000";"adevs_phold";"classic";1;6;4;0;50;0.0;1000000;2994744.0;0.0443;67621044.0;134.339;51.0;0.101;0.0;0.0;1790239126.0;3.557;2519231868.0;1.41;469.0;0.932;833486556.0;0.4656;28673382.0;0.016;503.361669;0.999;0.50363986
"./build/Benchmark/adevs_phold classic -n 6 -s 4 -i 0 -r 50 -p 0.0 -t 1000000";"adevs_phold";"classic";1;6;4;0;50;0.0;1000000;2982113.0;0.0441;67660356.0;134.545;52.0;0.103;0.0;0.0;1792691728.0;3.565;2513408552.0;1.4;469.0;0.933;834261400.0;0.4654;28570374.0;0.0159;502.881897;0.999;0.503157582
"./build/Benchmark/adevs_phold classic -n 6 -s 4 -i 0 -r 50 -p 0.0 -t 1000000";"adevs_phold";"classic";1;6;4;0;50;0.0;1000000;2906609.0;0.042800000000000005;67883690.0;135.51;51.0;0.102;0.0;0.0;1783437039.0;3.56;2521384645.0;1.41;472.0;0.942;836634406.0;0.46909999999999996;28453649.0;0.016;500.949313;0.999;0.501212209
"./build/Benchmark/adevs_phold classic -n 6 -s 4 -i 0 -r 50 -p 0.0 -t 1000000";"adevs_phold";"classic";1;6;4;0;50;0.0;1000000;2974547.0;0.0437;68007117.0;136.688;53.0;0.107;0.0;0.0;1789909637.0;3.598;2510560589.0;1.4;471.0;0.947;833675420.0;0.4658;27913844.0;0.015600000000000001;497.533745;0.999;0.497808448
"./build/Benchmark/adevs_phold classic -n 6 -s 4 -i 0 -r 60 -p 0.0 -t 1000000";"adevs_phold";"classic";1;6;4;0;60;0.0;1000000;2854489.0;0.042699999999999995;66807675.0;134.767;50.0;0.101;0.0;0.0;1756980558.0;3.544;2497104205.0;1.42;469.0;0.946;830119432.0;0.4725;28702351.0;0.0163;495.728666;1.0;0.495778857
"./build/Benchmark/adevs_phold classic -n 6 -s 4 -i 0 -r 60 -p 0.0 -t 1000000";"adevs_phold";"classic";1;6;4;0;60;0.0;1000000;2881648.0;0.042800000000000005;67279668.0;135.905;50.0;0.101;0.0;0.0;1761284549.0;3.558;2499227498.0;1.42;470.0;0.949;829993827.0;0.47119999999999995;26947986.0;0.015300000000000001;495.050419;1.0;0.495241105
"./build/Benchmark/adevs_phold classic -n 6 -s 4 -i 0 -r 60 -p 0.0 -t 1000000";"adevs_phold";"classic";1;6;4;0;60;0.0;1000000;2888792.0;0.0432;66870666.0;134.359;51.0;0.102;0.0;0.0;1768091309.0;3.553;2491570206.0;1.41;471.0;0.946;826867481.0;0.4677;27176988.0;0.0154;497.700692;1.0;0.497727724
"./build/Benchmark/adevs_phold classic -n 6 -s 4 -i 0 -r 60 -p 0.0 -t 1000000";"adevs_phold";"classic";1;6;4;0;60;0.0;1000000;2916992.0;0.0435;67081380.0;135.149;51.0;0.103;0.0;0.0;1770143900.0;3.566;2497514472.0;1.41;472.0;0.951;838329302.0;0.4736;27867301.0;0.015700000000000002;496.352263;1.0;0.496293914
"./build/Benchmark/adevs_phold classic -n 6 -s 4 -i 0 -r 60 -p 0.0 -t 1000000";"adevs_phold";"classic";1;6;4;0;60;0.0;1000000;3034242.0;0.0455;66678523.0;133.872;52.0;0.104;0.0;0.0;1774568637.0;3.563;2481645464.0;1.4;471.0;0.946;829475159.0;0.46740000000000004;28933903.0;0.0163;498.075728;1.0;0.498240646
"./build/Benchmark/adevs_phold classic -n 6 -s 4 -i 0 -r 60 -p 0.0 -t 1000000";"adevs_phold";"classic";1;6;4;0;60;0.0;1000000;2869597.0;0.043;66754554.0;134.141;50.0;0.1;0.0;0.0;1771959405.0;3.561;2486153983.0;1.4;471.0;0.946;824765390.0;0.46549999999999997;28691035.0;0.016200000000000003;497.646525;0.999;0.497922661
"./build/Benchmark/adevs_phold classic -n 6 -s 4 -i 0 -r 60 -p 0.0 -t 1000000";"adevs_phold";"classic";1;6;4;0;60;0.0;1000000;2891928.0;0.0431;67079565.0;135.087;51.0;0.103;0.0;0.0;1771394047.0;3.567;2491332809.0;1.41;470.0;0.947;828475743.0;0.4677;27241691.0;0.0154;496.565347;0.999;0.496837222
"./build/Benchmark/adevs_phold classic -n 6 -s 4 -i 0 -r 60 -p 0.0 -t 1000000";"adevs_phold";"classic";1;6;4;0;60;0.0;1000000;2950249.0;0.044500000000000005;66243395.0;132.676;50.0;0.1;0.0;0.0;1772302766.0;3.55;2492012445.0;1.41;471.0;0.943;831179947.0;0.469;29745599.0;0.0168;499.288305;1.0;0.499290482
"./build/Benchmark/adevs_phold classic -n 6 -s 4 -i 0 -r 60 -p 0.0 -t 1000000";"adevs_phold";"classic";1;6;4;0;60;0.0;1000000;2871908.0;0.0426;67409254.0;135.585;51.0;0.103;0.0;0.0;1767033377.0;3.554;2496530174.0;1.41;471.0;0.947;828244440.0;0.46869999999999995;26719784.0;0.0151;497.173985;0.999;0.497540252
"./build/Benchmark/adevs_phold classic -n 6 -s 4 -i 0 -r 60 -p 0.0 -t 1000000";"adevs_phold";"classic";1;6;4;0;60;0.0;1000000;2879406.0;0.0432;66659307.0;135.443;51.0;0.104;0.0;0.0;1771318456.0;3.599;2480710865.0;1.4;473.0;0.961;830861527.0;0.46909999999999996;27748364.0;0.015700000000000002;492.157662;1.0;0.491972486
"./build/Benchmark/adevs_phold classic -n 6 -s 4 -i 0 -r 60 -p 0.0 -t 1000000";"adevs_phold";"classic";1;6;4;0;60;0.0;1000000;2870136.0;0.043;66720279.0;134.158;51.0;0.103;0.0;0.0;1772380296.0;3.564;2486221162.0;1.4;472.0;0.949;825764082.0;0.46590000000000004;27913813.0;0.015700000000000002;497.326102;1.0;0.497333092
"./build/Benchmark/adevs_phold classic -n 6 -s 4 -i 0 -r 60 -p 0.0 -t 1000000";"adevs_phold";"classic";1;6;4;0;60;0.0;1000000;2975043.0;0.0447;66627399.0;135.325;50.0;0.102;0.0;0.0;1769929309.0;3.595;2482690447.0;1.4;472.0;0.959;832631565.0;0.4704;29307427.0;0.0166;492.351038;0.999;0.492669493
"./build/Benchmark/adevs_phold classic -n 6 -s 4 -i 0 -r 60 -p 0.0 -t 1000000";"adevs_phold";"classic";1;6;4;0;60;0.0;1000000;2886868.0;0.0433;66707998.0;134.028;52.0;0.104;0.0;0.0;1772336320.0;3.561;2485657967.0;1.4;469.0;0.942;824910062.0;0.4654;28036851.0;0.0158;497.717474;1.0;0.497879889
"./build/Benchmark/adevs_phold classic -n 6 -s 4 -i 0 -r 60 -p 0.0 -t 1000000";"adevs_phold";"classic";1;6;4;0;60;0.0;1000000;2842019.0;0.043;66102140.0;133.967;52.0;0.105;0.0;0.0;1769747709.0;3.587;2480571186.0;1.4;470.0;0.953;831728714.0;0.47;28276042.0;0.016;493.421032;1.0;0.493312788
"./build/Benchmark/adevs_phold classic -n 6 -s 4 -i 0 -r 60 -p 0.0 -t 1000000";"adevs_phold";"classic";1;6;4;0;60;0.0;1000000;2888026.0;0.043;67185102.0;135.36;51.0;0.103;0.0;0.0;1757737390.0;3.541;2494675249.0;1.42;469.0;0.945;829518733.0;0.4719;27195742.0;0.0155;496.344142;1.0;0.496545898
"./build/Benchmark/adevs_phold classic -n 6 -s 4 -i 0 -r 70 -p 0.0 -t 1000000";"adevs_phold";"classic";1;6;4;0;70;0.0;1000000;2873563.0;0.0437;65683822.0;133.626;50.0;0.102;0.0;0.0;1743070006.0;3.546;2457391752.0;1.41;470.0;0.956;815218490.0;0.4677;28527474.0;0.016399999999999998;491.548952;0.999;0.491842061
"./build/Benchmark/adevs_phold classic -n 6 -s 4 -i 0 -r 70 -p 0.0 -t 1000000";"adevs_phold";"classic";1;6;4;0;70;0.0;1000000;2960452.0;0.0452;65527716.0;133.281;51.0;0.104;0.0;0.0;1753327955.0;3.566;2449310660.0;1.4;474.0;0.964;815654836.0;0.46520000000000006;29652604.0;0.0169;491.649333;1.0;0.491523733
"./build/Benchmark/adevs_phold classic -n 6 -s 4 -i 0 -r 70 -p 0.0 -t 1000000";"adevs_phold";"classic";1;6;4;0;70;0.0;1000000;2879489.0;0.0436;66067812.0;135.12;48.0;0.098;0.0;0.0;1741613289.0;3.562;2456155331.0;1.41;471.0;0.963;818722083.0;0.47009999999999996;27249217.0;0.015600000000000001;488.956887;1.0;0.489091302
"./build/Benchmark/adevs_phold classic -n 6 -s 4 -i 0 -r 70 -p 0.0 -t 1000000";"adevs_phold";"classic";1;6;4;0;70;0.0;1000000;2846498.0;0.0432;65867390.0;133.743;50.0;0.102;0.0;0.0;1744704908.0;3.543;2452021617.0;1.41;476.0;0.967;819884864.0;0.46990000000000004;27981543.0;0.016;492.493668;0.999;0.492777047
"./build/Benchmark/adevs_phold classic -n 6 -s 4 -i 0 -r 70 -p 0.0 -t 1000000";"adevs_phold";"classic";1;6;4;0;70;0.0;1000000;2873987.0;0.0434;66181915.0;134.909;50.0;0.102;0.0;0.0;1746950345.0;3.561;2455283770.0;1.41;472.0;0.962;813755100.0;0.4658;27756550.0;0.0159;490.568861;1.0;0.490794074
"./build/Benchmark/adevs_phold classic -n 6 -s 4 -i 0 -r 70 -p 0.0 -t 1000000";"adevs_phold";"classic";1;6;4;0;70;0.0;1000000;2893411.0;0.044000000000000004;65754257.0;133.76;51.0;0.104;0.0;0.0;1751853565.0;3.564;2442982955.0;1.39;473.0;0.962;813375545.0;0.4643;29213132.0;0.0167;491.584664;0.999;0.492080885
"./build/Benchmark/adevs_phold classic -n 6 -s 4 -i 0 -r 70 -p 0.0 -t 1000000";"adevs_phold";"classic";1;6;4;0;70;0.0;1000000;2851943.0;0.0433;65788882.0;135.57;50.0;0.103;0.0;0.0;1746533290.0;3.599;2451202497.0;1.4;471.0;0.971;819378642.0;0.46909999999999996;27783216.0;0.0159;485.275624;1.0;0.485209859
"./build/Benchmark/adevs_phold classic -n 6 -s 4 -i 0 -r 70 -p 0.0 -t 1000000";"adevs_phold";"classic";1;6;4;0;70;0.0;1000000;2965548.0;0.0455;65247972.0;133.958;50.0;0.103;0.0;0.0;1753025662.0;3.599;2446328341.0;1.4;472.0;0.969;828192894.0;0.47240000000000004;28385224.0;0.016200000000000003;487.078526;1.0;0.486982796
"./build/Benchmark/adevs_phold classic -n 6 -s 4 -i 0 -r 70 -p 0.0 -t 1000000";"adevs_phold";"classic";1;6;4;0;70;0.0;1000000;2994202.0;0.0455;65850804.0;133.873;50.0;0.102;0.0;0.0;1749414907.0;3.557;2451723272.0;1.4;472.0;0.96;813172450.0;0.4648;28972851.0;0.0166;491.890705;1.0;0.492070415
"./build/Benchmark/adevs_phold classic -n 6 -s 4 -i 0 -r 70 -p 0.0 -t 1000000";"adevs_phold";"classic";1;6;4;0;70;0.0;1000000;2859653.0;0.0435;65775247.0;134.287;51.0;0.104;0.0;0.0;1748935173.0;3.571;2456801145.0;1.4;472.0;0.964;818048902.0;0.4677;28411982.0;0.016200000000000003;489.809574;1.0;0.489954753
"./build/Benchmark/adevs_phold classic -n 6 -s 4 -i 0 -r 70 -p 0.0 -t 1000000";"adevs_phold";"classic";1;6;4;0;70;0.0;1000000;2868422.0;0.0433;66173783.0;134.861;49.0;0.1;0.0;0.0;1745162516.0;3.557;2457937944.0;1.41;473.0;0.964;813372663.0;0.4661;27739390.0;0.0159;490.679784;1.0;0.490553397
"./build/Benchmark/adevs_phold classic -n 6 -s 4 -i 0 -r 70 -p 0.0 -t 1000000";"adevs_phold";"classic";1;6;4;0;70;0.0;1000000;2916793.0;0.0444;65738615.0;135.47;50.0;0.103;0.0;0.0;1746489548.0;3.599;2451514310.0;1.4;473.0;0.975;818611397.0;0.46869999999999995;27723767.0;0.0159;485.263104;1.0;0.485330365
"./build/Benchmark/adevs_phold classic -n 6 -s 4 -i 0 -r 70 -p 0.0 -t 1000000";"adevs_phold";"classic";1;6;4;0;70;0.0;1000000;3045128.0;0.046;66207132.0;135.796;50.0;0.103;0.0;0.0;1750609474.0;3.591;2456092183.0;1.4;472.0;0.968;819283318.0;0.46799999999999997;28388200.0;0.016200000000000003;487.547405;0.999;0.487851389
"./build/Benchmark/adevs_phold classic -n 6 -s 4 -i 0 -r 70 -p 0.0 -t 1000000";"adevs_phold";"classic";1;6;4;0;70;0.0;1000000;3029258.0;0.045700000000000005;66358247.0;135.234;51.0;0.104;0.0;0.0;1751084151.0;3.569;2457272705.0;1.4;474.0;0.966;816193995.0;0.4661;28992488.0;0.0166;490.692803;0.999;0.491014962
"./build/Benchmark/adevs_phold classic -n 6 -s 4 -i 0 -r 70 -p 0.0 -t 1000000";"adevs_phold";"classic";1;6;4;0;70;0.0;1000000;2859870.0;0.0436;65603609.0;133.144;51.0;0.104;0.0;0.0;1746467741.0;3.545;2448800725.0;1.4;469.0;0.952;819626225.0;0.4693;28256142.0;0.016200000000000003;492.725459;1.0;0.492971183
"./build/Benchmark/adevs_phold classic -n 6 -s 4 -i 0 -r 80 -p 0.0 -t 1000000";"adevs_phold";"classic";1;6;4;0;80;0.0;1000000;2777809.0;0.0426;65178724.0;133.56;52.0;0.107;0.0;0.0;1737120976.0;3.56;2463033806.0;1.42;470.0;0.963;817527142.0;0.4706;27989075.0;0.0161;488.010247;1.0;0.487998976
"./build/Benchmark/adevs_phold classic -n 6 -s 4 -i 0 -r 80 -p 0.0 -t 1000000";"adevs_phold";"classic";1;6;4;0;80;0.0;1000000;2811331.0;0.042699999999999995;65806494.0;134.368;51.0;0.104;0.0;0.0;1737199624.0;3.547;2456151200.0;1.41;470.0;0.96;815504858.0;0.4694;27425829.0;0.0158;489.746648;1.0;0.489671882
"./build/Benchmark/adevs_phold classic -n 6 -s 4 -i 0 -r 80 -p 0.0 -t 1000000";"adevs_phold";"classic";1;6;4;0;80;0.0;1000000;2872729.0;0.0432;66425249.0;135.905;50.0;0.102;0.0;0.0;1737033919.0;3.554;2456696547.0;1.41;473.0;0.968;817561915.0;0.4707;27727285.0;0.016;488.761312;1.0;0.488989666
"./build/Benchmark/adevs_phold classic -n 6 -s 4 -i 0 -r 80 -p 0.0 -t 1000000";"adevs_phold";"classic";1;6;4;0;80;0.0;1000000;2929282.0;0.044199999999999996;66300157.0;135.299;50.0;0.102;0.0;0.0;1733928570.0;3.538;2461878136.0;1.42;472.0;0.963;815425296.0;0.4703;27571809.0;0.0159;490.028656;0.999;0.490345573
"./build/Benchmark/adevs_phold classic -n 6 -s 4 -i 0 -r 80 -p 0.0 -t 1000000";"adevs_phold";"classic";1;6;4;0;80;0.0;1000000;2823252.0;0.0426;66227628.0;135.558;49.0;0.1;0.0;0.0;1740045788.0;3.562;2458255801.0;1.41;470.0;0.962;815361683.0;0.4686;27317739.0;0.015700000000000002;488.555509;1.0;0.488717685
"./build/Benchmark/adevs_phold classic -n 6 -s 4 -i 0 -r 80 -p 0.0 -t 1000000";"adevs_phold";"classic";1;6;4;0;80;0.0;1000000;2921168.0;0.0444;65845907.0;135.934;49.0;0.101;0.0;0.0;1743452377.0;3.599;2457094328.0;1.41;473.0;0.976;816408225.0;0.4683;28414621.0;0.0163;484.39449;1.0;0.484302558
"./build/Benchmark/adevs_phold classic -n 6 -s 4 -i 0 -r 80 -p 0.0 -t 1000000";"adevs_phold";"classic";1;6;4;0;80;0.0;1000000;2768518.0;0.042;65841378.0;134.866;51.0;0.104;0.0;0.0;1734451904.0;3.553;2462903432.0;1.42;471.0;0.965;817055454.0;0.4711;28129795.0;0.016200000000000003;488.197286;1.0;0.488421868
"./build/Benchmark/adevs_phold classic -n 6 -s 4 -i 0 -r 80 -p 0.0 -t 1000000";"adevs_phold";"classic";1;6;4;0;80;0.0;1000000;2814466.0;0.0421;66826125.0;137.918;50.0;0.103;0.0;0.0;1743863891.0;3.599;2452153858.0;1.41;471.0;0.972;813925308.0;0.4667;26278576.0;0.0151;484.534825;1.0;0.484412367
"./build/Benchmark/adevs_phold classic -n 6 -s 4 -i 0 -r 80 -p 0.0 -t 1000000";"adevs_phold";"classic";1;6;4;0;80;0.0;1000000;2883405.0;0.0436;66150672.0;134.91;51.0;0.104;0.0;0.0;1733468577.0;3.535;2458025077.0;1.42;471.0;0.961;812057406.0;0.4685;27911913.0;0.0161;490.330356;1.0;0.490543295
"./build/Benchmark/adevs_phold classic -n 6 -s 4 -i 0 -r 80 -p 0.0 -t 1000000";"adevs_phold";"classic";1;6;4;0;80;0.0;1000000;2821874.0;0.0426;66222859.0;135.398;50.0;0.102;0.0;0.0;1736925045.0;3.551;2456274903.0;1.41;470.0;0.961;817952097.0;0.47090000000000004;26379802.0;0.0152;489.099364;1.0;0.489197584
"./build/Benchmark/adevs_phold classic -n 6 -s 4 -i 0 -r 80 -p 0.0 -t 1000000";"adevs_phold";"classic";1;6;4;0;80;0.0;1000000;2809462.0;0.042800000000000005;65716624.0;134.732;50.0;0.103;0.0;0.0;1740593399.0;3.569;2456765586.0;1.41;468.0;0.959;815333074.0;0.46840000000000004;26350989.0;0.0151;487.757733;0.999;0.488037191
"./build/Benchmark/adevs_phold classic -n 6 -s 4 -i 0 -r 80 -p 0.0 -t 1000000";"adevs_phold";"classic";1;6;4;0;80;0.0;1000000;2763691.0;0.042300000000000004;65276689.0;133.862;50.0;0.103;0.0;0.0;1739631979.0;3.567;2460822890.0;1.41;470.0;0.964;819911722.0;0.47130000000000005;28163768.0;0.016200000000000003;487.64048;1.0;0.487605621
"./build/Benchmark/adevs_phold classic -n 6 -s 4 -i 0 -r 80 -p 0.0 -t 1000000";"adevs_phold";"classic";1;6;4;0;80;0.0;1000000;2800507.0;0.042300000000000004;66138049.0;135.011;50.0;0.102;0.0;0.0;1733564257.0;3.539;2457450364.0;1.42;470.0;0.959;813257210.0;0.46909999999999996;26382964.0;0.0152;489.872156;0.999;0.490161374
"./build/Benchmark/adevs_phold classic -n 6 -s 4 -i 0 -r 80 -p 0.0 -t 1000000";"adevs_phold";"classic";1;6;4;0;80;0.0;1000000;2934537.0;0.0447;65648623.0;133.45;51.0;0.104;0.0;0.0;1747055190.0;3.551;2446936202.0;1.4;469.0;0.953;812688267.0;0.46520000000000006;29138543.0;0.0167;491.932411;1.0;0.492142352
"./build/Benchmark/adevs_phold classic -n 6 -s 4 -i 0 -r 80 -p 0.0 -t 1000000";"adevs_phold";"classic";1;6;4;0;80;0.0;1000000;2936377.0;0.0451;65169196.0;132.529;50.0;0.102;0.0;0.0;1741802369.0;3.542;2454741745.0;1.41;472.0;0.96;816237745.0;0.4686;28616172.0;0.016399999999999998;491.734238;1.0;0.491707875
"./build/Benchmark/adevs_phold classic -n 6 -s 4 -i 0 -r 90 -p 0.0 -t 1000000";"adevs_phold";"classic";1;6;4;0;90;0.0;1000000;2751977.0;0.0417;66008731.0;135.077;51.0;0.104;0.0;0.0;1726806409.0;3.534;2446436058.0;1.42;469.0;0.96;813182674.0;0.47090000000000004;27108192.0;0.015700000000000002;488.676156;0.999;0.488936967
"./build/Benchmark/adevs_phold classic -n 6 -s 4 -i 0 -r 90 -p 0.0 -t 1000000";"adevs_phold";"classic";1;6;4;0;90;0.0;1000000;2806242.0;0.0433;64783079.0;134.375;49.0;0.102;0.0;0.0;1732077244.0;3.593;2447284954.0;1.41;470.0;0.975;816757228.0;0.4715;27570835.0;0.0159;482.104903;1.0;0.4819687
"./build/Benchmark/adevs_phold classic -n 6 -s 4 -i 0 -r 90 -p 0.0 -t 1000000";"adevs_phold";"classic";1;6;4;0;90;0.0;1000000;2777209.0;0.042699999999999995;65073903.0;133.906;49.0;0.101;0.0;0.0;1735033777.0;3.57;2438852244.0;1.41;472.0;0.971;811024323.0;0.46740000000000004;26832918.0;0.0155;485.967395;1.0;0.48593433
"./build/Benchmark/adevs_phold classic -n 6 -s 4 -i 0 -r 90 -p 0.0 -t 1000000";"adevs_phold";"classic";1;6;4;0;90;0.0;1000000;2767481.0;0.042300000000000004;65445483.0;134.254;49.0;0.101;0.0;0.0;1732994217.0;3.555;2437373287.0;1.41;472.0;0.968;812923746.0;0.46909999999999996;27350960.0;0.0158;487.474571;1.0;0.487600856
"./build/Benchmark/adevs_phold classic -n 6 -s 4 -i 0 -r 90 -p 0.0 -t 1000000";"adevs_phold";"classic";1;6;4;0;90;0.0;1000000;2856912.0;0.0433;65918274.0;134.865;49.0;0.1;0.0;0.0;1734231690.0;3.548;2444706621.0;1.41;474.0;0.97;813431239.0;0.469;27878299.0;0.0161;488.772046;0.999;0.489085595
"./build/Benchmark/adevs_phold classic -n 6 -s 4 -i 0 -r 90 -p 0.0 -t 1000000";"adevs_phold";"classic";1;6;4;0;90;0.0;1000000;2735095.0;0.0416;65725293.0;134.488;50.0;0.102;0.0;0.0;1727837972.0;3.536;2445678817.0;1.42;471.0;0.964;813432476.0;0.4708;26045306.0;0.0151;488.707395;0.999;0.489047152
"./build/Benchmark/adevs_phold classic -n 6 -s 4 -i 0 -r 90 -p 0.0 -t 1000000";"adevs_phold";"classic";1;6;4;0;90;0.0;1000000;2758192.0;0.042199999999999994;65319946.0;134.466;50.0;0.103;0.0;0.0;1731072765.0;3.564;2441387621.0;1.41;473.0;0.974;809106272.0;0.46740000000000004;27887332.0;0.0161;485.77429;0.999;0.486134353
"./build/Benchmark/adevs_phold classic -n 6 -s 4 -i 0 -r 90 -p 0.0 -t 1000000";"adevs_phold";"classic";1;6;4;0;90;0.0;1000000;2760561.0;0.0424;65064415.0;133.543;49.0;0.101;0.0;0.0;1736768526.0;3.565;2444391253.0;1.41;471.0;0.967;811942942.0;0.4675;27455070.0;0.0158;487.216236;1.0;0.487143018
"./build/Benchmark/adevs_phold classic -n 6 -s 4 -i 0 -r 90 -p 0.0 -t 1000000";"adevs_phold";"classic";1;6;4;0;90;0.0;1000000;2767407.0;0.0424;65340796.0;134.044;50.0;0.103;0.0;0.0;1734690075.0;3.559;2442718559.0;1.41;473.0;0.97;811870202.0;0.46799999999999997;26893406.0;0.0155;487.458004;0.999;0.487779526
"./build/Benchmark/adevs_phold classic -n 6 -s 4 -i 0 -r 90 -p 0.0 -t 1000000";"adevs_phold";"classic";1;6;4;0;90;0.0;1000000;2856035.0;0.0434;65749555.0;134.264;54.0;0.11;0.0;0.0;1727793453.0;3.528;2445315151.0;1.42;472.0;0.964;812600473.0;0.4703;28218512.0;0.0163;489.70451;0.999;0.489972573
"./build/Benchmark/adevs_phold classic -n 6 -s 4 -i 0 -r 90 -p 0.0 -t 1000000";"adevs_phold";"classic";1;6;4;0;90;0.0;1000000;2881767.0;0.043899999999999995;65646616.0;135.166;48.0;0.099;0.0;0.0;1735414894.0;3.573;2441063522.0;1.41;473.0;0.974;808424332.0;0.4658;27513537.0;0.0159;485.675468;1.0;0.485698561
"./build/Benchmark/adevs_phold classic -n 6 -s 4 -i 0 -r 90 -p 0.0 -t 1000000";"adevs_phold";"classic";1;6;4;0;90;0.0;1000000;2772063.0;0.042300000000000004;65532303.0;134.606;50.0;0.103;0.0;0.0;1732411458.0;3.558;2437724299.0;1.41;474.0;0.974;812020134.0;0.46869999999999995;27171629.0;0.015700000000000002;486.844732;0.999;0.487152569
"./build/Benchmark/adevs_phold classic -n 6 -s 4 -i 0 -r 90 -p 0.0 -t 1000000";"adevs_phold";"classic";1;6;4;0;90;0.0;1000000;2817504.0;0.043;65567593.0;135.228;49.0;0.101;0.0;0.0;1734550203.0;3.577;2448354934.0;1.41;473.0;0.976;810674715.0;0.46740000000000004;27686138.0;0.016;484.867328;0.999;0.485135776
"./build/Benchmark/adevs_phold classic -n 6 -s 4 -i 0 -r 90 -p 0.0 -t 1000000";"adevs_phold";"classic";1;6;4;0;90;0.0;1000000;2739691.0;0.042300000000000004;64813402.0;134.648;48.0;0.1;0.0;0.0;1732515323.0;3.599;2435187346.0;1.41;472.0;0.981;815653238.0;0.4708;26884345.0;0.0155;481.355967;1.0;0.481301369
"./build/Benchmark/adevs_phold classic -n 6 -s 4 -i 0 -r 90 -p 0.0 -t 1000000";"adevs_phold";"classic";1;6;4;0;90;0.0;1000000;2743989.0;0.042199999999999994;64962469.0;133.639;49.0;0.101;0.0;0.0;1731969627.0;3.563;2441292501.0;1.41;472.0;0.971;812086501.0;0.4689;26874050.0;0.0155;486.102997;1.0;0.486086002
