 "command";"executable";"simtype";"ncores";"nodes";"atomics/node";"iterations";"% remotes";"% priority";"end time" ;"branch-misses";"branch-misses (of all branches          (50.00%))";"branches";"branches (M/sec                    (50.00%))";"context-switches";"context-switches (K/sec)";"cpu-migrations";"cpu-migrations (K/sec)";"cycles";"cycles (GHz                      (50.02%))";"instructions";"instructions (insns per cycle)";"page-faults";"page-faults (K/sec)";"stalled-cycles-backend";"stalled-cycles-backend (backend  cycles idle     (50.00%))";"stalled-cycles-frontend";"stalled-cycles-frontend (frontend cycles idle     (50.01%))";"task-clock (msec)";"task-clock (CPUs utilized)";"time-elapsed (seconds)"
"./build/Benchmark/adevs_phold cpdevs -c 6 -n 6 -s 4 -i 0 -r 10 -p 0.0 -t 1000000";"adevs_phold";"cpdevs";6;6;4;0;10;0.0;1000000;314645603.0;0.0075;41965381277.0;605.257;15290.0;0.221;29.0;0.0;249204018417.0;3.594;134421614588.0;0.54;726.0;0.01;149019316071.0;0.598;28186281382.0;0.1131;69334.807523;5.955;11.643372274
"./build/Benchmark/adevs_phold cpdevs -c 6 -n 6 -s 4 -i 0 -r 10 -p 0.0 -t 1000000";"adevs_phold";"cpdevs";6;6;4;0;10;0.0;1000000;314643515.0;0.0072;43459160052.0;628.177;15041.0;0.217;57.0;0.001;248684263965.0;3.595;138638330843.0;0.56;762.0;0.011;148656787664.0;0.5978;27371129310.0;0.1101;69183.025808;5.956;11.615672299
"./build/Benchmark/adevs_phold cpdevs -c 6 -n 6 -s 4 -i 0 -r 10 -p 0.0 -t 1000000";"adevs_phold";"cpdevs";6;6;4;0;10;0.0;1000000;311224182.0;0.0074;42340485514.0;614.717;14855.0;0.216;39.0;0.001;247559319434.0;3.594;135344102251.0;0.55;717.0;0.01;147794852305.0;0.597;27830961063.0;0.1124;68877.978605;5.954;11.56881738
"./build/Benchmark/adevs_phold cpdevs -c 6 -n 6 -s 4 -i 0 -r 10 -p 0.0 -t 1000000";"adevs_phold";"cpdevs";6;6;4;0;10;0.0;1000000;317004752.0;0.0072;43865192021.0;634.21;16295.0;0.236;31.0;0.0;248618617239.0;3.595;139843115684.0;0.56;674.0;0.01;148470513940.0;0.5972;26237365454.0;0.10550000000000001;69165.058306;5.955;11.615051143
"./build/Benchmark/adevs_phold cpdevs -c 6 -n 6 -s 4 -i 0 -r 10 -p 0.0 -t 1000000";"adevs_phold";"cpdevs";6;6;4;0;10;0.0;1000000;314707606.0;0.0072;43650267073.0;632.188;15366.0;0.223;24.0;0.0;248119338699.0;3.594;139262365832.0;0.56;715.0;0.01;148191011638.0;0.5972999999999999;27028748629.0;0.10890000000000001;69046.370321;5.958;11.589798338
"./build/Benchmark/adevs_phold cpdevs -c 6 -n 6 -s 4 -i 0 -r 10 -p 0.0 -t 1000000";"adevs_phold";"cpdevs";6;6;4;0;10;0.0;1000000;312138272.0;0.0073;42474612860.0;615.55;15283.0;0.221;45.0;0.001;248018037909.0;3.594;135760918915.0;0.55;733.0;0.011;147540108614.0;0.5949;28305389988.0;0.11410000000000001;69002.651974;5.947;11.602459875
"./build/Benchmark/adevs_phold cpdevs -c 6 -n 6 -s 4 -i 0 -r 10 -p 0.0 -t 1000000";"adevs_phold";"cpdevs";6;6;4;0;10;0.0;1000000;315636557.0;0.0070999999999999995;44299121740.0;636.12;16757.0;0.241;54.0;0.001;250204282872.0;3.593;141125964834.0;0.56;747.0;0.011;149308511215.0;0.5967;26918053640.0;0.1076;69639.59666;5.948;11.707097162
"./build/Benchmark/adevs_phold cpdevs -c 6 -n 6 -s 4 -i 0 -r 10 -p 0.0 -t 1000000";"adevs_phold";"cpdevs";6;6;4;0;10;0.0;1000000;311987522.0;0.0070999999999999995;44168609605.0;638.786;15848.0;0.229;56.0;0.001;248429517184.0;3.593;140511451961.0;0.57;753.0;0.011;148741397108.0;0.5987;26102020153.0;0.1051;69144.558395;5.952;11.616187981
"./build/Benchmark/adevs_phold cpdevs -c 6 -n 6 -s 4 -i 0 -r 10 -p 0.0 -t 1000000";"adevs_phold";"cpdevs";6;6;4;0;10;0.0;1000000;317187610.0;0.0073;43293459555.0;621.9;16439.0;0.236;33.0;0.0;250180409798.0;3.594;138215308558.0;0.55;657.0;0.009;149053616013.0;0.5958;28016260836.0;0.11199999999999999;69614.855291;5.953;11.693858533
"./build/Benchmark/adevs_phold cpdevs -c 6 -n 6 -s 4 -i 0 -r 10 -p 0.0 -t 1000000";"adevs_phold";"cpdevs";6;6;4;0;10;0.0;1000000;310737283.0;0.0069;44777153819.0;650.602;16467.0;0.239;28.0;0.0;247322158571.0;3.594;142283614180.0;0.58;740.0;0.011;147693050799.0;0.5972;25669015692.0;0.1038;68824.168066;5.955;11.55649406
"./build/Benchmark/adevs_phold cpdevs -c 6 -n 6 -s 4 -i 0 -r 10 -p 0.0 -t 1000000";"adevs_phold";"cpdevs";6;6;4;0;10;0.0;1000000;315947763.0;0.0070999999999999995;44450060403.0;635.785;15406.0;0.22;29.0;0.0;251263689948.0;3.594;141460382223.0;0.56;726.0;0.01;149850562071.0;0.5964;27326593487.0;0.10880000000000001;69913.669799;5.957;11.736395567
"./build/Benchmark/adevs_phold cpdevs -c 6 -n 6 -s 4 -i 0 -r 10 -p 0.0 -t 1000000";"adevs_phold";"cpdevs";6;6;4;0;10;0.0;1000000;316942100.0;0.0072;44070256948.0;636.374;15994.0;0.231;50.0;0.001;248889848498.0;3.594;140214874690.0;0.56;679.0;0.01;148968341615.0;0.5985;26667069878.0;0.10710000000000001;69252.079471;5.955;11.629284074
"./build/Benchmark/adevs_phold cpdevs -c 6 -n 6 -s 4 -i 0 -r 10 -p 0.0 -t 1000000";"adevs_phold";"cpdevs";6;6;4;0;10;0.0;1000000;317797677.0;0.006999999999999999;45119503521.0;652.221;16681.0;0.241;49.0;0.001;248588920684.0;3.593;143099954706.0;0.58;752.0;0.011;148045344876.0;0.5954999999999999;25998245408.0;0.10460000000000001;69178.250247;5.949;11.628325794
"./build/Benchmark/adevs_phold cpdevs -c 6 -n 6 -s 4 -i 0 -r 10 -p 0.0 -t 1000000";"adevs_phold";"cpdevs";6;6;4;0;10;0.0;1000000;312530455.0;0.0073;43056778139.0;627.492;16315.0;0.238;43.0;0.001;246650748101.0;3.595;137385309959.0;0.56;758.0;0.011;147813812820.0;0.5992999999999999;26908751028.0;0.1091;68617.201938;5.954;11.523703966
"./build/Benchmark/adevs_phold cpdevs -c 6 -n 6 -s 4 -i 0 -r 10 -p 0.0 -t 1000000";"adevs_phold";"cpdevs";6;6;4;0;10;0.0;1000000;310460842.0;0.0073;42440307946.0;616.741;15005.0;0.218;43.0;0.001;247269887352.0;3.593;135542821833.0;0.55;754.0;0.011;147873617782.0;0.598;27568729392.0;0.1115;68813.857905;5.954;11.557168705
"./build/Benchmark/adevs_phold cpdevs -c 6 -n 6 -s 4 -i 0 -r 20 -p 0.0 -t 1000000";"adevs_phold";"cpdevs";6;6;4;0;20;0.0;1000000;309696881.0;0.0073;42432132631.0;621.623;15248.0;0.223;40.0;0.001;245303928795.0;3.594;135522515521.0;0.55;698.0;0.01;148860541267.0;0.6068;25213064126.0;0.10279999999999999;68260.185035;5.955;11.463067035
"./build/Benchmark/adevs_phold cpdevs -c 6 -n 6 -s 4 -i 0 -r 20 -p 0.0 -t 1000000";"adevs_phold";"cpdevs";6;6;4;0;20;0.0;1000000;308239028.0;0.0070999999999999995;43509153371.0;635.425;16375.0;0.239;52.0;0.001;246116007233.0;3.594;138178567981.0;0.56;738.0;0.011;149065106269.0;0.6057;24843214921.0;0.1009;68472.481051;5.951;11.506490845
"./build/Benchmark/adevs_phold cpdevs -c 6 -n 6 -s 4 -i 0 -r 20 -p 0.0 -t 1000000";"adevs_phold";"cpdevs";6;6;4;0;20;0.0;1000000;318942491.0;0.0074;43110294472.0;630.372;15431.0;0.226;56.0;0.001;245858768781.0;3.595;137300638174.0;0.56;652.0;0.01;148403958728.0;0.6036;25596899121.0;0.1041;68388.604952;5.956;11.482414657
"./build/Benchmark/adevs_phold cpdevs -c 6 -n 6 -s 4 -i 0 -r 20 -p 0.0 -t 1000000";"adevs_phold";"cpdevs";6;6;4;0;20;0.0;1000000;309528301.0;0.0074;41596176394.0;608.569;15634.0;0.229;42.0;0.001;245679366006.0;3.594;132890557993.0;0.54;757.0;0.011;148303169793.0;0.6036;26909574366.0;0.10949999999999999;68350.749146;5.955;11.478083689
"./build/Benchmark/adevs_phold cpdevs -c 6 -n 6 -s 4 -i 0 -r 20 -p 0.0 -t 1000000";"adevs_phold";"cpdevs";6;6;4;0;20;0.0;1000000;309055857.0;0.0075;40984866951.0;600.695;15482.0;0.227;48.0;0.001;245292711059.0;3.595;131336406563.0;0.54;781.0;0.011;148234354408.0;0.6043;27318548508.0;0.1114;68229.083861;5.956;11.456260502
"./build/Benchmark/adevs_phold cpdevs -c 6 -n 6 -s 4 -i 0 -r 20 -p 0.0 -t 1000000";"adevs_phold";"cpdevs";6;6;4;0;20;0.0;1000000;309356604.0;0.0076;40758084695.0;595.785;14953.0;0.219;51.0;0.001;245861464690.0;3.594;130741334303.0;0.53;745.0;0.011;149033221074.0;0.6062;26958544454.0;0.1096;68410.780191;5.955;11.487478057
"./build/Benchmark/adevs_phold cpdevs -c 6 -n 6 -s 4 -i 0 -r 20 -p 0.0 -t 1000000";"adevs_phold";"cpdevs";6;6;4;0;20;0.0;1000000;316060963.0;0.0074;42728135173.0;628.856;15375.0;0.226;39.0;0.001;244139894257.0;3.593;136041710516.0;0.56;700.0;0.01;147559219489.0;0.6043999999999999;25411656197.0;0.1041;67945.843451;5.951;11.417749895
"./build/Benchmark/adevs_phold cpdevs -c 6 -n 6 -s 4 -i 0 -r 20 -p 0.0 -t 1000000";"adevs_phold";"cpdevs";6;6;4;0;20;0.0;1000000;312845888.0;0.0074;42105997616.0;613.623;14211.0;0.207;28.0;0.0;246757067400.0;3.596;134346980143.0;0.54;752.0;0.011;149274489329.0;0.6049;26901127876.0;0.109;68618.697104;5.962;11.508994859
"./build/Benchmark/adevs_phold cpdevs -c 6 -n 6 -s 4 -i 0 -r 20 -p 0.0 -t 1000000";"adevs_phold";"cpdevs";6;6;4;0;20;0.0;1000000;309484039.0;0.0074;41973395922.0;617.311;14603.0;0.215;43.0;0.001;244353671258.0;3.594;134015417255.0;0.55;692.0;0.01;148515392483.0;0.6078;25377555697.0;0.1039;67993.914223;5.956;11.415205952
"./build/Benchmark/adevs_phold cpdevs -c 6 -n 6 -s 4 -i 0 -r 20 -p 0.0 -t 1000000";"adevs_phold";"cpdevs";6;6;4;0;20;0.0;1000000;309630861.0;0.0072;43084939093.0;627.031;15888.0;0.231;38.0;0.001;247027026740.0;3.595;137459249007.0;0.56;735.0;0.011;148531503509.0;0.6013000000000001;26229833751.0;0.10619999999999999;68712.627974;5.953;11.543420179
"./build/Benchmark/adevs_phold cpdevs -c 6 -n 6 -s 4 -i 0 -r 20 -p 0.0 -t 1000000";"adevs_phold";"cpdevs";6;6;4;0;20;0.0;1000000;312280893.0;0.0075;41453089233.0;605.717;15578.0;0.228;48.0;0.001;246004860061.0;3.595;132566452772.0;0.54;667.0;0.01;148979352725.0;0.6056;26540697941.0;0.1079;68436.363827;5.955;11.492023722
"./build/Benchmark/adevs_phold cpdevs -c 6 -n 6 -s 4 -i 0 -r 20 -p 0.0 -t 1000000";"adevs_phold";"cpdevs";6;6;4;0;20;0.0;1000000;310571753.0;0.0076;40912477043.0;598.038;13965.0;0.204;54.0;0.001;245840635807.0;3.594;130960335427.0;0.53;753.0;0.011;148883699876.0;0.6056;27392773814.0;0.1114;68411.150519;5.956;11.486499506
"./build/Benchmark/adevs_phold cpdevs -c 6 -n 6 -s 4 -i 0 -r 20 -p 0.0 -t 1000000";"adevs_phold";"cpdevs";6;6;4;0;20;0.0;1000000;311366401.0;0.0074;41995315948.0;614.929;15481.0;0.227;34.0;0.0;245381118071.0;3.593;133769945347.0;0.55;656.0;0.01;148392710789.0;0.6047;26684250120.0;0.10869999999999999;68292.986499;5.954;11.470989823
"./build/Benchmark/adevs_phold cpdevs -c 6 -n 6 -s 4 -i 0 -r 20 -p 0.0 -t 1000000";"adevs_phold";"cpdevs";6;6;4;0;20;0.0;1000000;310666811.0;0.0072;42910122790.0;624.474;15747.0;0.229;35.0;0.001;246976911687.0;3.594;136601134965.0;0.55;701.0;0.01;149230566626.0;0.6042000000000001;25944621383.0;0.105;68713.989035;5.955;11.539121747
"./build/Benchmark/adevs_phold cpdevs -c 6 -n 6 -s 4 -i 0 -r 20 -p 0.0 -t 1000000";"adevs_phold";"cpdevs";6;6;4;0;20;0.0;1000000;311218905.0;0.0073;42551863998.0;621.504;16146.0;0.236;44.0;0.001;245993898310.0;3.593;135623634882.0;0.55;693.0;0.01;147840764969.0;0.601;26614795926.0;0.1082;68465.968843;5.952;11.5039505
"./build/Benchmark/adevs_phold cpdevs -c 6 -n 6 -s 4 -i 0 -r 30 -p 0.0 -t 1000000";"adevs_phold";"cpdevs";6;6;4;0;30;0.0;1000000;309081710.0;0.0072;42693746659.0;620.981;16418.0;0.239;34.0;0.0;247107483803.0;3.594;136050572942.0;0.55;736.0;0.011;149009586466.0;0.603;26009091405.0;0.10529999999999999;68752.095241;5.947;11.561630539
"./build/Benchmark/adevs_phold cpdevs -c 6 -n 6 -s 4 -i 0 -r 30 -p 0.0 -t 1000000";"adevs_phold";"cpdevs";6;6;4;0;30;0.0;1000000;305870071.0;0.0073;41684581110.0;616.605;15256.0;0.226;40.0;0.001;243018067805.0;3.595;132970156187.0;0.55;790.0;0.012;148154283637.0;0.6096;24894628185.0;0.1024;67603.331366;5.956;11.350260873
"./build/Benchmark/adevs_phold cpdevs -c 6 -n 6 -s 4 -i 0 -r 30 -p 0.0 -t 1000000";"adevs_phold";"cpdevs";6;6;4;0;30;0.0;1000000;311042503.0;0.0074;41961633370.0;614.973;15159.0;0.222;32.0;0.0;245311046932.0;3.595;133803352687.0;0.55;700.0;0.01;148560869214.0;0.6056;26234984089.0;0.1069;68233.329008;5.957;11.454155262
"./build/Benchmark/adevs_phold cpdevs -c 6 -n 6 -s 4 -i 0 -r 30 -p 0.0 -t 1000000";"adevs_phold";"cpdevs";6;6;4;0;30;0.0;1000000;313161074.0;0.0073;42818821416.0;624.57;15334.0;0.224;44.0;0.001;246470563171.0;3.595;136320193683.0;0.55;709.0;0.01;148832352610.0;0.6039;25486425182.0;0.10339999999999999;68557.282522;5.955;11.511976277
"./build/Benchmark/adevs_phold cpdevs -c 6 -n 6 -s 4 -i 0 -r 30 -p 0.0 -t 1000000";"adevs_phold";"cpdevs";6;6;4;0;30;0.0;1000000;308184380.0;0.0073;41972639446.0;620.449;15401.0;0.228;28.0;0.0;243013077136.0;3.592;134040035451.0;0.55;748.0;0.011;147885328968.0;0.6085;24767305295.0;0.10189999999999999;67648.842527;5.951;11.366928493
"./build/Benchmark/adevs_phold cpdevs -c 6 -n 6 -s 4 -i 0 -r 30 -p 0.0 -t 1000000";"adevs_phold";"cpdevs";6;6;4;0;30;0.0;1000000;311616954.0;0.0075;41818971676.0;613.96;15839.0;0.233;57.0;0.001;244836497902.0;3.595;133716184165.0;0.55;691.0;0.01;147814566497.0;0.6037;26646725464.0;0.10880000000000001;68113.461141;5.953;11.441990945
"./build/Benchmark/adevs_phold cpdevs -c 6 -n 6 -s 4 -i 0 -r 30 -p 0.0 -t 1000000";"adevs_phold";"cpdevs";6;6;4;0;30;0.0;1000000;308713561.0;0.0074;41955601958.0;616.762;16285.0;0.239;31.0;0.0;244541753611.0;3.595;134086505445.0;0.55;705.0;0.01;147803738937.0;0.6043999999999999;26023695135.0;0.10640000000000001;68025.598734;5.956;11.420705352
"./build/Benchmark/adevs_phold cpdevs -c 6 -n 6 -s 4 -i 0 -r 30 -p 0.0 -t 1000000";"adevs_phold";"cpdevs";6;6;4;0;30;0.0;1000000;313126591.0;0.0072;43589346430.0;635.76;16182.0;0.236;44.0;0.001;246480897685.0;3.595;138657747657.0;0.56;742.0;0.011;148806009671.0;0.6037;24976408067.0;0.1013;68562.560901;5.956;11.511712007
"./build/Benchmark/adevs_phold cpdevs -c 6 -n 6 -s 4 -i 0 -r 30 -p 0.0 -t 1000000";"adevs_phold";"cpdevs";6;6;4;0;30;0.0;1000000;316844043.0;0.0075;42293849130.0;624.966;14207.0;0.21;38.0;0.001;243260782236.0;3.595;134996964257.0;0.55;706.0;0.01;148185983013.0;0.6092;24266642801.0;0.0998;67673.801887;5.957;11.360944917
"./build/Benchmark/adevs_phold cpdevs -c 6 -n 6 -s 4 -i 0 -r 30 -p 0.0 -t 1000000";"adevs_phold";"cpdevs";6;6;4;0;30;0.0;1000000;308050323.0;0.0076;40455210346.0;592.334;16009.0;0.234;44.0;0.001;245439854558.0;3.594;129768044967.0;0.53;750.0;0.011;148085969560.0;0.6033;28086015821.0;0.1144;68297.942635;5.956;11.46795611
"./build/Benchmark/adevs_phold cpdevs -c 6 -n 6 -s 4 -i 0 -r 30 -p 0.0 -t 1000000";"adevs_phold";"cpdevs";6;6;4;0;30;0.0;1000000;310862002.0;0.0072;43225885123.0;630.335;14738.0;0.215;35.0;0.001;246453807993.0;3.594;137597513477.0;0.56;738.0;0.011;148733456043.0;0.6035;25467078615.0;0.1033;68576.047555;5.953;11.519163662
"./build/Benchmark/adevs_phold cpdevs -c 6 -n 6 -s 4 -i 0 -r 30 -p 0.0 -t 1000000";"adevs_phold";"cpdevs";6;6;4;0;30;0.0;1000000;313943994.0;0.0076;41125598658.0;602.104;15845.0;0.232;35.0;0.001;245501934387.0;3.594;131478817873.0;0.54;753.0;0.011;147978551867.0;0.6028;27340512888.0;0.1114;68303.195523;5.954;11.472449803
"./build/Benchmark/adevs_phold cpdevs -c 6 -n 6 -s 4 -i 0 -r 30 -p 0.0 -t 1000000";"adevs_phold";"cpdevs";6;6;4;0;30;0.0;1000000;311434934.0;0.0074;41812788387.0;616.727;15136.0;0.223;53.0;0.001;243636565946.0;3.594;133656571488.0;0.55;721.0;0.011;147628920234.0;0.6059;25178402096.0;0.1033;67797.870346;5.955;11.38459442
"./build/Benchmark/adevs_phold cpdevs -c 6 -n 6 -s 4 -i 0 -r 30 -p 0.0 -t 1000000";"adevs_phold";"cpdevs";6;6;4;0;30;0.0;1000000;309320115.0;0.0075;41437153896.0;603.536;14807.0;0.216;51.0;0.001;246821556882.0;3.595;132329658227.0;0.54;676.0;0.01;149462897270.0;0.6056;26967944419.0;0.1093;68657.323881;5.953;11.533277522
"./build/Benchmark/adevs_phold cpdevs -c 6 -n 6 -s 4 -i 0 -r 30 -p 0.0 -t 1000000";"adevs_phold";"cpdevs";6;6;4;0;30;0.0;1000000;313141474.0;0.0074;42143934147.0;623.119;16097.0;0.238;46.0;0.001;243147196950.0;3.595;134624436012.0;0.55;723.0;0.011;147889821072.0;0.6082;24713363290.0;0.1016;67633.833876;5.955;11.357901803
"./build/Benchmark/adevs_phold cpdevs -c 6 -n 6 -s 4 -i 0 -r 40 -p 0.0 -t 1000000";"adevs_phold";"cpdevs";6;6;4;0;40;0.0;1000000;305667580.0;0.0077;39845955834.0;588.498;14673.0;0.217;32.0;0.0;243393985581.0;3.595;127886212432.0;0.53;713.0;0.011;148668171190.0;0.6108;26353726557.0;0.10830000000000001;67707.894251;5.958;11.363604144
"./build/Benchmark/adevs_phold cpdevs -c 6 -n 6 -s 4 -i 0 -r 40 -p 0.0 -t 1000000";"adevs_phold";"cpdevs";6;6;4;0;40;0.0;1000000;307270761.0;0.0074;41738812358.0;612.546;15872.0;0.233;49.0;0.001;244950695329.0;3.595;133292756238.0;0.54;746.0;0.011;149736603933.0;0.6113000000000001;25036088362.0;0.10220000000000001;68139.890372;5.954;11.44395951
"./build/Benchmark/adevs_phold cpdevs -c 6 -n 6 -s 4 -i 0 -r 40 -p 0.0 -t 1000000";"adevs_phold";"cpdevs";6;6;4;0;40;0.0;1000000;309657602.0;0.0075;41256027114.0;609.954;16716.0;0.247;35.0;0.001;243083872599.0;3.594;131872788938.0;0.54;731.0;0.011;147982048313.0;0.6088;25700878632.0;0.1057;67637.953225;5.955;11.357441292
"./build/Benchmark/adevs_phold cpdevs -c 6 -n 6 -s 4 -i 0 -r 40 -p 0.0 -t 1000000";"adevs_phold";"cpdevs";6;6;4;0;40;0.0;1000000;308512530.0;0.0074;41966018916.0;622.14;15670.0;0.232;20.0;0.0;242395956069.0;3.593;133832209775.0;0.55;695.0;0.01;147463229313.0;0.6084;24687552521.0;0.1018;67454.344319;5.953;11.330889606
"./build/Benchmark/adevs_phold cpdevs -c 6 -n 6 -s 4 -i 0 -r 40 -p 0.0 -t 1000000";"adevs_phold";"cpdevs";6;6;4;0;40;0.0;1000000;307677105.0;0.0076;40595920690.0;601.998;15208.0;0.226;51.0;0.001;242349722628.0;3.594;129755493183.0;0.54;681.0;0.01;147712569429.0;0.6095;25830263244.0;0.1066;67435.342863;5.951;11.332584628
"./build/Benchmark/adevs_phold cpdevs -c 6 -n 6 -s 4 -i 0 -r 40 -p 0.0 -t 1000000";"adevs_phold";"cpdevs";6;6;4;0;40;0.0;1000000;306625499.0;0.0075;40709085879.0;604.051;15763.0;0.234;34.0;0.001;242195103198.0;3.594;130029370104.0;0.54;664.0;0.01;148127394095.0;0.6115999999999999;25044652592.0;0.10339999999999999;67393.414971;5.953;11.321798767
"./build/Benchmark/adevs_phold cpdevs -c 6 -n 6 -s 4 -i 0 -r 40 -p 0.0 -t 1000000";"adevs_phold";"cpdevs";6;6;4;0;40;0.0;1000000;322270077.0;0.0078000000000000005;41203350154.0;603.454;15645.0;0.229;39.0;0.001;245465494401.0;3.595;131739579709.0;0.54;725.0;0.011;149992603559.0;0.6111;26060571119.0;0.10619999999999999;68279.197078;5.958;11.460923258
"./build/Benchmark/adevs_phold cpdevs -c 6 -n 6 -s 4 -i 0 -r 40 -p 0.0 -t 1000000";"adevs_phold";"cpdevs";6;6;4;0;40;0.0;1000000;306851131.0;0.0077;40029187577.0;591.113;15358.0;0.227;29.0;0.0;243467744521.0;3.595;128282471530.0;0.53;728.0;0.011;148034764452.0;0.608;26882549742.0;0.1104;67718.284399;5.954;11.373267755
"./build/Benchmark/adevs_phold cpdevs -c 6 -n 6 -s 4 -i 0 -r 40 -p 0.0 -t 1000000";"adevs_phold";"cpdevs";6;6;4;0;40;0.0;1000000;308059054.0;0.0074;41573617695.0;613.049;15806.0;0.233;56.0;0.001;243750530123.0;3.594;132724512692.0;0.54;716.0;0.011;148380908033.0;0.6087;25310592969.0;0.1038;67814.493768;5.952;11.393226101
"./build/Benchmark/adevs_phold cpdevs -c 6 -n 6 -s 4 -i 0 -r 40 -p 0.0 -t 1000000";"adevs_phold";"cpdevs";6;6;4;0;40;0.0;1000000;307696032.0;0.0076;40684510409.0;598.806;15977.0;0.235;66.0;0.001;244265282426.0;3.595;130461528032.0;0.53;742.0;0.011;149079109608.0;0.6103000000000001;26383088388.0;0.10800000000000001;67942.724241;5.955;11.408478492
"./build/Benchmark/adevs_phold cpdevs -c 6 -n 6 -s 4 -i 0 -r 40 -p 0.0 -t 1000000";"adevs_phold";"cpdevs";6;6;4;0;40;0.0;1000000;309118895.0;0.0076;40906344370.0;605.271;14600.0;0.216;42.0;0.001;242974628386.0;3.595;130805169350.0;0.54;735.0;0.011;148213416720.0;0.61;25893999838.0;0.1066;67583.523512;5.958;11.343566347
"./build/Benchmark/adevs_phold cpdevs -c 6 -n 6 -s 4 -i 0 -r 40 -p 0.0 -t 1000000";"adevs_phold";"cpdevs";6;6;4;0;40;0.0;1000000;308590157.0;0.0075;41039633339.0;605.262;15865.0;0.234;28.0;0.0;243807840330.0;3.596;131546920855.0;0.54;727.0;0.011;148532068835.0;0.6092;26034183815.0;0.10679999999999999;67804.731281;5.958;11.381214752
"./build/Benchmark/adevs_phold cpdevs -c 6 -n 6 -s 4 -i 0 -r 40 -p 0.0 -t 1000000";"adevs_phold";"cpdevs";6;6;4;0;40;0.0;1000000;309306520.0;0.0074;41743588244.0;617.012;16040.0;0.237;47.0;0.001;243227607430.0;3.595;133246223254.0;0.55;665.0;0.01;147618364497.0;0.6069;25389561723.0;0.10439999999999999;67654.413733;5.955;11.360486342
"./build/Benchmark/adevs_phold cpdevs -c 6 -n 6 -s 4 -i 0 -r 40 -p 0.0 -t 1000000";"adevs_phold";"cpdevs";6;6;4;0;40;0.0;1000000;308336977.0;0.0074;41671504158.0;615.812;14706.0;0.217;38.0;0.001;243116965168.0;3.593;133195710511.0;0.55;708.0;0.01;148336955255.0;0.6101;24752133476.0;0.1018;67669.205655;5.953;11.367839559
"./build/Benchmark/adevs_phold cpdevs -c 6 -n 6 -s 4 -i 0 -r 40 -p 0.0 -t 1000000";"adevs_phold";"cpdevs";6;6;4;0;40;0.0;1000000;307325642.0;0.0073;42009829047.0;620.0;15389.0;0.227;53.0;0.001;243539459124.0;3.594;133977271126.0;0.55;699.0;0.01;148125495756.0;0.6082;24928039466.0;0.1024;67757.794867;5.952;11.383258957
"./build/Benchmark/adevs_phold cpdevs -c 6 -n 6 -s 4 -i 0 -r 50 -p 0.0 -t 1000000";"adevs_phold";"cpdevs";6;6;4;0;50;0.0;1000000;307406586.0;0.0076;40209580006.0;596.029;14022.0;0.208;46.0;0.001;242466222482.0;3.594;128956995697.0;0.53;732.0;0.011;148786390723.0;0.6136;25688159366.0;0.1059;67462.473382;5.956;11.327316643
"./build/Benchmark/adevs_phold cpdevs -c 6 -n 6 -s 4 -i 0 -r 50 -p 0.0 -t 1000000";"adevs_phold";"cpdevs";6;6;4;0;50;0.0;1000000;310907525.0;0.0075;41674265363.0;617.055;14106.0;0.209;41.0;0.001;242803432172.0;3.595;132989941184.0;0.55;695.0;0.01;148892136478.0;0.6132;24126377771.0;0.09939999999999999;67537.339239;5.954;11.343020591
"./build/Benchmark/adevs_phold cpdevs -c 6 -n 6 -s 4 -i 0 -r 50 -p 0.0 -t 1000000";"adevs_phold";"cpdevs";6;6;4;0;50;0.0;1000000;306205069.0;0.0076;40223703348.0;595.278;14342.0;0.212;56.0;0.001;242683896803.0;3.592;128756569503.0;0.53;727.0;0.011;149004509544.0;0.614;25804428621.0;0.1063;67571.316062;5.95;11.356796888
"./build/Benchmark/adevs_phold cpdevs -c 6 -n 6 -s 4 -i 0 -r 50 -p 0.0 -t 1000000";"adevs_phold";"cpdevs";6;6;4;0;50;0.0;1000000;305288865.0;0.0075;40959286181.0;606.76;15709.0;0.233;27.0;0.0;242613115059.0;3.594;130883792700.0;0.54;660.0;0.01;149395699298.0;0.6158;24233843549.0;0.0999;67504.896933;5.954;11.338505012
"./build/Benchmark/adevs_phold cpdevs -c 6 -n 6 -s 4 -i 0 -r 50 -p 0.0 -t 1000000";"adevs_phold";"cpdevs";6;6;4;0;50;0.0;1000000;307555365.0;0.0079;38996416840.0;581.357;14431.0;0.215;36.0;0.001;241030891305.0;3.593;125531324896.0;0.52;697.0;0.01;147723369428.0;0.6129;26534911570.0;0.1101;67078.236142;5.957;11.260872049
"./build/Benchmark/adevs_phold cpdevs -c 6 -n 6 -s 4 -i 0 -r 50 -p 0.0 -t 1000000";"adevs_phold";"cpdevs";6;6;4;0;50;0.0;1000000;304569406.0;0.0078000000000000005;39223575696.0;581.67;14699.0;0.218;51.0;0.001;242453592731.0;3.595;126040893860.0;0.52;695.0;0.01;149033952979.0;0.6147;25898481067.0;0.10679999999999999;67432.737271;5.958;11.318626954
"./build/Benchmark/adevs_phold cpdevs -c 6 -n 6 -s 4 -i 0 -r 50 -p 0.0 -t 1000000";"adevs_phold";"cpdevs";6;6;4;0;50;0.0;1000000;305701433.0;0.0078000000000000005;39418400156.0;584.827;14306.0;0.212;41.0;0.001;242309505298.0;3.595;126544000461.0;0.52;747.0;0.011;148740023797.0;0.6138;25869102691.0;0.10679999999999999;67401.778634;5.958;11.31327428
"./build/Benchmark/adevs_phold cpdevs -c 6 -n 6 -s 4 -i 0 -r 50 -p 0.0 -t 1000000";"adevs_phold";"cpdevs";6;6;4;0;50;0.0;1000000;305906102.0;0.0078000000000000005;39447476665.0;584.377;16039.0;0.238;26.0;0.0;242575118586.0;3.594;126584535869.0;0.52;777.0;0.012;148832034338.0;0.6136;26229452657.0;0.1081;67503.514351;5.955;11.335533836
"./build/Benchmark/adevs_phold cpdevs -c 6 -n 6 -s 4 -i 0 -r 50 -p 0.0 -t 1000000";"adevs_phold";"cpdevs";6;6;4;0;50;0.0;1000000;304527245.0;0.0076;40045978966.0;596.015;15199.0;0.226;26.0;0.0;241533990038.0;3.595;128176525990.0;0.53;659.0;0.01;148327239509.0;0.6141;25277690692.0;0.1047;67189.495924;5.956;11.280687506
"./build/Benchmark/adevs_phold cpdevs -c 6 -n 6 -s 4 -i 0 -r 50 -p 0.0 -t 1000000";"adevs_phold";"cpdevs";6;6;4;0;50;0.0;1000000;307708169.0;0.0077;39830279191.0;591.15;15008.0;0.223;46.0;0.001;242240881728.0;3.595;127594069009.0;0.53;728.0;0.011;148989178744.0;0.615;25374947841.0;0.1048;67377.586469;5.958;11.309608566
"./build/Benchmark/adevs_phold cpdevs -c 6 -n 6 -s 4 -i 0 -r 50 -p 0.0 -t 1000000";"adevs_phold";"cpdevs";6;6;4;0;50;0.0;1000000;307576269.0;0.0077;39839724487.0;590.35;15120.0;0.224;49.0;0.001;242472605471.0;3.593;127896916206.0;0.53;663.0;0.01;148945722973.0;0.6143;25433359550.0;0.10490000000000001;67484.970271;5.953;11.337227438
"./build/Benchmark/adevs_phold cpdevs -c 6 -n 6 -s 4 -i 0 -r 50 -p 0.0 -t 1000000";"adevs_phold";"cpdevs";6;6;4;0;50;0.0;1000000;305132326.0;0.0077;39463090206.0;587.115;15977.0;0.238;34.0;0.001;241574838256.0;3.594;126712563671.0;0.52;670.0;0.01;147869446554.0;0.6121;26168859128.0;0.10830000000000001;67215.272891;5.953;11.290242056
"./build/Benchmark/adevs_phold cpdevs -c 6 -n 6 -s 4 -i 0 -r 50 -p 0.0 -t 1000000";"adevs_phold";"cpdevs";6;6;4;0;50;0.0;1000000;308664228.0;0.0077;40277180125.0;596.037;15929.0;0.236;51.0;0.001;242897823093.0;3.594;129144501165.0;0.53;688.0;0.01;148143290021.0;0.6099;26134452954.0;0.1076;67574.978679;5.954;11.350405069
"./build/Benchmark/adevs_phold cpdevs -c 6 -n 6 -s 4 -i 0 -r 50 -p 0.0 -t 1000000";"adevs_phold";"cpdevs";6;6;4;0;50;0.0;1000000;305011761.0;0.0078000000000000005;38863948078.0;580.383;14551.0;0.217;37.0;0.001;240724602021.0;3.595;125043425152.0;0.52;736.0;0.011;148092459869.0;0.6152000000000001;25662253430.0;0.1066;66962.631115;5.957;11.241432501
"./build/Benchmark/adevs_phold cpdevs -c 6 -n 6 -s 4 -i 0 -r 50 -p 0.0 -t 1000000";"adevs_phold";"cpdevs";6;6;4;0;50;0.0;1000000;306547494.0;0.0076;40123949530.0;596.302;14174.0;0.211;52.0;0.001;241700136896.0;3.592;128714804865.0;0.53;703.0;0.01;148647953507.0;0.615;24920636765.0;0.10310000000000001;67288.016248;5.952;11.305271259
"./build/Benchmark/adevs_phold cpdevs -c 6 -n 6 -s 4 -i 0 -r 60 -p 0.0 -t 1000000";"adevs_phold";"cpdevs";6;6;4;0;60;0.0;1000000;303007706.0;0.008;38010601493.0;570.398;13699.0;0.206;38.0;0.001;239450370919.0;3.593;122591645945.0;0.51;764.0;0.011;148574835329.0;0.6204999999999999;25124386247.0;0.10490000000000001;66638.757817;5.955;11.190903586
"./build/Benchmark/adevs_phold cpdevs -c 6 -n 6 -s 4 -i 0 -r 60 -p 0.0 -t 1000000";"adevs_phold";"cpdevs";6;6;4;0;60;0.0;1000000;306460831.0;0.0079;38939922516.0;585.119;16063.0;0.241;44.0;0.001;239216636801.0;3.595;125164487758.0;0.52;731.0;0.011;147988296872.0;0.6186;24457215761.0;0.10220000000000001;66550.400374;5.954;11.176691976
"./build/Benchmark/adevs_phold cpdevs -c 6 -n 6 -s 4 -i 0 -r 60 -p 0.0 -t 1000000";"adevs_phold";"cpdevs";6;6;4;0;60;0.0;1000000;303980745.0;0.0076;39999999734.0;596.743;14718.0;0.22;54.0;0.001;240867387777.0;3.593;128130077289.0;0.53;672.0;0.01;148551712856.0;0.6167;24276274621.0;0.1008;67030.533309;5.949;11.267617259
"./build/Benchmark/adevs_phold cpdevs -c 6 -n 6 -s 4 -i 0 -r 60 -p 0.0 -t 1000000";"adevs_phold";"cpdevs";6;6;4;0;60;0.0;1000000;303640685.0;0.0077;39579161515.0;592.212;14897.0;0.223;43.0;0.001;240224142175.0;3.594;126788338517.0;0.53;669.0;0.01;149065572454.0;0.6204999999999999;24564673442.0;0.1023;66832.730997;5.955;11.223698404
"./build/Benchmark/adevs_phold cpdevs -c 6 -n 6 -s 4 -i 0 -r 60 -p 0.0 -t 1000000";"adevs_phold";"cpdevs";6;6;4;0;60;0.0;1000000;302132074.0;0.0076;39960187456.0;595.86;14742.0;0.22;30.0;0.0;241011250872.0;3.594;128022658336.0;0.53;757.0;0.011;149051024391.0;0.6184000000000001;24375986187.0;0.1011;67063.062672;5.955;11.261626891
"./build/Benchmark/adevs_phold cpdevs -c 6 -n 6 -s 4 -i 0 -r 60 -p 0.0 -t 1000000";"adevs_phold";"cpdevs";6;6;4;0;60;0.0;1000000;306451482.0;0.0079;39035856672.0;582.659;14860.0;0.222;43.0;0.001;240809384927.0;3.594;125293137253.0;0.52;710.0;0.011;149082978984.0;0.6191;24917656953.0;0.1035;66996.041755;5.952;11.255324122
"./build/Benchmark/adevs_phold cpdevs -c 6 -n 6 -s 4 -i 0 -r 60 -p 0.0 -t 1000000";"adevs_phold";"cpdevs";6;6;4;0;60;0.0;1000000;307262142.0;0.0076;40442070989.0;605.833;14971.0;0.224;47.0;0.001;239928250650.0;3.594;129553322463.0;0.54;714.0;0.011;148729940003.0;0.6199;22964809753.0;0.09570000000000001;66754.519243;5.954;11.211247398
"./build/Benchmark/adevs_phold cpdevs -c 6 -n 6 -s 4 -i 0 -r 60 -p 0.0 -t 1000000";"adevs_phold";"cpdevs";6;6;4;0;60;0.0;1000000;308311217.0;0.0077;39800624668.0;594.192;14552.0;0.217;45.0;0.001;240744472367.0;3.594;127409615223.0;0.53;724.0;0.011;148465454902.0;0.6167;25082416337.0;0.1042;66982.744638;5.956;11.246848233
"./build/Benchmark/adevs_phold cpdevs -c 6 -n 6 -s 4 -i 0 -r 60 -p 0.0 -t 1000000";"adevs_phold";"cpdevs";6;6;4;0;60;0.0;1000000;305399215.0;0.0076;40186102400.0;600.011;14589.0;0.218;47.0;0.001;240604720795.0;3.592;128555847711.0;0.53;739.0;0.011;148269439073.0;0.6162;24636622753.0;0.1024;66975.6372;5.952;11.25302403
"./build/Benchmark/adevs_phold cpdevs -c 6 -n 6 -s 4 -i 0 -r 60 -p 0.0 -t 1000000";"adevs_phold";"cpdevs";6;6;4;0;60;0.0;1000000;303113463.0;0.0075;40262063420.0;604.655;15200.0;0.228;17.0;0.0;239372372965.0;3.595;128809776789.0;0.54;759.0;0.011;148861884129.0;0.6219;22881232708.0;0.0956;66586.864522;5.957;11.17703634
"./build/Benchmark/adevs_phold cpdevs -c 6 -n 6 -s 4 -i 0 -r 60 -p 0.0 -t 1000000";"adevs_phold";"cpdevs";6;6;4;0;60;0.0;1000000;306724166.0;0.0076;40453693889.0;607.313;14324.0;0.215;37.0;0.001;239411907567.0;3.594;129264146762.0;0.54;720.0;0.011;148150575752.0;0.6188;23375334746.0;0.09759999999999999;66610.936854;5.956;11.183531283
"./build/Benchmark/adevs_phold cpdevs -c 6 -n 6 -s 4 -i 0 -r 60 -p 0.0 -t 1000000";"adevs_phold";"cpdevs";6;6;4;0;60;0.0;1000000;305949091.0;0.0078000000000000005;39347180523.0;586.001;15011.0;0.224;37.0;0.001;241270232246.0;3.593;126524431925.0;0.52;712.0;0.011;149042166372.0;0.6177;24547241849.0;0.1017;67145.252578;5.953;11.279356792
"./build/Benchmark/adevs_phold cpdevs -c 6 -n 6 -s 4 -i 0 -r 60 -p 0.0 -t 1000000";"adevs_phold";"cpdevs";6;6;4;0;60;0.0;1000000;304736583.0;0.0076;40152295606.0;601.749;15341.0;0.23;50.0;0.001;239866585204.0;3.595;128447629912.0;0.54;727.0;0.011;148415804789.0;0.6187;23560836902.0;0.09820000000000001;66725.944652;5.951;11.21174793
"./build/Benchmark/adevs_phold cpdevs -c 6 -n 6 -s 4 -i 0 -r 60 -p 0.0 -t 1000000";"adevs_phold";"cpdevs";6;6;4;0;60;0.0;1000000;305705319.0;0.008;38410983274.0;572.145;15088.0;0.225;29.0;0.0;241296925649.0;3.594;123517353583.0;0.51;660.0;0.01;149013455090.0;0.6175999999999999;25862387138.0;0.1072;67134.994207;5.955;11.272964359
"./build/Benchmark/adevs_phold cpdevs -c 6 -n 6 -s 4 -i 0 -r 60 -p 0.0 -t 1000000";"adevs_phold";"cpdevs";6;6;4;0;60;0.0;1000000;308468893.0;0.0075;40906157170.0;610.733;15033.0;0.224;46.0;0.001;240775278137.0;3.595;130822638094.0;0.54;731.0;0.011;147953344406.0;0.6145;24061529997.0;0.0999;66978.75311;5.949;11.259240161
"./build/Benchmark/adevs_phold cpdevs -c 6 -n 6 -s 4 -i 0 -r 70 -p 0.0 -t 1000000";"adevs_phold";"cpdevs";6;6;4;0;70;0.0;1000000;303771019.0;0.008;38032466391.0;578.399;14587.0;0.222;34.0;0.001;236356652769.0;3.595;122412003744.0;0.52;666.0;0.01;147906173931.0;0.6258;23753721965.0;0.1005;65754.702576;5.955;11.042760861
"./build/Benchmark/adevs_phold cpdevs -c 6 -n 6 -s 4 -i 0 -r 70 -p 0.0 -t 1000000";"adevs_phold";"cpdevs";6;6;4;0;70;0.0;1000000;303533662.0;0.0079;38584544932.0;583.372;14210.0;0.215;46.0;0.001;237747050500.0;3.595;123917768511.0;0.52;671.0;0.01;147796369545.0;0.6217;23810199759.0;0.1001;66140.595017;5.958;11.101593289
"./build/Benchmark/adevs_phold cpdevs -c 6 -n 6 -s 4 -i 0 -r 70 -p 0.0 -t 1000000";"adevs_phold";"cpdevs";6;6;4;0;70;0.0;1000000;303580926.0;0.0079;38595676758.0;580.481;14590.0;0.219;34.0;0.001;238936529163.0;3.594;123930458068.0;0.52;736.0;0.011;148617790601.0;0.622;24153599370.0;0.1011;66489.155111;5.955;11.164644484
"./build/Benchmark/adevs_phold cpdevs -c 6 -n 6 -s 4 -i 0 -r 70 -p 0.0 -t 1000000";"adevs_phold";"cpdevs";6;6;4;0;70;0.0;1000000;302519550.0;0.008100000000000001;37439022055.0;563.305;13883.0;0.209;53.0;0.001;238857258623.0;3.594;120861763088.0;0.51;716.0;0.011;149042725854.0;0.624;24829987349.0;0.10400000000000001;66463.203576;5.955;11.161465538
"./build/Benchmark/adevs_phold cpdevs -c 6 -n 6 -s 4 -i 0 -r 70 -p 0.0 -t 1000000";"adevs_phold";"cpdevs";6;6;4;0;70;0.0;1000000;302160696.0;0.008;37833005556.0;571.235;14407.0;0.218;43.0;0.001;238115496899.0;3.595;121847402250.0;0.51;728.0;0.011;148122795074.0;0.6221;24772851983.0;0.10400000000000001;66230.226261;5.958;11.115934902
"./build/Benchmark/adevs_phold cpdevs -c 6 -n 6 -s 4 -i 0 -r 70 -p 0.0 -t 1000000";"adevs_phold";"cpdevs";6;6;4;0;70;0.0;1000000;303739418.0;0.0079;38310050517.0;576.026;15035.0;0.226;66.0;0.001;238917107158.0;3.592;123298469864.0;0.52;689.0;0.01;148842604562.0;0.623;24835866247.0;0.10400000000000001;66507.494749;5.949;11.178966822
"./build/Benchmark/adevs_phold cpdevs -c 6 -n 6 -s 4 -i 0 -r 70 -p 0.0 -t 1000000";"adevs_phold";"cpdevs";6;6;4;0;70;0.0;1000000;303497222.0;0.0079;38477579074.0;580.283;14833.0;0.224;50.0;0.001;238351657794.0;3.595;123477118810.0;0.52;683.0;0.01;148471737797.0;0.6229;24433984789.0;0.1025;66308.315874;5.951;11.143019137
"./build/Benchmark/adevs_phold cpdevs -c 6 -n 6 -s 4 -i 0 -r 70 -p 0.0 -t 1000000";"adevs_phold";"cpdevs";6;6;4;0;70;0.0;1000000;300286011.0;0.0076;39495335531.0;596.551;14382.0;0.217;51.0;0.001;237978517495.0;3.595;126325681669.0;0.53;762.0;0.012;148303629436.0;0.6232;23327105044.0;0.098;66206.169313;5.956;11.115736387
"./build/Benchmark/adevs_phold cpdevs -c 6 -n 6 -s 4 -i 0 -r 70 -p 0.0 -t 1000000";"adevs_phold";"cpdevs";6;6;4;0;70;0.0;1000000;304016757.0;0.008;38212779757.0;569.405;15382.0;0.229;33.0;0.0;241268424665.0;3.595;122866879531.0;0.51;753.0;0.011;149509447888.0;0.6197;25837861902.0;0.10710000000000001;67110.025586;5.951;11.277183009
"./build/Benchmark/adevs_phold cpdevs -c 6 -n 6 -s 4 -i 0 -r 70 -p 0.0 -t 1000000";"adevs_phold";"cpdevs";6;6;4;0;70;0.0;1000000;307818481.0;0.0078000000000000005;39561466248.0;591.941;15511.0;0.232;56.0;0.001;240186826366.0;3.594;126715818164.0;0.53;705.0;0.011;148776801985.0;0.6194;23973596769.0;0.0998;66833.43267;5.949;11.235112934
"./build/Benchmark/adevs_phold cpdevs -c 6 -n 6 -s 4 -i 0 -r 70 -p 0.0 -t 1000000";"adevs_phold";"cpdevs";6;6;4;0;70;0.0;1000000;304473721.0;0.0078000000000000005;38911065985.0;585.594;13817.0;0.208;30.0;0.0;238907765027.0;3.595;124807677202.0;0.52;678.0;0.01;148193908205.0;0.6203;24849484925.0;0.10400000000000001;66447.213762;5.959;11.149970122
"./build/Benchmark/adevs_phold cpdevs -c 6 -n 6 -s 4 -i 0 -r 70 -p 0.0 -t 1000000";"adevs_phold";"cpdevs";6;6;4;0;70;0.0;1000000;303508849.0;0.0078000000000000005;38996456526.0;587.35;13266.0;0.2;30.0;0.0;238631681118.0;3.594;125117623384.0;0.52;672.0;0.01;148990248672.0;0.6244;22970587302.0;0.09630000000000001;66393.892214;5.956;11.147330139
"./build/Benchmark/adevs_phold cpdevs -c 6 -n 6 -s 4 -i 0 -r 70 -p 0.0 -t 1000000";"adevs_phold";"cpdevs";6;6;4;0;70;0.0;1000000;315549031.0;0.008100000000000001;38777443248.0;581.26;15267.0;0.229;27.0;0.0;239903693521.0;3.596;124403527948.0;0.52;660.0;0.01;149580399846.0;0.6235;24471505962.0;0.102;66712.788017;5.961;11.192356586
"./build/Benchmark/adevs_phold cpdevs -c 6 -n 6 -s 4 -i 0 -r 70 -p 0.0 -t 1000000";"adevs_phold";"cpdevs";6;6;4;0;70;0.0;1000000;305735176.0;0.0077;39864147081.0;599.441;15787.0;0.237;37.0;0.001;239061684190.0;3.595;127554312773.0;0.53;665.0;0.01;148540089648.0;0.6213000000000001;23421699948.0;0.098;66502.241915;5.954;11.169459727
"./build/Benchmark/adevs_phold cpdevs -c 6 -n 6 -s 4 -i 0 -r 70 -p 0.0 -t 1000000";"adevs_phold";"cpdevs";6;6;4;0;70;0.0;1000000;302015557.0;0.0078000000000000005;38704019792.0;580.955;15925.0;0.239;45.0;0.001;239546725485.0;3.596;124054691819.0;0.52;680.0;0.01;149072666757.0;0.6223;24201530114.0;0.10099999999999999;66621.377139;5.956;11.186503386
"./build/Benchmark/adevs_phold cpdevs -c 6 -n 6 -s 4 -i 0 -r 80 -p 0.0 -t 1000000";"adevs_phold";"cpdevs";6;6;4;0;80;0.0;1000000;302378043.0;0.008;38020152368.0;572.731;14855.0;0.224;42.0;0.001;238672866948.0;3.595;122155687555.0;0.51;851.0;0.013;149376946731.0;0.6259;23772333120.0;0.09960000000000001;66383.992554;5.954;11.148603473
"./build/Benchmark/adevs_phold cpdevs -c 6 -n 6 -s 4 -i 0 -r 80 -p 0.0 -t 1000000";"adevs_phold";"cpdevs";6;6;4;0;80;0.0;1000000;301076431.0;0.0079;38154703497.0;576.26;17282.0;0.261;31.0;0.0;237953759519.0;3.594;122428617953.0;0.51;664.0;0.01;148964000942.0;0.626;23869808230.0;0.1003;66210.861627;5.953;11.122471774
"./build/Benchmark/adevs_phold cpdevs -c 6 -n 6 -s 4 -i 0 -r 80 -p 0.0 -t 1000000";"adevs_phold";"cpdevs";6;6;4;0;80;0.0;1000000;301660369.0;0.0079;38102892404.0;575.886;14801.0;0.224;39.0;0.001;237847817029.0;3.595;122575398748.0;0.52;661.0;0.01;149093174932.0;0.6268;23856476249.0;0.1003;66163.976622;5.952;11.116500555
"./build/Benchmark/adevs_phold cpdevs -c 6 -n 6 -s 4 -i 0 -r 80 -p 0.0 -t 1000000";"adevs_phold";"cpdevs";6;6;4;0;80;0.0;1000000;300953464.0;0.0078000000000000005;38435970339.0;582.001;15146.0;0.229;35.0;0.001;237381646828.0;3.594;123432750607.0;0.52;685.0;0.01;148020648936.0;0.6236;23898951296.0;0.1007;66041.074146;5.954;11.092049636
"./build/Benchmark/adevs_phold cpdevs -c 6 -n 6 -s 4 -i 0 -r 80 -p 0.0 -t 1000000";"adevs_phold";"cpdevs";6;6;4;0;80;0.0;1000000;302599220.0;0.008100000000000001;37463573990.0;566.879;14743.0;0.223;44.0;0.001;237578012596.0;3.595;120606058614.0;0.51;683.0;0.01;148960556808.0;0.627;24184387203.0;0.1018;66087.404249;5.955;11.09765836
"./build/Benchmark/adevs_phold cpdevs -c 6 -n 6 -s 4 -i 0 -r 80 -p 0.0 -t 1000000";"adevs_phold";"cpdevs";6;6;4;0;80;0.0;1000000;299370811.0;0.008;37381596711.0;566.094;15090.0;0.229;25.0;0.0;237340698007.0;3.594;120381137470.0;0.51;644.0;0.01;148623554709.0;0.6262;24392162600.0;0.10279999999999999;66034.302062;5.956;11.087445502
"./build/Benchmark/adevs_phold cpdevs -c 6 -n 6 -s 4 -i 0 -r 80 -p 0.0 -t 1000000";"adevs_phold";"cpdevs";6;6;4;0;80;0.0;1000000;299901164.0;0.0079;38189399157.0;576.501;14796.0;0.223;28.0;0.0;238146036269.0;3.595;122677530885.0;0.52;740.0;0.011;149285177770.0;0.6269;23354771811.0;0.0981;66243.459298;5.959;11.116744406
"./build/Benchmark/adevs_phold cpdevs -c 6 -n 6 -s 4 -i 0 -r 80 -p 0.0 -t 1000000";"adevs_phold";"cpdevs";6;6;4;0;80;0.0;1000000;301592101.0;0.0079;38177080100.0;578.719;14798.0;0.224;38.0;0.001;237083178258.0;3.594;122407839913.0;0.52;676.0;0.01;148278773775.0;0.6254;24167495996.0;0.10189999999999999;65968.264344;5.953;11.081882181
"./build/Benchmark/adevs_phold cpdevs -c 6 -n 6 -s 4 -i 0 -r 80 -p 0.0 -t 1000000";"adevs_phold";"cpdevs";6;6;4;0;80;0.0;1000000;301880995.0;0.008100000000000001;37437973059.0;570.108;14227.0;0.217;50.0;0.001;236025981977.0;3.594;120435820887.0;0.51;724.0;0.011;147944470316.0;0.6268;24298261738.0;0.10289999999999999;65668.167307;5.954;11.028567386
"./build/Benchmark/adevs_phold cpdevs -c 6 -n 6 -s 4 -i 0 -r 80 -p 0.0 -t 1000000";"adevs_phold";"cpdevs";6;6;4;0;80;0.0;1000000;299906780.0;0.008100000000000001;36998408032.0;557.029;14665.0;0.221;51.0;0.001;238767110737.0;3.595;119257514936.0;0.5;771.0;0.012;149552101789.0;0.6264;25061136135.0;0.105;66420.965501;5.957;11.149674262
"./build/Benchmark/adevs_phold cpdevs -c 6 -n 6 -s 4 -i 0 -r 80 -p 0.0 -t 1000000";"adevs_phold";"cpdevs";6;6;4;0;80;0.0;1000000;299385395.0;0.008;37600135290.0;570.441;15315.0;0.232;30.0;0.0;236863678382.0;3.594;121126207381.0;0.51;717.0;0.011;148048314985.0;0.625;24189998299.0;0.10210000000000001;65914.106418;5.95;11.078352097
"./build/Benchmark/adevs_phold cpdevs -c 6 -n 6 -s 4 -i 0 -r 80 -p 0.0 -t 1000000";"adevs_phold";"cpdevs";6;6;4;0;80;0.0;1000000;299925617.0;0.0079;37787897200.0;571.931;15299.0;0.232;45.0;0.001;237430893689.0;3.594;121471634761.0;0.51;747.0;0.011;149322276866.0;0.6289;23853393931.0;0.1005;66070.72569;5.953;11.098020944
"./build/Benchmark/adevs_phold cpdevs -c 6 -n 6 -s 4 -i 0 -r 80 -p 0.0 -t 1000000";"adevs_phold";"cpdevs";6;6;4;0;80;0.0;1000000;297581534.0;0.008100000000000001;36694721172.0;556.161;14410.0;0.218;41.0;0.001;237045900012.0;3.593;118448128443.0;0.5;713.0;0.011;148573526416.0;0.6268;24840436045.0;0.1048;65978.592364;5.952;11.084784753
"./build/Benchmark/adevs_phold cpdevs -c 6 -n 6 -s 4 -i 0 -r 80 -p 0.0 -t 1000000";"adevs_phold";"cpdevs";6;6;4;0;80;0.0;1000000;300393872.0;0.0078000000000000005;38279903883.0;578.191;15323.0;0.231;55.0;0.001;237888146221.0;3.593;122829396127.0;0.52;742.0;0.011;148504955513.0;0.6243;24311321516.0;0.10220000000000001;66206.369824;5.949;11.129392969
"./build/Benchmark/adevs_phold cpdevs -c 6 -n 6 -s 4 -i 0 -r 80 -p 0.0 -t 1000000";"adevs_phold";"cpdevs";6;6;4;0;80;0.0;1000000;299455309.0;0.0079;37880130375.0;576.956;14881.0;0.227;35.0;0.001;235905821381.0;3.593;121793215189.0;0.52;641.0;0.01;147881444222.0;0.6269;23433463917.0;0.0993;65655.184735;5.953;11.029556286
"./build/Benchmark/adevs_phold cpdevs -c 6 -n 6 -s 4 -i 0 -r 90 -p 0.0 -t 1000000";"adevs_phold";"cpdevs";6;6;4;0;90;0.0;1000000;301481577.0;0.008100000000000001;37363427989.0;570.103;14575.0;0.222;47.0;0.001;235588139676.0;3.595;120196523611.0;0.51;697.0;0.011;148618029136.0;0.6308;23181059834.0;0.0984;65538.008;5.956;11.004431832
"./build/Benchmark/adevs_phold cpdevs -c 6 -n 6 -s 4 -i 0 -r 90 -p 0.0 -t 1000000";"adevs_phold";"cpdevs";6;6;4;0;90;0.0;1000000;299418738.0;0.0083;36142457915.0;549.555;15120.0;0.23;54.0;0.001;236391593146.0;3.594;116938499928.0;0.49;719.0;0.011;149262006887.0;0.6314;24300132204.0;0.10279999999999999;65766.718326;5.954;11.045418826
"./build/Benchmark/adevs_phold cpdevs -c 6 -n 6 -s 4 -i 0 -r 90 -p 0.0 -t 1000000";"adevs_phold";"cpdevs";6;6;4;0;90;0.0;1000000;296355372.0;0.008199999999999999;36062357479.0;550.618;14550.0;0.222;23.0;0.0;235466345213.0;3.595;116565869989.0;0.5;653.0;0.01;148099366059.0;0.629;24562961989.0;0.1043;65494.373779;5.955;10.9986702
"./build/Benchmark/adevs_phold cpdevs -c 6 -n 6 -s 4 -i 0 -r 90 -p 0.0 -t 1000000";"adevs_phold";"cpdevs";6;6;4;0;90;0.0;1000000;298719457.0;0.008199999999999999;36353671519.0;551.942;14368.0;0.218;42.0;0.001;236762644567.0;3.595;117289854878.0;0.5;742.0;0.011;149195330114.0;0.6301;24390866393.0;0.10300000000000001;65865.068129;5.956;11.058887306
"./build/Benchmark/adevs_phold cpdevs -c 6 -n 6 -s 4 -i 0 -r 90 -p 0.0 -t 1000000";"adevs_phold";"cpdevs";6;6;4;0;90;0.0;1000000;297195757.0;0.008;36965560338.0;563.488;15396.0;0.235;32.0;0.0;235743374050.0;3.594;118960890441.0;0.5;647.0;0.01;149033453666.0;0.6322;23610717211.0;0.1002;65601.315174;5.954;11.017530228
"./build/Benchmark/adevs_phold cpdevs -c 6 -n 6 -s 4 -i 0 -r 90 -p 0.0 -t 1000000";"adevs_phold";"cpdevs";6;6;4;0;90;0.0;1000000;298480588.0;0.008;37496693368.0;570.471;14156.0;0.215;26.0;0.0;236243088731.0;3.594;120639644829.0;0.51;669.0;0.01;149111366749.0;0.6312;23195714202.0;0.09820000000000001;65729.342543;5.958;11.031308767
"./build/Benchmark/adevs_phold cpdevs -c 6 -n 6 -s 4 -i 0 -r 90 -p 0.0 -t 1000000";"adevs_phold";"cpdevs";6;6;4;0;90;0.0;1000000;301556923.0;0.008100000000000001;37039924327.0;567.84;13337.0;0.204;33.0;0.001;234479741599.0;3.595;119352481979.0;0.51;690.0;0.011;148315320453.0;0.6325;22765968244.0;0.0971;65229.509428;5.959;10.946672402
"./build/Benchmark/adevs_phold cpdevs -c 6 -n 6 -s 4 -i 0 -r 90 -p 0.0 -t 1000000";"adevs_phold";"cpdevs";6;6;4;0;90;0.0;1000000;297856081.0;0.008199999999999999;36185740154.0;555.053;14358.0;0.22;33.0;0.001;234328552645.0;3.594;116741342283.0;0.5;689.0;0.011;148517040305.0;0.6338;22914777112.0;0.0978;65193.310775;5.954;10.950172359
"./build/Benchmark/adevs_phold cpdevs -c 6 -n 6 -s 4 -i 0 -r 90 -p 0.0 -t 1000000";"adevs_phold";"cpdevs";6;6;4;0;90;0.0;1000000;298397538.0;0.0084;35663009108.0;546.04;13973.0;0.214;36.0;0.001;234690439534.0;3.593;115441982622.0;0.49;656.0;0.01;148317039976.0;0.632;24448711210.0;0.1042;65312.059602;5.956;10.96524653
"./build/Benchmark/adevs_phold cpdevs -c 6 -n 6 -s 4 -i 0 -r 90 -p 0.0 -t 1000000";"adevs_phold";"cpdevs";6;6;4;0;90;0.0;1000000;297357273.0;0.008199999999999999;36264260545.0;552.941;15113.0;0.23;37.0;0.001;235735073783.0;3.594;117327571559.0;0.5;775.0;0.012;148207467930.0;0.6286999999999999;24406444102.0;0.1035;65584.331752;5.954;11.015541599
"./build/Benchmark/adevs_phold cpdevs -c 6 -n 6 -s 4 -i 0 -r 90 -p 0.0 -t 1000000";"adevs_phold";"cpdevs";6;6;4;0;90;0.0;1000000;306442611.0;0.008199999999999999;37428333932.0;576.35;13490.0;0.208;38.0;0.001;233391468672.0;3.594;120549466383.0;0.52;718.0;0.011;147328369089.0;0.6313;22166751598.0;0.095;64940.312403;5.954;10.90744818
"./build/Benchmark/adevs_phold cpdevs -c 6 -n 6 -s 4 -i 0 -r 90 -p 0.0 -t 1000000";"adevs_phold";"cpdevs";6;6;4;0;90;0.0;1000000;297181601.0;0.0079;37836352559.0;578.018;14568.0;0.223;39.0;0.001;235379479380.0;3.596;121628760486.0;0.52;656.0;0.01;148545366685.0;0.6311;22446395803.0;0.09539999999999998;65458.763228;5.958;10.987254365
"./build/Benchmark/adevs_phold cpdevs -c 6 -n 6 -s 4 -i 0 -r 90 -p 0.0 -t 1000000";"adevs_phold";"cpdevs";6;6;4;0;90;0.0;1000000;321208345.0;0.0085;37727044190.0;572.034;14387.0;0.218;31.0;0.0;237040128528.0;3.594;121308839202.0;0.51;738.0;0.011;149307768841.0;0.6299;23534939044.0;0.0993;65952.460612;5.956;11.072387473
"./build/Benchmark/adevs_phold cpdevs -c 6 -n 6 -s 4 -i 0 -r 90 -p 0.0 -t 1000000";"adevs_phold";"cpdevs";6;6;4;0;90;0.0;1000000;306117354.0;0.008100000000000001;37579117576.0;575.808;14921.0;0.229;41.0;0.001;234567261883.0;3.594;120793942716.0;0.51;715.0;0.011;148323542829.0;0.6323;22258297433.0;0.0949;65263.327013;5.955;10.960080217
"./build/Benchmark/adevs_phold cpdevs -c 6 -n 6 -s 4 -i 0 -r 90 -p 0.0 -t 1000000";"adevs_phold";"cpdevs";6;6;4;0;90;0.0;1000000;299530932.0;0.008;37468008075.0;572.376;14662.0;0.224;33.0;0.001;235147147788.0;3.592;120542144172.0;0.51;680.0;0.01;148214000536.0;0.6303;23091624406.0;0.09820000000000001;65460.476012;5.952;10.998692271
