 "command";"executable";"width";"end time" ;"branch-misses";"branch-misses (of all branches          (61.44%))";"branches";"branches (M/sec)";"context-switches";"context-switches (K/sec)";"cpu-migrations";"cpu-migrations (K/sec)";"cycles";"cycles (GHz                      (61.59%))";"instructions";"instructions (insns per cycle)";"page-faults";"page-faults (M/sec)";"stalled-cycles-backend";"stalled-cycles-backend (backend  cycles idle)";"stalled-cycles-frontend";"stalled-cycles-frontend (frontend cycles idle)";"task-clock (msec)";"task-clock (CPUs utilized)";"time-elapsed (seconds)"
"./build/Benchmark/adevs_interconnect classic  -w 2 -t 4000000";"adevs_interconnect";2;4000000;2416.0;0.0003;9306799.0;1194.976;0.0;0.0;0.0;0.0;21667902.0;2.782;52495052.0;2.42;127.0;0.016;1911131.0;0.0882;4397446.0;0.2029;7.788273;0.974;0.007992339
"./build/Benchmark/adevs_interconnect classic  -w 2 -t 4000000";"adevs_interconnect";2;4000000;2230.0;0.0002;9300564.0;1211.909;0.0;0.0;0.0;0.0;21348628.0;2.782;52453528.0;2.46;122.0;0.016;1775312.0;0.0832;4254878.0;0.1993;7.674312;0.976;0.00786267
"./build/Benchmark/adevs_interconnect classic  -w 2 -t 4000000";"adevs_interconnect";2;4000000;2155.0;0.0002;9300016.0;1222.586;0.0;0.0;0.0;0.0;21160318.0;2.782;52456581.0;2.48;122.0;0.016;1746602.0;0.0825;3995988.0;0.1888;7.606841;0.976;0.007793492
"./build/Benchmark/adevs_interconnect classic  -w 2 -t 4000000";"adevs_interconnect";2;4000000;2249.0;0.0002;9302164.0;1210.293;0.0;0.0;0.0;0.0;21382818.0;2.782;52468693.0;2.45;123.0;0.016;1799868.0;0.0842;4297409.0;0.201;7.68588;0.975;0.007879557
"./build/Benchmark/adevs_interconnect classic  -w 2 -t 4000000";"adevs_interconnect";2;4000000;2251.0;0.0002;9308545.0;1202.101;0.0;0.0;0.0;0.0;21544675.0;2.782;52501738.0;2.44;125.0;0.016;1732254.0;0.08039999999999999;4458387.0;0.2069;7.74356;0.977;0.007923092
"./build/Benchmark/adevs_interconnect classic  -w 2 -t 4000000";"adevs_interconnect";2;4000000;2410.0;0.0003;9302973.0;1206.451;0.0;0.0;0.0;0.0;21451872.0;2.782;52467607.0;2.45;126.0;0.016;1820484.0;0.0849;4286201.0;0.1998;7.711027;0.976;0.007897219
"./build/Benchmark/adevs_interconnect classic  -w 2 -t 4000000";"adevs_interconnect";2;4000000;2622.0;0.0003;9303089.0;1187.652;0.0;0.0;0.0;0.0;21793649.0;2.782;52473061.0;2.41;122.0;0.016;1915473.0;0.08789999999999999;4578973.0;0.2101;7.833175;0.976;0.008022869
"./build/Benchmark/adevs_interconnect classic  -w 2 -t 4000000";"adevs_interconnect";2;4000000;2306.0;0.0002;9307040.0;1211.443;0.0;0.0;0.0;0.0;21373934.0;2.782;52492116.0;2.46;124.0;0.016;1821732.0;0.0852;4318439.0;0.20199999999999999;7.682604;0.977;0.007866861
"./build/Benchmark/adevs_interconnect classic  -w 2 -t 4000000";"adevs_interconnect";2;4000000;2292.0;0.0002;9306576.0;1203.853;0.0;0.0;0.0;0.0;21508363.0;2.782;52495016.0;2.44;127.0;0.016;1840342.0;0.08560000000000001;4372473.0;0.20329999999999998;7.730659;0.975;0.007925162
"./build/Benchmark/adevs_interconnect classic  -w 2 -t 4000000";"adevs_interconnect";2;4000000;2773.0;0.0003;9306666.0;1192.591;0.0;0.0;0.0;0.0;21712936.0;2.782;52492360.0;2.42;126.0;0.016;1929721.0;0.0889;4542409.0;0.20920000000000002;7.803737;0.976;0.007997392
"./build/Benchmark/adevs_interconnect classic  -w 2 -t 4000000";"adevs_interconnect";2;4000000;3053.0;0.0003;9305733.0;1211.99;0.0;0.0;0.0;0.0;21361787.0;2.782;52487424.0;2.46;126.0;0.016;1840696.0;0.0862;4229789.0;0.198;7.678059;0.977;0.007861525
"./build/Benchmark/adevs_interconnect classic  -w 2 -t 4000000";"adevs_interconnect";2;4000000;2731.0;0.0003;9302432.0;1187.45;0.0;0.0;0.0;0.0;21796766.0;2.782;52472490.0;2.41;123.0;0.016;1947146.0;0.08929999999999999;4521069.0;0.20739999999999997;7.833954;0.976;0.008026384
"./build/Benchmark/adevs_interconnect classic  -w 2 -t 4000000";"adevs_interconnect";2;4000000;2042.0;0.0002;9304949.0;1177.679;0.0;0.0;0.0;0.0;21987578.0;2.783;52480269.0;2.39;125.0;0.016;1731332.0;0.0787;4701867.0;0.2138;7.901091;0.977;0.008088421
"./build/Benchmark/adevs_interconnect classic  -w 2 -t 4000000";"adevs_interconnect";2;4000000;2340.0;0.0003;9301122.0;1198.446;0.0;0.0;0.0;0.0;21591802.0;2.782;52464090.0;2.43;123.0;0.016;1859238.0;0.0861;4348696.0;0.2014;7.760985;0.974;0.007970555
"./build/Benchmark/adevs_interconnect classic  -w 2 -t 4000000";"adevs_interconnect";2;4000000;2287.0;0.0002;9303556.0;1217.232;0.0;0.0;0.0;0.0;21262387.0;2.782;52472779.0;2.47;121.0;0.016;1780358.0;0.0837;4107023.0;0.1932;7.643205;0.976;0.007833497
"./build/Benchmark/adevs_interconnect classic  -w 2 -t 4000000";"adevs_interconnect";2;4000000;2150.0;0.0002;9305938.0;1173.217;0.0;0.0;0.0;0.0;22071256.0;2.783;52484461.0;2.38;126.0;0.016;1823098.0;0.08259999999999999;4836486.0;0.2191;7.931983;0.976;0.008124373
"./build/Benchmark/adevs_interconnect classic  -w 2 -t 4000000";"adevs_interconnect";2;4000000;2142.0;0.0002;9307105.0;1203.341;0.0;0.0;0.0;0.0;21522083.0;2.783;52494084.0;2.44;125.0;0.016;1834023.0;0.0852;4267350.0;0.19829999999999998;7.734389;0.972;0.007953389
"./build/Benchmark/adevs_interconnect classic  -w 2 -t 4000000";"adevs_interconnect";2;4000000;2372.0;0.0003;9301930.0;1210.017;0.0;0.0;0.0;0.0;21387795.0;2.782;52473666.0;2.45;121.0;0.016;1814267.0;0.0848;4264108.0;0.19940000000000002;7.687438;0.977;0.00787197
"./build/Benchmark/adevs_interconnect classic  -w 2 -t 4000000";"adevs_interconnect";2;4000000;3309.0;0.0004;9306203.0;1206.872;0.0;0.0;0.0;0.0;21451706.0;2.782;52490169.0;2.45;125.0;0.016;1850355.0;0.0863;4208415.0;0.1962;7.711008;0.976;0.007900131
"./build/Benchmark/adevs_interconnect classic  -w 2 -t 4000000";"adevs_interconnect";2;4000000;2182.0;0.0002;9300939.0;1207.493;0.0;0.0;0.0;0.0;21430648.0;2.782;52462725.0;2.45;121.0;0.016;1833841.0;0.08560000000000001;4264206.0;0.19899999999999998;7.702685;0.976;0.007889357
"./build/Benchmark/adevs_interconnect classic  -w 2 -t 4000000";"adevs_interconnect";2;4000000;2145.0;0.0002;9304818.0;1190.972;0.0;0.0;0.0;0.0;21735676.0;2.782;52480546.0;2.41;125.0;0.016;1826691.0;0.084;4473543.0;0.20579999999999998;7.812793;0.976;0.008001168
"./build/Benchmark/adevs_interconnect classic  -w 2 -t 4000000";"adevs_interconnect";2;4000000;2243.0;0.0002;9299999.0;1137.894;0.0;0.0;0.0;0.0;22743829.0;2.783;52457599.0;2.31;120.0;0.015;2386170.0;0.10490000000000001;5194735.0;0.2284;8.172993;0.978;0.008356584
"./build/Benchmark/adevs_interconnect classic  -w 2 -t 4000000";"adevs_interconnect";2;4000000;2281.0;0.0002;9302559.0;1218.723;0.0;0.0;0.0;0.0;21232799.0;2.782;52472778.0;2.47;123.0;0.016;1767186.0;0.0832;4052364.0;0.1909;7.633035;0.976;0.007818104
"./build/Benchmark/adevs_interconnect classic  -w 2 -t 4000000";"adevs_interconnect";2;4000000;2842.0;0.0003;9306194.0;1209.325;0.0;0.0;0.0;0.0;21407171.0;2.782;52493715.0;2.45;125.0;0.016;1818462.0;0.0849;4164342.0;0.1945;7.695364;0.976;0.007887597
"./build/Benchmark/adevs_interconnect classic  -w 2 -t 4000000";"adevs_interconnect";2;4000000;2388.0;0.0003;9308754.0;1157.167;0.0;0.0;0.0;0.0;22382171.0;2.782;52503046.0;2.35;127.0;0.016;2369164.0;0.1059;5027429.0;0.22460000000000002;8.044433;0.977;0.008230861
"./build/Benchmark/adevs_interconnect classic  -w 2 -t 4000000";"adevs_interconnect";2;4000000;2365.0;0.0003;9297850.0;1221.636;0.0;0.0;0.0;0.0;21172243.0;2.782;52442744.0;2.48;121.0;0.016;1793313.0;0.08470000000000001;4073868.0;0.1924;7.610985;0.976;0.007799675
"./build/Benchmark/adevs_interconnect classic  -w 2 -t 4000000";"adevs_interconnect";2;4000000;2582.0;0.0003;9303809.0;1209.895;0.0;0.0;1.0;0.13;21394371.0;2.782;52471608.0;2.45;124.0;0.016;1737084.0;0.0812;4301751.0;0.2011;7.689768;0.973;0.007901115
"./build/Benchmark/adevs_interconnect classic  -w 2 -t 4000000";"adevs_interconnect";2;4000000;2299.0;0.0002;9300293.0;1220.204;0.0;0.0;0.0;0.0;21205687.0;2.782;52462488.0;2.47;120.0;0.016;1692062.0;0.07980000000000001;4116339.0;0.1941;7.621914;0.974;0.00782326
"./build/Benchmark/adevs_interconnect classic  -w 2 -t 4000000";"adevs_interconnect";2;4000000;2262.0;0.0002;9303740.0;1178.669;0.0;0.0;0.0;0.0;21962116.0;2.782;52470786.0;2.39;126.0;0.016;1860686.0;0.08470000000000001;4719831.0;0.21489999999999998;7.893426;0.977;0.008080531
"./build/Benchmark/adevs_interconnect classic  -w 2 -t 4000000";"adevs_interconnect";2;4000000;2299.0;0.0002;9301881.0;1142.366;0.0;0.0;0.0;0.0;22660909.0;2.783;52467598.0;2.32;123.0;0.015;2270860.0;0.1002;4657190.0;0.20550000000000002;8.142644;0.974;0.008361209
"./build/Benchmark/adevs_interconnect classic  -w 2 -t 4000000";"adevs_interconnect";2;4000000;2575.0;0.0003;9302880.0;1204.612;0.0;0.0;0.0;0.0;21485012.0;2.782;52477613.0;2.44;122.0;0.016;1798452.0;0.0837;4237623.0;0.1972;7.72272;0.976;0.007915879
"./build/Benchmark/adevs_interconnect classic  -w 2 -t 4000000";"adevs_interconnect";2;4000000;2360.0;0.0003;9303891.0;1215.213;0.0;0.0;0.0;0.0;21297630.0;2.782;52483564.0;2.46;121.0;0.016;1783191.0;0.0837;4069070.0;0.1911;7.65618;0.976;0.007845349
"./build/Benchmark/adevs_interconnect classic  -w 2 -t 4000000";"adevs_interconnect";2;4000000;2161.0;0.0002;9299080.0;1220.104;0.0;0.0;0.0;0.0;21202891.0;2.782;52454612.0;2.47;119.0;0.016;1762708.0;0.08310000000000001;4003089.0;0.1888;7.621547;0.977;0.007803035
"./build/Benchmark/adevs_interconnect classic  -w 2 -t 4000000";"adevs_interconnect";2;4000000;2217.0;0.0002;9306324.0;1188.061;0.0;0.0;0.0;0.0;21792510.0;2.782;52489466.0;2.41;125.0;0.016;1905581.0;0.0874;4524113.0;0.2076;7.833207;0.977;0.00801996
"./build/Benchmark/adevs_interconnect classic  -w 2 -t 4000000";"adevs_interconnect";2;4000000;2135.0;0.0002;9299999.0;1216.637;0.0;0.0;0.0;0.0;21265109.0;2.782;52456777.0;2.47;122.0;0.016;1723541.0;0.08109999999999999;4112520.0;0.1934;7.644024;0.976;0.007830559
"./build/Benchmark/adevs_interconnect classic  -w 2 -t 4000000";"adevs_interconnect";2;4000000;2108.0;0.0002;9305015.0;1216.726;0.0;0.0;0.0;0.0;21275782.0;2.782;52482998.0;2.47;124.0;0.016;1785202.0;0.0839;4141087.0;0.1946;7.647585;0.976;0.007833353
"./build/Benchmark/adevs_interconnect classic  -w 2 -t 4000000";"adevs_interconnect";2;4000000;2222.0;0.0002;9306752.0;1142.336;0.0;0.0;0.0;0.0;22674095.0;2.783;52490995.0;2.32;127.0;0.016;2342942.0;0.1033;5140552.0;0.2267;8.147124;0.977;0.008336659
"./build/Benchmark/adevs_interconnect classic  -w 2 -t 4000000";"adevs_interconnect";2;4000000;2066.0;0.0002;9301146.0;1171.966;0.0;0.0;0.0;0.0;22083667.0;2.783;52468531.0;2.38;122.0;0.015;1931716.0;0.0875;4891221.0;0.22149999999999997;7.936362;0.977;0.008123354
"./build/Benchmark/adevs_interconnect classic  -w 2 -t 4000000";"adevs_interconnect";2;4000000;2348.0;0.0003;9303397.0;1214.213;0.0;0.0;0.0;0.0;21316304.0;2.782;52474424.0;2.46;122.0;0.016;1775273.0;0.0833;4155855.0;0.195;7.662078;0.975;0.00785962
"./build/Benchmark/adevs_interconnect classic  -w 2 -t 4000000";"adevs_interconnect";2;4000000;2529.0;0.0003;9307415.0;1213.273;0.0;0.0;0.0;0.0;21340245.0;2.782;52494753.0;2.46;125.0;0.016;1791805.0;0.084;4211930.0;0.1974;7.671326;0.976;0.007862685
"./build/Benchmark/adevs_interconnect classic  -w 2 -t 4000000";"adevs_interconnect";2;4000000;2321.0;0.0002;9302095.0;1217.764;0.0;0.0;0.0;0.0;21248996.0;2.782;52474479.0;2.47;122.0;0.016;1771369.0;0.0834;4127781.0;0.1943;7.638665;0.975;0.007831933
"./build/Benchmark/adevs_interconnect classic  -w 2 -t 4000000";"adevs_interconnect";2;4000000;2324.0;0.0002;9305534.0;1186.8;0.0;0.0;0.0;0.0;21819330.0;2.783;52485706.0;2.41;124.0;0.016;1854940.0;0.085;4586621.0;0.2102;7.840858;0.975;0.008039605
"./build/Benchmark/adevs_interconnect classic  -w 2 -t 4000000";"adevs_interconnect";2;4000000;2194.0;0.0002;9306319.0;1210.176;0.0;0.0;0.0;0.0;21393674.0;2.782;52490827.0;2.45;126.0;0.016;1749946.0;0.0818;4291758.0;0.2006;7.690055;0.976;0.007876019
"./build/Benchmark/adevs_interconnect classic  -w 2 -t 4000000";"adevs_interconnect";2;4000000;2542.0;0.0003;9307714.0;1207.796;0.0;0.0;1.0;0.13;21436358.0;2.782;52495598.0;2.45;125.0;0.016;1856813.0;0.0866;4246662.0;0.1981;7.70636;0.976;0.007895565
"./build/Benchmark/adevs_interconnect classic  -w 2 -t 4000000";"adevs_interconnect";2;4000000;1127.0;0.0001;8779639.0;483.298;0.0;0.0;0.0;0.0;21752604.0;1.197;49315665.0;2.27;125.0;0.007;1983450.0;0.09119999999999999;5075985.0;0.2334;18.166089;0.97;0.018724407
"./build/Benchmark/adevs_interconnect classic  -w 2 -t 4000000";"adevs_interconnect";2;4000000;2412.0;0.0003;9305961.0;1217.348;0.0;0.0;0.0;0.0;21265728.0;2.782;52488091.0;2.47;124.0;0.016;1749249.0;0.0823;4158188.0;0.1955;7.644456;0.976;0.007831091
"./build/Benchmark/adevs_interconnect classic  -w 2 -t 4000000";"adevs_interconnect";2;4000000;2236.0;0.0002;9298516.0;1225.506;0.0;0.0;0.0;0.0;21106291.0;2.782;52450397.0;2.49;120.0;0.016;1754885.0;0.08310000000000001;3990213.0;0.1891;7.58749;0.976;0.007770709
"./build/Benchmark/adevs_interconnect classic  -w 2 -t 4000000";"adevs_interconnect";2;4000000;2359.0;0.0003;9301644.0;1210.108;0.0;0.0;0.0;0.0;21383803.0;2.782;52467523.0;2.45;122.0;0.016;1768945.0;0.0827;4217480.0;0.1972;7.686624;0.977;0.007871398
"./build/Benchmark/adevs_interconnect classic  -w 2 -t 4000000";"adevs_interconnect";2;4000000;3412.0;0.0004;9305814.0;1210.401;0.0;0.0;0.0;0.0;21388805.0;2.782;52491238.0;2.45;125.0;0.016;1841187.0;0.0861;4196655.0;0.1962;7.688209;0.976;0.00787864
"./build/Benchmark/adevs_interconnect classic  -w 2 -t 4000000";"adevs_interconnect";2;4000000;2121.0;0.0002;9305673.0;1191.747;0.0;0.0;0.0;0.0;21722645.0;2.782;52487446.0;2.42;124.0;0.016;1819097.0;0.0837;4478244.0;0.20620000000000002;7.80843;0.977;0.007995702
"./build/Benchmark/adevs_interconnect classic  -w 4 -t 4000000";"adevs_interconnect";4;4000000;52601.0;0.0025;21395125.0;1065.772;0.0;0.0;1.0;0.05;55904464.0;2.785;126055639.0;2.25;127.0;0.006;5808575.0;0.1039;17209343.0;0.3078;20.074763;0.992;0.02024227
"./build/Benchmark/adevs_interconnect classic  -w 4 -t 4000000";"adevs_interconnect";4;4000000;44698.0;0.0021;21391258.0;1093.364;0.0;0.0;0.0;0.0;54471699.0;2.784;126127412.0;2.32;124.0;0.006;5213292.0;0.09570000000000001;16324639.0;0.29969999999999997;19.564627;0.991;0.019739264
"./build/Benchmark/adevs_interconnect classic  -w 4 -t 4000000";"adevs_interconnect";4;4000000;41610.0;0.0019;21373835.0;1068.907;0.0;0.0;2.0;0.1;55681544.0;2.785;126162688.0;2.27;127.0;0.006;5504952.0;0.0989;17655244.0;0.3171;19.995977;0.992;0.020165778
"./build/Benchmark/adevs_interconnect classic  -w 4 -t 4000000";"adevs_interconnect";4;4000000;45112.0;0.0021;21379183.0;1088.382;0.0;0.0;1.0;0.051;54696255.0;2.785;126035462.0;2.3;122.0;0.006;5304521.0;0.09699999999999999;16510577.0;0.3019;19.64308;0.991;0.019820017
"./build/Benchmark/adevs_interconnect classic  -w 4 -t 4000000";"adevs_interconnect";4;4000000;44867.0;0.0021;21394988.0;1084.939;0.0;0.0;0.0;0.0;54907275.0;2.784;126158390.0;2.3;128.0;0.006;5452502.0;0.0993;16648165.0;0.3032;19.719994;0.991;0.019898397
"./build/Benchmark/adevs_interconnect classic  -w 4 -t 4000000";"adevs_interconnect";4;4000000;37582.0;0.0018;21373842.0;1082.474;0.0;0.0;0.0;0.0;54976919.0;2.784;125991043.0;2.29;126.0;0.006;5321116.0;0.0968;16822432.0;0.306;19.74537;0.991;0.019921334
"./build/Benchmark/adevs_interconnect classic  -w 4 -t 4000000";"adevs_interconnect";4;4000000;62403.0;0.0029;21407480.0;1074.599;0.0;0.0;1.0;0.05;55472595.0;2.785;126171665.0;2.27;126.0;0.006;5675734.0;0.1023;16810701.0;0.303;19.921357;0.991;0.020094719
"./build/Benchmark/adevs_interconnect classic  -w 4 -t 4000000";"adevs_interconnect";4;4000000;47512.0;0.0022;21407492.0;1089.749;0.0;0.0;0.0;0.0;54696585.0;2.784;126111020.0;2.31;125.0;0.006;5312418.0;0.0971;16552539.0;0.30260000000000004;19.644418;0.991;0.019824612
"./build/Benchmark/adevs_interconnect classic  -w 4 -t 4000000";"adevs_interconnect";4;4000000;50251.0;0.0023;21420160.0;1064.347;1.0;0.05;1.0;0.05;56032060.0;2.784;126000512.0;2.25;123.0;0.006;5812613.0;0.10369999999999999;17390234.0;0.3104;20.125167;0.991;0.020310814
"./build/Benchmark/adevs_interconnect classic  -w 4 -t 4000000";"adevs_interconnect";4;4000000;47141.0;0.0022;21384730.0;1078.458;0.0;0.0;0.0;0.0;55212983.0;2.784;126068430.0;2.28;125.0;0.006;5367096.0;0.09720000000000001;17123617.0;0.31010000000000004;19.828995;0.992;0.019996295
"./build/Benchmark/adevs_interconnect classic  -w 4 -t 4000000";"adevs_interconnect";4;4000000;40333.0;0.0019;21397870.0;1073.56;0.0;0.0;1.0;0.05;55501663.0;2.785;126123547.0;2.27;125.0;0.006;5635885.0;0.1015;17382935.0;0.3132;19.931691;0.99;0.020125764
"./build/Benchmark/adevs_interconnect classic  -w 4 -t 4000000";"adevs_interconnect";4;4000000;45782.0;0.0021;21364008.0;1073.391;0.0;0.0;0.0;0.0;55418924.0;2.784;125941426.0;2.27;126.0;0.006;5613927.0;0.1013;17109665.0;0.30870000000000003;19.903292;0.992;0.020068326
"./build/Benchmark/adevs_interconnect classic  -w 4 -t 4000000";"adevs_interconnect";4;4000000;57265.0;0.0027;21389792.0;1068.401;0.0;0.0;0.0;0.0;55747029.0;2.785;126002921.0;2.26;125.0;0.006;5825099.0;0.1045;17026738.0;0.3054;20.020371;0.992;0.020190154
"./build/Benchmark/adevs_interconnect classic  -w 4 -t 4000000";"adevs_interconnect";4;4000000;39390.0;0.0018;21389845.0;1071.321;1.0;0.05;1.0;0.05;55589744.0;2.784;126021396.0;2.27;121.0;0.006;5807275.0;0.1045;17483404.0;0.3145;19.965859;0.991;0.020144867
"./build/Benchmark/adevs_interconnect classic  -w 4 -t 4000000";"adevs_interconnect";4;4000000;52346.0;0.0024;21391611.0;1045.672;0.0;0.0;0.0;0.0;56964853.0;2.785;126011395.0;2.21;123.0;0.006;6137952.0;0.10769999999999999;18411480.0;0.3232;20.457294;0.991;0.020633116
"./build/Benchmark/adevs_interconnect classic  -w 4 -t 4000000";"adevs_interconnect";4;4000000;42563.0;0.002;21391952.0;1086.03;0.0;0.0;0.0;0.0;54845752.0;2.784;126049306.0;2.3;122.0;0.006;5269883.0;0.09609999999999999;16747030.0;0.3053;19.697391;0.992;0.019860445
"./build/Benchmark/adevs_interconnect classic  -w 4 -t 4000000";"adevs_interconnect";4;4000000;42677.0;0.002;21375289.0;1092.299;0.0;0.0;0.0;0.0;54485954.0;2.784;126143393.0;2.32;122.0;0.006;5219640.0;0.0958;16453005.0;0.302;19.569086;0.991;0.019744943
"./build/Benchmark/adevs_interconnect classic  -w 4 -t 4000000";"adevs_interconnect";4;4000000;47343.0;0.0022;21385938.0;1089.559;0.0;0.0;0.0;0.0;54651103.0;2.784;126072545.0;2.31;125.0;0.006;5329016.0;0.0975;16474254.0;0.3014;19.628067;0.991;0.019803052
"./build/Benchmark/adevs_interconnect classic  -w 4 -t 4000000";"adevs_interconnect";4;4000000;50803.0;0.0024;21393610.0;1069.063;0.0;0.0;0.0;0.0;55725226.0;2.785;126019402.0;2.26;123.0;0.006;5686534.0;0.102;17278867.0;0.31010000000000004;20.011556;0.992;0.020178182
"./build/Benchmark/adevs_interconnect classic  -w 4 -t 4000000";"adevs_interconnect";4;4000000;75968.0;0.0034999999999999996;21441550.0;1040.747;0.0;0.0;0.0;0.0;57376606.0;2.785;126071367.0;2.2;123.0;0.006;6464135.0;0.1127;17910544.0;0.3122;20.602087;0.992;0.020766607
"./build/Benchmark/adevs_interconnect classic  -w 4 -t 4000000";"adevs_interconnect";4;4000000;44581.0;0.0021;21409801.0;1046.048;0.0;0.0;0.0;0.0;57000752.0;2.785;126146453.0;2.21;122.0;0.006;5947478.0;0.1043;18507096.0;0.3247;20.467313;0.992;0.020631278
"./build/Benchmark/adevs_interconnect classic  -w 4 -t 4000000";"adevs_interconnect";4;4000000;76189.0;0.0036;21404122.0;1037.818;0.0;0.0;0.0;0.0;57432165.0;2.785;126225771.0;2.2;123.0;0.006;6468853.0;0.11259999999999999;17958827.0;0.3127;20.624151;0.991;0.020802527
"./build/Benchmark/adevs_interconnect classic  -w 4 -t 4000000";"adevs_interconnect";4;4000000;39983.0;0.0019;21390431.0;1086.022;0.0;0.0;0.0;0.0;54841482.0;2.784;126091627.0;2.3;128.0;0.006;5328817.0;0.09720000000000001;16661303.0;0.3038;19.696124;0.991;0.019868487
"./build/Benchmark/adevs_interconnect classic  -w 4 -t 4000000";"adevs_interconnect";4;4000000;42202.0;0.002;21391534.0;1085.05;0.0;0.0;1.0;0.051;54896044.0;2.785;126187460.0;2.3;126.0;0.006;5025562.0;0.0915;17147341.0;0.3124;19.714799;0.991;0.019884368
"./build/Benchmark/adevs_interconnect classic  -w 4 -t 4000000";"adevs_interconnect";4;4000000;50575.0;0.0024;21400081.0;1083.611;0.0;0.0;1.0;0.051;54990141.0;2.784;126107925.0;2.29;127.0;0.006;5494240.0;0.0999;16527804.0;0.3006;19.748861;0.991;0.019919234
"./build/Benchmark/adevs_interconnect classic  -w 4 -t 4000000";"adevs_interconnect";4;4000000;42243.0;0.002;21371226.0;1099.786;0.0;0.0;1.0;0.051;54106557.0;2.784;126126570.0;2.33;126.0;0.006;4961552.0;0.0917;16009755.0;0.2959;19.432172;0.992;0.019597885
"./build/Benchmark/adevs_interconnect classic  -w 4 -t 4000000";"adevs_interconnect";4;4000000;58875.0;0.0028000000000000004;21405395.0;1040.787;0.0;0.0;0.0;0.0;57267898.0;2.785;126189622.0;2.2;128.0;0.006;6226224.0;0.10869999999999999;18289502.0;0.3194;20.566557;0.991;0.02074675
"./build/Benchmark/adevs_interconnect classic  -w 4 -t 4000000";"adevs_interconnect";4;4000000;41888.0;0.002;21363139.0;1073.151;0.0;0.0;1.0;0.05;55432406.0;2.785;125983417.0;2.27;126.0;0.006;5481591.0;0.0989;17443784.0;0.3147;19.906924;0.991;0.020084728
"./build/Benchmark/adevs_interconnect classic  -w 4 -t 4000000";"adevs_interconnect";4;4000000;45454.0;0.0021;21373853.0;1097.775;0.0;0.0;0.0;0.0;54212185.0;2.784;125891411.0;2.32;127.0;0.007;5123144.0;0.09449999999999999;16042753.0;0.2959;19.470159;0.991;0.019649699
"./build/Benchmark/adevs_interconnect classic  -w 4 -t 4000000";"adevs_interconnect";4;4000000;45940.0;0.0021;21396874.0;1085.707;0.0;0.0;1.0;0.051;54876421.0;2.785;126054788.0;2.3;122.0;0.006;5322587.0;0.09699999999999999;16660009.0;0.3036;19.707783;0.991;0.019878454
"./build/Benchmark/adevs_interconnect classic  -w 4 -t 4000000";"adevs_interconnect";4;4000000;47267.0;0.0022;21384618.0;1084.415;0.0;0.0;0.0;0.0;54911408.0;2.785;126055965.0;2.3;127.0;0.006;5339982.0;0.09720000000000001;16739616.0;0.3048;19.719963;0.991;0.019893783
"./build/Benchmark/adevs_interconnect classic  -w 4 -t 4000000";"adevs_interconnect";4;4000000;42881.0;0.002;21372436.0;1080.995;0.0;0.0;0.0;0.0;55049341.0;2.784;126033118.0;2.29;125.0;0.006;5161364.0;0.09380000000000001;17414021.0;0.31629999999999997;19.771082;0.992;0.019937396
"./build/Benchmark/adevs_interconnect classic  -w 4 -t 4000000";"adevs_interconnect";4;4000000;41610.0;0.0019;21408351.0;1073.583;0.0;0.0;1.0;0.05;55526572.0;2.785;126015628.0;2.27;127.0;0.006;5573298.0;0.10039999999999999;17444795.0;0.31420000000000003;19.941027;0.992;0.020101888
"./build/Benchmark/adevs_interconnect classic  -w 4 -t 4000000";"adevs_interconnect";4;4000000;49344.0;0.0023;21392685.0;1072.91;0.0;0.0;0.0;0.0;55520145.0;2.785;126130169.0;2.27;125.0;0.006;5610326.0;0.1011;17062481.0;0.3073;19.938942;0.992;0.020104215
"./build/Benchmark/adevs_interconnect classic  -w 4 -t 4000000";"adevs_interconnect";4;4000000;93733.0;0.0044;21392783.0;1014.138;0.0;0.0;0.0;0.0;58545053.0;2.775;126244590.0;2.16;125.0;0.006;7093774.0;0.12119999999999999;18903861.0;0.32289999999999996;21.094549;0.992;0.021264626
"./build/Benchmark/adevs_interconnect classic  -w 4 -t 4000000";"adevs_interconnect";4;4000000;59917.0;0.0028000000000000004;21399037.0;1032.43;0.0;0.0;0.0;0.0;57715563.0;2.785;126087589.0;2.18;122.0;0.006;6694879.0;0.11599999999999999;18646609.0;0.3231;20.726866;0.992;0.020895842
"./build/Benchmark/adevs_interconnect classic  -w 4 -t 4000000";"adevs_interconnect";4;4000000;50644.0;0.0024;21381663.0;1038.84;0.0;0.0;0.0;0.0;57315263.0;2.785;126230432.0;2.2;122.0;0.006;6160625.0;0.1075;18965128.0;0.3309;20.582253;0.992;0.020754646
"./build/Benchmark/adevs_interconnect classic  -w 4 -t 4000000";"adevs_interconnect";4;4000000;57054.0;0.0027;21392869.0;1047.047;0.0;0.0;0.0;0.0;56893274.0;2.785;126270391.0;2.22;125.0;0.006;6278563.0;0.1104;18194503.0;0.31980000000000003;20.431629;0.992;0.020602755
"./build/Benchmark/adevs_interconnect classic  -w 4 -t 4000000";"adevs_interconnect";4;4000000;51474.0;0.0024;21404011.0;1070.171;0.0;0.0;1.0;0.05;55694202.0;2.785;126106187.0;2.26;126.0;0.006;5730800.0;0.10289999999999999;16988912.0;0.305;20.00055;0.991;0.02017343
"./build/Benchmark/adevs_interconnect classic  -w 4 -t 4000000";"adevs_interconnect";4;4000000;43053.0;0.002;21380887.0;1092.366;1.0;0.051;0.0;0.0;54493889.0;2.784;125819505.0;2.31;125.0;0.006;5181514.0;0.0951;16408387.0;0.3011;19.573002;0.99;0.019766464
"./build/Benchmark/adevs_interconnect classic  -w 4 -t 4000000";"adevs_interconnect";4;4000000;37452.0;0.0018;21390891.0;1063.236;0.0;0.0;0.0;0.0;56024478.0;2.785;126034046.0;2.25;122.0;0.006;5695077.0;0.1017;17978755.0;0.3209;20.11867;0.991;0.020301876
"./build/Benchmark/adevs_interconnect classic  -w 4 -t 4000000";"adevs_interconnect";4;4000000;64509.0;0.003;21398448.0;1073.148;0.0;0.0;1.0;0.05;55525226.0;2.785;126037287.0;2.27;126.0;0.006;5401086.0;0.0973;16927702.0;0.3049;19.939886;0.99;0.020135388
"./build/Benchmark/adevs_interconnect classic  -w 4 -t 4000000";"adevs_interconnect";4;4000000;52940.0;0.0025;21393019.0;1036.304;0.0;0.0;0.0;0.0;57489602.0;2.785;126065536.0;2.19;126.0;0.006;6495581.0;0.113;18808202.0;0.3272;20.643577;0.992;0.020815566
"./build/Benchmark/adevs_interconnect classic  -w 4 -t 4000000";"adevs_interconnect";4;4000000;48496.0;0.0023;21389006.0;1071.922;0.0;0.0;2.0;0.1;55565974.0;2.785;126039976.0;2.27;126.0;0.006;5525581.0;0.09939999999999999;17286675.0;0.3111;19.953878;0.991;0.020125734
"./build/Benchmark/adevs_interconnect classic  -w 4 -t 4000000";"adevs_interconnect";4;4000000;44928.0;0.0021;21393543.0;1070.865;0.0;0.0;0.0;0.0;55631988.0;2.785;126125223.0;2.27;127.0;0.006;5485073.0;0.0986;17499572.0;0.3146;19.977809;0.992;0.020148782
"./build/Benchmark/adevs_interconnect classic  -w 4 -t 4000000";"adevs_interconnect";4;4000000;43178.0;0.002;21392571.0;1095.103;0.0;0.0;0.0;0.0;54394611.0;2.785;126020852.0;2.32;125.0;0.006;5155859.0;0.09480000000000001;16304616.0;0.29969999999999997;19.534761;0.992;0.019696347
"./build/Benchmark/adevs_interconnect classic  -w 4 -t 4000000";"adevs_interconnect";4;4000000;39173.0;0.0018;21387932.0;1080.514;0.0;0.0;0.0;0.0;55111178.0;2.784;126114147.0;2.29;122.0;0.006;5392899.0;0.09789999999999999;17129847.0;0.31079999999999997;19.794229;0.991;0.019968809
"./build/Benchmark/adevs_interconnect classic  -w 4 -t 4000000";"adevs_interconnect";4;4000000;53518.0;0.0025;21357794.0;1073.477;0.0;0.0;0.0;0.0;55397655.0;2.784;125928597.0;2.27;128.0;0.006;5659738.0;0.10220000000000001;16826265.0;0.3037;19.895909;0.991;0.0200712
"./build/Benchmark/adevs_interconnect classic  -w 4 -t 4000000";"adevs_interconnect";4;4000000;38149.0;0.0018;21397339.0;1088.08;0.0;0.0;1.0;0.051;54758306.0;2.785;125894371.0;2.3;125.0;0.006;5275635.0;0.09630000000000001;16576314.0;0.30269999999999997;19.665223;0.991;0.019834287
"./build/Benchmark/adevs_interconnect classic  -w 4 -t 4000000";"adevs_interconnect";4;4000000;45320.0;0.0021;21408103.0;1089.133;0.0;0.0;2.0;0.102;54733290.0;2.785;126041745.0;2.3;125.0;0.006;5386529.0;0.0984;16463506.0;0.30079999999999996;19.6561;0.991;0.019827005
"./build/Benchmark/adevs_interconnect classic  -w 8 -t 4000000";"adevs_interconnect";8;4000000;187239.0;0.0033;57432055.0;994.597;0.0;0.0;0.0;0.0;158903030.0;2.752;352563612.0;2.22;123.0;0.002;15900690.0;0.1001;57041019.0;0.359;57.744032;0.997;0.057905933
"./build/Benchmark/adevs_interconnect classic  -w 8 -t 4000000";"adevs_interconnect";8;4000000;181945.0;0.0032;57355794.0;1005.789;1.0;0.018;0.0;0.0;163711790.0;2.871;352962844.0;2.16;126.0;0.002;17536574.0;0.10710000000000001;59053212.0;0.3607;57.025678;0.997;0.057194782
"./build/Benchmark/adevs_interconnect classic  -w 8 -t 4000000";"adevs_interconnect";8;4000000;235659.0;0.0040999999999999995;57382839.0;955.377;0.0;0.0;0.0;0.0;161181790.0;2.684;353032445.0;2.19;126.0;0.002;18525113.0;0.1149;64833376.0;0.4022;60.063013;0.998;0.060191756
"./build/Benchmark/adevs_interconnect classic  -w 8 -t 4000000";"adevs_interconnect";8;4000000;235015.0;0.0040999999999999995;57448020.0;949.53;1.0;0.017;0.0;0.0;168469387.0;2.785;352805143.0;2.09;128.0;0.002;18948797.0;0.1125;62086425.0;0.3685;60.501502;0.997;0.060666568
"./build/Benchmark/adevs_interconnect classic  -w 8 -t 4000000";"adevs_interconnect";8;4000000;191712.0;0.0033;57413662.0;983.213;0.0;0.0;0.0;0.0;158836917.0;2.72;352619144.0;2.22;124.0;0.002;16916191.0;0.1065;58531603.0;0.3685;58.393926;0.998;0.058525817
"./build/Benchmark/adevs_interconnect classic  -w 8 -t 4000000";"adevs_interconnect";8;4000000;209153.0;0.0036;57433408.0;979.806;0.0;0.0;0.0;0.0;158905904.0;2.711;352636656.0;2.22;124.0;0.002;17327499.0;0.109;58571327.0;0.3686;58.617105;0.998;0.058760514
"./build/Benchmark/adevs_interconnect classic  -w 8 -t 4000000";"adevs_interconnect";8;4000000;244097.0;0.0042;57444788.0;942.383;0.0;0.0;0.0;0.0;169749206.0;2.785;352752346.0;2.08;130.0;0.002;19767655.0;0.1165;62782137.0;0.3699;60.956918;0.998;0.061085554
"./build/Benchmark/adevs_interconnect classic  -w 8 -t 4000000";"adevs_interconnect";8;4000000;240597.0;0.0042;57468061.0;951.04;0.0;0.0;1.0;0.017;168269139.0;2.785;352710237.0;2.1;126.0;0.002;19235644.0;0.1143;61399541.0;0.3649;60.426562;0.998;0.060547301
"./build/Benchmark/adevs_interconnect classic  -w 8 -t 4000000";"adevs_interconnect";8;4000000;176942.0;0.0031;57350993.0;1012.979;0.0;0.0;0.0;0.0;160510004.0;2.835;352295160.0;2.19;131.0;0.002;15975345.0;0.09949999999999999;56452224.0;0.3517;56.616196;0.998;0.056755731
"./build/Benchmark/adevs_interconnect classic  -w 8 -t 4000000";"adevs_interconnect";8;4000000;201509.0;0.0034999999999999996;57357748.0;1002.358;0.0;0.0;0.0;0.0;161889694.0;2.829;352368486.0;2.18;129.0;0.002;16248568.0;0.10039999999999999;57956577.0;0.358;57.222798;0.998;0.057362133
"./build/Benchmark/adevs_interconnect classic  -w 8 -t 4000000";"adevs_interconnect";8;4000000;215823.0;0.0038;57431411.0;957.94;0.0;0.0;0.0;0.0;158900399.0;2.65;352713960.0;2.22;129.0;0.002;18142017.0;0.1142;61903691.0;0.3896;59.953054;0.998;0.060083109
"./build/Benchmark/adevs_interconnect classic  -w 8 -t 4000000";"adevs_interconnect";8;4000000;185184.0;0.0032;57418582.0;1017.061;0.0;0.0;1.0;0.018;161025486.0;2.852;352688320.0;2.19;128.0;0.002;16228735.0;0.1008;56806227.0;0.3528;56.455397;0.997;0.056608426
"./build/Benchmark/adevs_interconnect classic  -w 8 -t 4000000";"adevs_interconnect";8;4000000;253044.0;0.0044;57425245.0;957.763;0.0;0.0;0.0;0.0;161909439.0;2.7;353426083.0;2.18;126.0;0.002;19526762.0;0.1206;64778529.0;0.40009999999999996;59.957685;0.997;0.060130271
"./build/Benchmark/adevs_interconnect classic  -w 8 -t 4000000";"adevs_interconnect";8;4000000;230494.0;0.004;57242872.0;992.594;0.0;0.0;0.0;0.0;164012570.0;2.844;352802699.0;2.15;128.0;0.002;17863898.0;0.10890000000000001;59528868.0;0.363;57.669979;0.997;0.057833852
"./build/Benchmark/adevs_interconnect classic  -w 8 -t 4000000";"adevs_interconnect";8;4000000;229718.0;0.004;57454851.0;986.424;0.0;0.0;0.0;0.0;162633419.0;2.792;352802147.0;2.17;130.0;0.002;18221097.0;0.11199999999999999;60459937.0;0.3718;58.245569;0.997;0.058398529
"./build/Benchmark/adevs_interconnect classic  -w 8 -t 4000000";"adevs_interconnect";8;4000000;217309.0;0.0038;57437795.0;959.913;0.0;0.0;0.0;0.0;158907528.0;2.656;352727120.0;2.22;128.0;0.002;18596039.0;0.11699999999999999;61059904.0;0.38420000000000004;59.836477;0.998;0.059985181
"./build/Benchmark/adevs_interconnect classic  -w 8 -t 4000000";"adevs_interconnect";8;4000000;272478.0;0.004699999999999999;57412222.0;948.994;0.0;0.0;0.0;0.0;171691681.0;2.838;352639203.0;2.05;125.0;0.002;20404327.0;0.1188;64566362.0;0.3761;60.498;0.998;0.060626992
"./build/Benchmark/adevs_interconnect classic  -w 8 -t 4000000";"adevs_interconnect";8;4000000;223146.0;0.0039000000000000003;57424685.0;959.808;0.0;0.0;0.0;0.0;158906326.0;2.656;352676369.0;2.22;124.0;0.002;18550522.0;0.1167;61178109.0;0.385;59.82933;0.998;0.059955005
"./build/Benchmark/adevs_interconnect classic  -w 8 -t 4000000";"adevs_interconnect";8;4000000;187604.0;0.0033;57375096.0;1003.409;1.0;0.017;1.0;0.017;161432969.0;2.823;352851046.0;2.19;128.0;0.002;16411879.0;0.1017;57738937.0;0.3577;57.180177;0.997;0.057350033
"./build/Benchmark/adevs_interconnect classic  -w 8 -t 4000000";"adevs_interconnect";8;4000000;235535.0;0.0040999999999999995;57393082.0;977.461;0.0;0.0;1.0;0.017;161268635.0;2.747;352803500.0;2.19;127.0;0.002;18114290.0;0.11230000000000001;60146329.0;0.373;58.716516;0.997;0.058870931
"./build/Benchmark/adevs_interconnect classic  -w 8 -t 4000000";"adevs_interconnect";8;4000000;251088.0;0.0044;57447811.0;926.623;0.0;0.0;0.0;0.0;172644635.0;2.785;352774835.0;2.04;128.0;0.002;20567705.0;0.1191;64322655.0;0.3726;61.996995;0.998;0.062124418
"./build/Benchmark/adevs_interconnect classic  -w 8 -t 4000000";"adevs_interconnect";8;4000000;234373.0;0.0040999999999999995;57436697.0;958.833;0.0;0.0;0.0;0.0;159393742.0;2.661;353004143.0;2.21;130.0;0.002;19170151.0;0.12029999999999999;61034695.0;0.3829;59.902704;0.998;0.060024043
"./build/Benchmark/adevs_interconnect classic  -w 8 -t 4000000";"adevs_interconnect";8;4000000;216068.0;0.0038;57429750.0;988.654;0.0;0.0;0.0;0.0;158910464.0;2.736;352586948.0;2.22;130.0;0.002;16507526.0;0.1039;57094047.0;0.3593;58.088836;0.998;0.058222159
"./build/Benchmark/adevs_interconnect classic  -w 8 -t 4000000";"adevs_interconnect";8;4000000;190234.0;0.0033;57430683.0;991.311;0.0;0.0;0.0;0.0;158904667.0;2.743;352654167.0;2.22;125.0;0.002;16406687.0;0.1032;57001402.0;0.35869999999999996;57.934082;0.998;0.058066731
"./build/Benchmark/adevs_interconnect classic  -w 8 -t 4000000";"adevs_interconnect";8;4000000;260622.0;0.0045000000000000005;57406477.0;963.922;0.0;0.0;1.0;0.017;162004551.0;2.72;352505684.0;2.18;130.0;0.002;19222013.0;0.11869999999999999;63001379.0;0.3889;59.555095;0.998;0.05970288
"./build/Benchmark/adevs_interconnect classic  -w 8 -t 4000000";"adevs_interconnect";8;4000000;225455.0;0.0039000000000000003;57392405.0;966.95;0.0;0.0;0.0;0.0;163379982.0;2.753;353076598.0;2.16;129.0;0.002;19695642.0;0.1206;63870688.0;0.3909;59.354038;0.998;0.059500367
"./build/Benchmark/adevs_interconnect classic  -w 8 -t 4000000";"adevs_interconnect";8;4000000;176884.0;0.0031;57376357.0;1012.077;0.0;0.0;0.0;0.0;161232950.0;2.844;352222429.0;2.18;125.0;0.002;15930149.0;0.09880000000000001;56978671.0;0.35340000000000005;56.691676;0.997;0.056848141
"./build/Benchmark/adevs_interconnect classic  -w 8 -t 4000000";"adevs_interconnect";8;4000000;236887.0;0.0040999999999999995;57409419.0;974.863;0.0;0.0;0.0;0.0;160199593.0;2.72;352421909.0;2.2;126.0;0.002;17806520.0;0.1112;59462911.0;0.3712;58.88971;0.997;0.059055001
"./build/Benchmark/adevs_interconnect classic  -w 8 -t 4000000";"adevs_interconnect";8;4000000;190552.0;0.0033;57411625.0;997.972;0.0;0.0;2.0;0.035;158911191.0;2.762;352656517.0;2.22;123.0;0.002;15735212.0;0.099;56416325.0;0.355;57.52828;0.998;0.057665165
"./build/Benchmark/adevs_interconnect classic  -w 8 -t 4000000";"adevs_interconnect";8;4000000;173255.0;0.003;57267152.0;1019.449;0.0;0.0;0.0;0.0;160300515.0;2.854;352477495.0;2.2;128.0;0.002;15664811.0;0.0977;56224008.0;0.3507;56.174637;0.997;0.056333382
"./build/Benchmark/adevs_interconnect classic  -w 8 -t 4000000";"adevs_interconnect";8;4000000;224992.0;0.0039000000000000003;57389423.0;965.465;0.0;0.0;0.0;0.0;160099593.0;2.693;352420805.0;2.2;127.0;0.002;18175371.0;0.11349999999999999;61773944.0;0.3858;59.442248;0.997;0.059612982
"./build/Benchmark/adevs_interconnect classic  -w 8 -t 4000000";"adevs_interconnect";8;4000000;237986.0;0.0040999999999999995;57453088.0;951.739;0.0;0.0;0.0;0.0;168103747.0;2.785;352674650.0;2.1;126.0;0.002;19094882.0;0.11359999999999999;61525270.0;0.366;60.366438;0.998;0.060485827
"./build/Benchmark/adevs_interconnect classic  -w 8 -t 4000000";"adevs_interconnect";8;4000000;191897.0;0.0033;57387121.0;990.43;0.0;0.0;0.0;0.0;160323642.0;2.767;352389166.0;2.2;128.0;0.002;16727288.0;0.1043;58377552.0;0.3641;57.941619;0.998;0.058068895
"./build/Benchmark/adevs_interconnect classic  -w 8 -t 4000000";"adevs_interconnect";8;4000000;180192.0;0.0031;57354065.0;1010.2;1.0;0.018;0.0;0.0;160866738.0;2.833;352175630.0;2.19;126.0;0.002;16053226.0;0.0998;56882158.0;0.35359999999999997;56.774963;0.997;0.05694921
"./build/Benchmark/adevs_interconnect classic  -w 8 -t 4000000";"adevs_interconnect";8;4000000;290661.0;0.0051;57280897.0;972.649;0.0;0.0;0.0;0.0;165503058.0;2.81;351828903.0;2.13;129.0;0.002;20473796.0;0.12369999999999999;63526563.0;0.38380000000000003;58.891661;0.997;0.05904973
"./build/Benchmark/adevs_interconnect classic  -w 8 -t 4000000";"adevs_interconnect";8;4000000;276389.0;0.0048;57456874.0;971.592;0.0;0.0;0.0;0.0;162397340.0;2.746;352797581.0;2.17;131.0;0.002;19555886.0;0.1204;61374705.0;0.3779;59.136825;0.997;0.05929669
"./build/Benchmark/adevs_interconnect classic  -w 8 -t 4000000";"adevs_interconnect";8;4000000;251444.0;0.0044;57450178.0;961.289;1.0;0.017;0.0;0.0;158895110.0;2.659;352723595.0;2.22;129.0;0.002;18581714.0;0.11689999999999999;59669137.0;0.37549999999999994;59.763672;0.997;0.059934338
"./build/Benchmark/adevs_interconnect classic  -w 8 -t 4000000";"adevs_interconnect";8;4000000;254479.0;0.0044;57463254.0;950.772;0.0;0.0;0.0;0.0;168796442.0;2.793;353014432.0;2.09;129.0;0.002;19721397.0;0.1168;61376985.0;0.3636;60.43849;0.998;0.060585229
"./build/Benchmark/adevs_interconnect classic  -w 8 -t 4000000";"adevs_interconnect";8;4000000;237391.0;0.0040999999999999995;57422953.0;972.032;0.0;0.0;3.0;0.051;160323262.0;2.714;352549441.0;2.2;128.0;0.002;18419847.0;0.1149;60020812.0;0.37439999999999996;59.075153;0.997;0.059225477
"./build/Benchmark/adevs_interconnect classic  -w 8 -t 4000000";"adevs_interconnect";8;4000000;181447.0;0.0032;57313195.0;1017.356;0.0;0.0;0.0;0.0;161120322.0;2.86;352080420.0;2.19;130.0;0.002;16104270.0;0.1;56592596.0;0.35119999999999996;56.335443;0.997;0.056495122
"./build/Benchmark/adevs_interconnect classic  -w 8 -t 4000000";"adevs_interconnect";8;4000000;200284.0;0.0034999999999999996;57431339.0;954.589;0.0;0.0;0.0;0.0;169013826.0;2.809;352421012.0;2.09;130.0;0.002;18959732.0;0.11220000000000001;63628286.0;0.3765;60.163416;0.997;0.060326167
"./build/Benchmark/adevs_interconnect classic  -w 8 -t 4000000";"adevs_interconnect";8;4000000;208433.0;0.0036;57418217.0;979.134;0.0;0.0;0.0;0.0;158904320.0;2.71;352656521.0;2.22;130.0;0.002;17168600.0;0.10800000000000001;58531649.0;0.36829999999999996;58.64182;0.997;0.058808151
"./build/Benchmark/adevs_interconnect classic  -w 8 -t 4000000";"adevs_interconnect";8;4000000;192745.0;0.0034000000000000002;57344428.0;995.356;0.0;0.0;0.0;0.0;161644366.0;2.806;352076184.0;2.18;129.0;0.002;16957485.0;0.10490000000000001;58643759.0;0.3628;57.611974;0.997;0.057768426
"./build/Benchmark/adevs_interconnect classic  -w 8 -t 4000000";"adevs_interconnect";8;4000000;258112.0;0.0045000000000000005;57451574.0;920.234;0.0;0.0;0.0;0.0;173856903.0;2.785;352813165.0;2.03;130.0;0.002;21413002.0;0.1232;63490912.0;0.3652;62.431477;0.997;0.062591732
"./build/Benchmark/adevs_interconnect classic  -w 8 -t 4000000";"adevs_interconnect";8;4000000;260423.0;0.0045000000000000005;57448734.0;948.022;0.0;0.0;0.0;0.0;168738368.0;2.785;352754302.0;2.09;130.0;0.002;19673761.0;0.1166;61701039.0;0.3657;60.59853;0.997;0.060759487
"./build/Benchmark/adevs_interconnect classic  -w 8 -t 4000000";"adevs_interconnect";8;4000000;249978.0;0.0044;57385122.0;959.336;0.0;0.0;0.0;0.0;159889706.0;2.673;352352444.0;2.2;129.0;0.002;19302702.0;0.1207;61180555.0;0.3826;59.817549;0.997;0.059977586
"./build/Benchmark/adevs_interconnect classic  -w 8 -t 4000000";"adevs_interconnect";8;4000000;208352.0;0.0036;57437008.0;952.929;0.0;0.0;0.0;0.0;167837201.0;2.785;352637469.0;2.1;123.0;0.002;17750301.0;0.1058;63199054.0;0.3765;60.274152;0.997;0.060435421
"./build/Benchmark/adevs_interconnect classic  -w 8 -t 4000000";"adevs_interconnect";8;4000000;190808.0;0.0033;57426910.0;995.77;0.0;0.0;0.0;0.0;158908554.0;2.755;352594776.0;2.22;126.0;0.002;15735289.0;0.099;56579523.0;0.35609999999999997;57.67085;0.998;0.0578001
"./build/Benchmark/adevs_interconnect classic  -w 8 -t 4000000";"adevs_interconnect";8;4000000;180568.0;0.0031;57358604.0;998.851;0.0;0.0;1.0;0.017;159834903.0;2.783;352449153.0;2.21;126.0;0.002;15928403.0;0.09970000000000001;57039980.0;0.3569;57.424607;0.997;0.057584954
"./build/Benchmark/adevs_interconnect classic  -w 8 -t 4000000";"adevs_interconnect";8;4000000;265708.0;0.0046;57451818.0;914.057;0.0;0.0;0.0;0.0;175036735.0;2.785;352774177.0;2.02;129.0;0.002;21547321.0;0.1231;65697868.0;0.3753;62.853623;0.998;0.062981224
"./build/Benchmark/adevs_interconnect classic  -w 16 -t 4000000";"adevs_interconnect";16;4000000;1053266.0;0.006;176741195.0;859.265;1.0;0.005;0.0;0.0;572840235.0;2.785;1118640081.0;1.95;140.0;0.681;72164683.0;0.126;234108388.0;0.40869999999999995;205.688831;1.0;0.205673454
"./build/Benchmark/adevs_interconnect classic  -w 16 -t 4000000";"adevs_interconnect";16;4000000;1006443.0;0.005699999999999999;176646826.0;914.336;0.0;0.0;0.0;0.0;567982955.0;2.94;1112638980.0;1.96;137.0;0.709;69660124.0;0.1226;232605308.0;0.40950000000000003;193.196864;1.0;0.193219887
"./build/Benchmark/adevs_interconnect classic  -w 16 -t 4000000";"adevs_interconnect";16;4000000;1001777.0;0.005699999999999999;176686154.0;858.293;0.0;0.0;0.0;0.0;573306653.0;2.785;1118630267.0;1.95;137.0;0.666;72439090.0;0.1264;236640171.0;0.4128;205.857599;1.0;0.20583566
"./build/Benchmark/adevs_interconnect classic  -w 16 -t 4000000";"adevs_interconnect";16;4000000;1005076.0;0.005699999999999999;176707728.0;875.431;0.0;0.0;0.0;0.0;560386322.0;2.776;1118549458.0;2.0;140.0;0.694;68506483.0;0.1222;227546497.0;0.4061;201.85222;1.0;0.201835337
"./build/Benchmark/adevs_interconnect classic  -w 16 -t 4000000";"adevs_interconnect";16;4000000;1021246.0;0.0058;176695297.0;872.143;0.0;0.0;0.0;0.0;560401304.0;2.766;1118628762.0;2.0;135.0;0.666;70043163.0;0.125;227748764.0;0.4064;202.599055;1.0;0.202582583
"./build/Benchmark/adevs_interconnect classic  -w 16 -t 4000000";"adevs_interconnect";16;4000000;1063721.0;0.006;176617940.0;921.149;0.0;0.0;0.0;0.0;573213365.0;2.99;1118348638.0;1.95;137.0;0.715;71940717.0;0.1255;238071514.0;0.4153;191.736548;1.0;0.191766232
"./build/Benchmark/adevs_interconnect classic  -w 16 -t 4000000";"adevs_interconnect";16;4000000;1038607.0;0.0059;176689550.0;873.941;1.0;0.005;0.0;0.0;560336830.0;2.772;1118573196.0;2.0;137.0;0.678;69322248.0;0.12369999999999999;227695050.0;0.4064;202.175593;1.0;0.202171297
"./build/Benchmark/adevs_interconnect classic  -w 16 -t 4000000";"adevs_interconnect";16;4000000;970114.0;0.0055000000000000005;176696707.0;862.426;0.0;0.0;0.0;0.0;570570003.0;2.785;1118655142.0;1.96;140.0;0.683;73199117.0;0.1283;236398142.0;0.4143;204.883297;1.0;0.204860402
"./build/Benchmark/adevs_interconnect classic  -w 16 -t 4000000";"adevs_interconnect";16;4000000;1023007.0;0.0058;176653556.0;910.555;0.0;0.0;0.0;0.0;567502445.0;2.925;1108247836.0;1.95;140.0;0.722;70058055.0;0.1234;232409557.0;0.40950000000000003;194.006363;1.0;0.193992727
"./build/Benchmark/adevs_interconnect classic  -w 16 -t 4000000";"adevs_interconnect";16;4000000;1163548.0;0.0066;176756476.0;842.657;1.0;0.005;0.0;0.0;598696113.0;2.854;1119092241.0;1.87;140.0;0.667;80844075.0;0.135;257707228.0;0.4304;209.760777;1.0;0.209784242
"./build/Benchmark/adevs_interconnect classic  -w 16 -t 4000000";"adevs_interconnect";16;4000000;1074399.0;0.0060999999999999995;176701589.0;856.487;0.0;0.0;0.0;0.0;574562356.0;2.785;1118553908.0;1.95;138.0;0.669;72407663.0;0.126;235129919.0;0.4092;206.309599;1.0;0.206292117
"./build/Benchmark/adevs_interconnect classic  -w 16 -t 4000000";"adevs_interconnect";16;4000000;977683.0;0.0055000000000000005;176722594.0;874.65;0.0;0.0;0.0;0.0;560366164.0;2.773;1118466819.0;2.0;137.0;0.678;68213048.0;0.1217;226786537.0;0.4047;202.049411;1.0;0.202070458
"./build/Benchmark/adevs_interconnect classic  -w 16 -t 4000000";"adevs_interconnect";16;4000000;1108019.0;0.0063;174979084.0;887.806;1.0;0.005;0.0;0.0;579851072.0;2.942;1118129651.0;1.93;140.0;0.71;76335463.0;0.1316;239824877.0;0.41359999999999997;197.091481;1.0;0.197088501
"./build/Benchmark/adevs_interconnect classic  -w 16 -t 4000000";"adevs_interconnect";16;4000000;1053402.0;0.006;176705196.0;875.097;0.0;0.0;0.0;0.0;560369420.0;2.775;1118516264.0;2.0;136.0;0.674;68988649.0;0.1231;225413842.0;0.4023;201.926509;1.0;0.201945395
"./build/Benchmark/adevs_interconnect classic  -w 16 -t 4000000";"adevs_interconnect";16;4000000;1041839.0;0.0059;176692013.0;917.22;0.0;0.0;0.0;0.0;565414616.0;2.935;1116338448.0;1.97;140.0;0.727;70140977.0;0.1241;228795610.0;0.4047;192.638635;1.0;0.19265882
"./build/Benchmark/adevs_interconnect classic  -w 16 -t 4000000";"adevs_interconnect";16;4000000;1058529.0;0.006;176737511.0;908.353;1.0;0.005;0.0;0.0;572125599.0;2.94;1104537258.0;1.93;141.0;0.725;71619266.0;0.1252;235126408.0;0.41100000000000003;194.569126;1.0;0.19459721
"./build/Benchmark/adevs_interconnect classic  -w 16 -t 4000000";"adevs_interconnect";16;4000000;1053966.0;0.006;176703827.0;843.746;0.0;0.0;0.0;0.0;583261495.0;2.785;1118684227.0;1.92;139.0;0.664;73870470.0;0.1267;247415702.0;0.4242;209.427835;1.0;0.209407225
"./build/Benchmark/adevs_interconnect classic  -w 16 -t 4000000";"adevs_interconnect";16;4000000;1025638.0;0.0059;173976995.0;877.867;0.0;0.0;0.0;0.0;568061404.0;2.866;1118529095.0;1.97;141.0;0.711;72228162.0;0.12710000000000002;231181690.0;0.40700000000000003;198.18143;1.0;0.198167147
"./build/Benchmark/adevs_interconnect classic  -w 16 -t 4000000";"adevs_interconnect";16;4000000;975882.0;0.0055000000000000005;176649378.0;905.804;1.0;0.005;0.0;0.0;571929465.0;2.933;1102223082.0;1.93;135.0;0.692;70781477.0;0.12380000000000001;237314290.0;0.41490000000000005;195.019323;1.0;0.19501765
"./build/Benchmark/adevs_interconnect classic  -w 16 -t 4000000";"adevs_interconnect";16;4000000;1029501.0;0.0058;176628478.0;919.023;0.0;0.0;0.0;0.0;566417091.0;2.947;1118176130.0;1.97;137.0;0.713;69116519.0;0.122;230868749.0;0.40759999999999996;192.191667;1.0;0.192211537
"./build/Benchmark/adevs_interconnect classic  -w 16 -t 4000000";"adevs_interconnect";16;4000000;1023900.0;0.0058;176688478.0;869.813;0.0;0.0;0.0;0.0;560385668.0;2.759;1118615875.0;2.0;138.0;0.679;69790820.0;0.1245;230959921.0;0.4121;203.133904;1.0;0.203125692
"./build/Benchmark/adevs_interconnect classic  -w 16 -t 4000000";"adevs_interconnect";16;4000000;1021437.0;0.0058;176692299.0;868.977;1.0;0.005;0.0;0.0;560360563.0;2.756;1118569917.0;2.0;139.0;0.684;71286412.0;0.1272;231279955.0;0.4127;203.333603;1.0;0.203327588
"./build/Benchmark/adevs_interconnect classic  -w 16 -t 4000000";"adevs_interconnect";16;4000000;1059337.0;0.006;176616795.0;911.363;0.0;0.0;0.0;0.0;567326839.0;2.927;1109101499.0;1.95;135.0;0.697;69989520.0;0.1234;231020376.0;0.4072;193.794188;1.0;0.193784149
"./build/Benchmark/adevs_interconnect classic  -w 16 -t 4000000";"adevs_interconnect";16;4000000;978454.0;0.0055000000000000005;176680709.0;871.562;0.0;0.0;0.0;0.0;560360121.0;2.764;1118603697.0;2.0;139.0;0.686;68611837.0;0.12240000000000001;230458677.0;0.4113;202.717246;1.0;0.202695168
"./build/Benchmark/adevs_interconnect classic  -w 16 -t 4000000";"adevs_interconnect";16;4000000;1073438.0;0.0060999999999999995;176682414.0;866.971;1.0;0.005;0.0;0.0;560338567.0;2.75;1118867887.0;2.0;142.0;0.697;69740569.0;0.1245;230498844.0;0.4114;203.792688;1.0;0.203779946
"./build/Benchmark/adevs_interconnect classic  -w 16 -t 4000000";"adevs_interconnect";16;4000000;1014996.0;0.005699999999999999;176578337.0;910.57;0.0;0.0;0.0;0.0;568788941.0;2.933;1108539334.0;1.95;137.0;0.706;70424324.0;0.12380000000000001;231523778.0;0.40700000000000003;193.920708;1.0;0.193941573
"./build/Benchmark/adevs_interconnect classic  -w 16 -t 4000000";"adevs_interconnect";16;4000000;1061075.0;0.006;176718769.0;917.083;0.0;0.0;0.0;0.0;567279793.0;2.944;1116334814.0;1.97;134.0;0.695;70350567.0;0.124;230950685.0;0.4071;192.696491;1.0;0.192714576
"./build/Benchmark/adevs_interconnect classic  -w 16 -t 4000000";"adevs_interconnect";16;4000000;1039640.0;0.0059;176650703.0;912.553;1.0;0.005;0.0;0.0;566900527.0;2.929;1110173604.0;1.96;140.0;0.723;69388440.0;0.12240000000000001;231228232.0;0.4079;193.578642;1.0;0.193604552
"./build/Benchmark/adevs_interconnect classic  -w 16 -t 4000000";"adevs_interconnect";16;4000000;1133252.0;0.0064;176696676.0;847.716;0.0;0.0;0.0;0.0;580481939.0;2.785;1118874420.0;1.93;140.0;0.672;76097613.0;0.1311;240395323.0;0.41409999999999997;208.43858;1.0;0.208421442
"./build/Benchmark/adevs_interconnect classic  -w 16 -t 4000000";"adevs_interconnect";16;4000000;986155.0;0.005600000000000001;176707023.0;870.322;0.0;0.0;0.0;0.0;560392102.0;2.76;1118617632.0;2.0;140.0;0.69;69905307.0;0.1247;231876411.0;0.4138;203.036433;1.0;0.203050651
"./build/Benchmark/adevs_interconnect classic  -w 16 -t 4000000";"adevs_interconnect";16;4000000;1087100.0;0.0062;176684976.0;865.969;1.0;0.005;0.0;0.0;560166137.0;2.745;1118567673.0;2.0;139.0;0.681;70926277.0;0.1266;230605562.0;0.4117;204.03157;1.0;0.204052708
"./build/Benchmark/adevs_interconnect classic  -w 16 -t 4000000";"adevs_interconnect";16;4000000;1061213.0;0.006;176698955.0;858.483;0.0;0.0;0.0;0.0;573218984.0;2.785;1118649786.0;1.95;136.0;0.661;74875482.0;0.1306;231706499.0;0.4042;205.82689;1.0;0.205804221
"./build/Benchmark/adevs_interconnect classic  -w 16 -t 4000000";"adevs_interconnect";16;4000000;1013063.0;0.005699999999999999;176699581.0;875.85;0.0;0.0;1.0;0.005;560392305.0;2.778;1118638052.0;2.0;137.0;0.679;68297671.0;0.1219;227290396.0;0.4056;201.746349;1.0;0.20172642
"./build/Benchmark/adevs_interconnect classic  -w 16 -t 4000000";"adevs_interconnect";16;4000000;1041766.0;0.0059;176709586.0;867.283;0.0;0.0;0.0;0.0;560375783.0;2.75;1118271760.0;2.0;137.0;0.672;70414510.0;0.1257;230838505.0;0.4119;203.750758;1.0;0.203759202
"./build/Benchmark/adevs_interconnect classic  -w 16 -t 4000000";"adevs_interconnect";16;4000000;961278.0;0.0054;176649240.0;919.709;0.0;0.0;0.0;0.0;563989456.0;2.936;1118567134.0;1.98;136.0;0.708;68475804.0;0.12140000000000001;229861600.0;0.40759999999999996;192.070754;1.0;0.192063943
"./build/Benchmark/adevs_interconnect classic  -w 16 -t 4000000";"adevs_interconnect";16;4000000;1020291.0;0.0058;176653811.0;906.267;1.0;0.005;0.0;0.0;572149425.0;2.935;1103018496.0;1.93;137.0;0.703;71548619.0;0.1251;236961576.0;0.4142;194.924765;1.0;0.194924395
"./build/Benchmark/adevs_interconnect classic  -w 16 -t 4000000";"adevs_interconnect";16;4000000;991656.0;0.005600000000000001;176643957.0;915.886;0.0;0.0;0.0;0.0;566889783.0;2.939;1114680105.0;1.97;140.0;0.726;69636435.0;0.12279999999999999;230571097.0;0.4067;192.866844;1.0;0.192886784
"./build/Benchmark/adevs_interconnect classic  -w 16 -t 4000000";"adevs_interconnect";16;4000000;1020075.0;0.0058;176683232.0;866.508;0.0;0.0;0.0;0.0;560379570.0;2.748;1118636558.0;2.0;137.0;0.672;71370906.0;0.1274;231828777.0;0.41369999999999996;203.902492;1.0;0.203887693
"./build/Benchmark/adevs_interconnect classic  -w 16 -t 4000000";"adevs_interconnect";16;4000000;1118664.0;0.0063;176625204.0;887.585;0.0;0.0;0.0;0.0;585119320.0;2.94;1117767409.0;1.91;136.0;0.683;76283110.0;0.1304;245826049.0;0.4201;198.995242;1.0;0.199010866
"./build/Benchmark/adevs_interconnect classic  -w 16 -t 4000000";"adevs_interconnect";16;4000000;1018361.0;0.0058;176728013.0;912.015;0.0;0.0;0.0;0.0;564933308.0;2.915;1109759444.0;1.96;138.0;0.712;68717787.0;0.1216;229731161.0;0.4067;193.777528;1.0;0.193806262
"./build/Benchmark/adevs_interconnect classic  -w 16 -t 4000000";"adevs_interconnect";16;4000000;1001705.0;0.005699999999999999;176711478.0;866.535;0.0;0.0;0.0;0.0;560361430.0;2.748;1118593190.0;2.0;136.0;0.667;70140291.0;0.1252;230966032.0;0.4122;203.928883;1.0;0.203907586
"./build/Benchmark/adevs_interconnect classic  -w 16 -t 4000000";"adevs_interconnect";16;4000000;1018375.0;0.0058;176732904.0;913.329;0.0;0.0;0.0;0.0;563948580.0;2.914;1111245167.0;1.97;135.0;0.698;68434133.0;0.1213;228459300.0;0.40509999999999996;193.503999;1.0;0.193529918
"./build/Benchmark/adevs_interconnect classic  -w 16 -t 4000000";"adevs_interconnect";16;4000000;1128932.0;0.0064;176460859.0;902.644;0.0;0.0;0.0;0.0;578636948.0;2.96;1118229625.0;1.93;139.0;0.711;75493798.0;0.1305;240964790.0;0.4164;195.493298;1.0;0.195509479
"./build/Benchmark/adevs_interconnect classic  -w 16 -t 4000000";"adevs_interconnect";16;4000000;1006383.0;0.005699999999999999;176693175.0;869.198;0.0;0.0;0.0;0.0;560374815.0;2.757;1118667378.0;2.0;142.0;0.699;71000174.0;0.1267;229721957.0;0.40990000000000004;203.282954;1.0;0.203271353
"./build/Benchmark/adevs_interconnect classic  -w 16 -t 4000000";"adevs_interconnect";16;4000000;1000889.0;0.005699999999999999;174626223.0;884.717;1.0;0.005;0.0;0.0;586384757.0;2.971;1118488658.0;1.91;140.0;0.709;75244421.0;0.1283;250820344.0;0.4277;197.380828;1.0;0.197414568
"./build/Benchmark/adevs_interconnect classic  -w 16 -t 4000000";"adevs_interconnect";16;4000000;1067124.0;0.006;176688763.0;866.788;0.0;0.0;0.0;0.0;560391880.0;2.749;1118686025.0;2.0;137.0;0.672;70690343.0;0.1261;231165972.0;0.4125;203.843057;1.0;0.203828415
"./build/Benchmark/adevs_interconnect classic  -w 16 -t 4000000";"adevs_interconnect";16;4000000;998825.0;0.005699999999999999;176600115.0;907.016;0.0;0.0;0.0;0.0;571003713.0;2.933;1104176649.0;1.93;139.0;0.714;70267622.0;0.1231;234775411.0;0.41119999999999995;194.704448;1.0;0.194698032
"./build/Benchmark/adevs_interconnect classic  -w 16 -t 4000000";"adevs_interconnect";16;4000000;1008520.0;0.005699999999999999;176655968.0;914.052;1.0;0.005;0.0;0.0;571903731.0;2.959;1112620109.0;1.95;141.0;0.73;71945209.0;0.1258;237155684.0;0.4147;193.266775;1.0;0.193302818
"./build/Benchmark/adevs_interconnect classic  -w 16 -t 4000000";"adevs_interconnect";16;4000000;983801.0;0.005600000000000001;176692910.0;871.832;0.0;0.0;0.0;0.0;560383894.0;2.765;1118559505.0;2.0;138.0;0.681;69814500.0;0.1246;230191219.0;0.4108;202.66854;1.0;0.202681896
"./build/Benchmark/adevs_interconnect classic  -w 16 -t 4000000";"adevs_interconnect";16;4000000;964828.0;0.0055000000000000005;176687237.0;874.37;0.0;0.0;0.0;0.0;560382051.0;2.773;1118667909.0;2.0;141.0;0.698;68708657.0;0.1226;228988431.0;0.4086;202.073874;1.0;0.202067938
