 "command";"executable";"width";"end time" ;"branch-misses";"branch-misses (of all branches          (85.44%))";"branches";"branches (M/sec                    (86.37%))";"context-switches";"context-switches (K/sec)";"cpu-migrations";"cpu-migrations (M/sec)";"cycles";"cycles (GHz                      (85.47%))";"instructions";"instructions (insns per cycle)";"page-faults";"page-faults (K/sec)";"stalled-cycles-backend";"stalled-cycles-backend (backend  cycles idle     (70.95%))";"stalled-cycles-frontend";"stalled-cycles-frontend (frontend cycles idle     (84.95%))";"task-clock (msec)";"task-clock (CPUs utilized)";"time-elapsed (seconds)"
"./build/Benchmark/dxexmachina_interconnect classic  -w 2 -t 4000000";"dxexmachina_interconnect";2;4000000;4697293.0;0.0147;318895331.0;569.745;124.0;0.222;8019.0;0.014;1391864741.0;2.487;1357956393.0;0.98;133.0;0.238;426428405.0;0.3064;715721075.0;0.5142;559.715553;1.112;0.503552297
"./build/Benchmark/dxexmachina_interconnect classic  -w 2 -t 4000000";"dxexmachina_interconnect";2;4000000;4763278.0;0.0149;318855209.0;583.946;77.0;0.141;8040.0;0.015;1399497678.0;2.563;1376276192.0;0.98;132.0;0.242;423746026.0;0.3028;711781859.0;0.5085999999999999;546.035525;1.121;0.48710553
"./build/Benchmark/dxexmachina_interconnect classic  -w 2 -t 4000000";"dxexmachina_interconnect";2;4000000;4802664.0;0.0151;318053517.0;607.444;87.0;0.166;8042.0;0.015;1386876468.0;2.649;1352489680.0;0.98;136.0;0.26;412404054.0;0.2974;692018062.0;0.499;523.593067;1.121;0.467003577
"./build/Benchmark/dxexmachina_interconnect classic  -w 2 -t 4000000";"dxexmachina_interconnect";2;4000000;4224053.0;0.0134;314566193.0;560.284;91.0;0.162;8042.0;0.014;1372983913.0;2.445;1346042523.0;0.98;134.0;0.239;408309329.0;0.2974;694922163.0;0.5061;561.440444;1.119;0.501563448
"./build/Benchmark/dxexmachina_interconnect classic  -w 2 -t 4000000";"dxexmachina_interconnect";2;4000000;5177991.0;0.016200000000000003;319509914.0;581.149;66.0;0.12;8051.0;0.015;1372325619.0;2.496;1368188944.0;1.0;132.0;0.24;421902289.0;0.3074;709605799.0;0.5171;549.789751;1.126;0.488412265
"./build/Benchmark/dxexmachina_interconnect classic  -w 2 -t 4000000";"dxexmachina_interconnect";2;4000000;4569131.0;0.0143;319611836.0;623.394;73.0;0.142;8023.0;0.016;1372976229.0;2.678;1346019978.0;0.98;130.0;0.254;402615474.0;0.2932;698069771.0;0.5084000000000001;512.696286;1.121;0.45730448
"./build/Benchmark/dxexmachina_interconnect classic  -w 2 -t 4000000";"dxexmachina_interconnect";2;4000000;4776350.0;0.015300000000000001;312646951.0;577.8;87.0;0.161;8070.0;0.015;1350602774.0;2.496;1341986350.0;0.99;132.0;0.244;422126566.0;0.3125;709260509.0;0.5251;541.098483;1.123;0.48173771
"./build/Benchmark/dxexmachina_interconnect classic  -w 2 -t 4000000";"dxexmachina_interconnect";2;4000000;5243371.0;0.0165;317080291.0;623.626;77.0;0.151;8003.0;0.016;1373437216.0;2.701;1351234392.0;0.98;135.0;0.266;406705599.0;0.2961;685778154.0;0.4993;508.44587;1.105;0.460217857
"./build/Benchmark/dxexmachina_interconnect classic  -w 2 -t 4000000";"dxexmachina_interconnect";2;4000000;5304410.0;0.0167;318301320.0;611.559;84.0;0.161;8011.0;0.015;1388736735.0;2.668;1356368068.0;0.98;134.0;0.257;416806680.0;0.30010000000000003;699355672.0;0.5036;520.475089;1.109;0.469488574
"./build/Benchmark/dxexmachina_interconnect classic  -w 2 -t 4000000";"dxexmachina_interconnect";2;4000000;4956693.0;0.015700000000000002;315945800.0;584.896;77.0;0.143;8049.0;0.015;1396119058.0;2.585;1346363703.0;0.96;134.0;0.248;417624516.0;0.2991;710358348.0;0.5088;540.174767;1.123;0.48080417
"./build/Benchmark/dxexmachina_interconnect classic  -w 2 -t 4000000";"dxexmachina_interconnect";2;4000000;4615610.0;0.0144;319504616.0;599.566;64.0;0.12;8073.0;0.015;1367175464.0;2.566;1369564032.0;1.0;134.0;0.251;413662808.0;0.30260000000000004;703414373.0;0.5145000000000001;532.893402;1.131;0.471360349
"./build/Benchmark/dxexmachina_interconnect classic  -w 2 -t 4000000";"dxexmachina_interconnect";2;4000000;5357483.0;0.0167;321494535.0;574.888;96.0;0.172;8028.0;0.014;1386714225.0;2.48;1359165364.0;0.98;136.0;0.243;417094284.0;0.30079999999999996;709726669.0;0.5118;559.22978;1.118;0.500185589
"./build/Benchmark/dxexmachina_interconnect classic  -w 2 -t 4000000";"dxexmachina_interconnect";2;4000000;5406168.0;0.0168;322278210.0;599.1;93.0;0.173;8023.0;0.015;1406249414.0;2.614;1374948200.0;0.98;135.0;0.251;436112116.0;0.31010000000000004;733511078.0;0.5216;537.937053;1.107;0.485791014
"./build/Benchmark/dxexmachina_interconnect classic  -w 2 -t 4000000";"dxexmachina_interconnect";2;4000000;4699866.0;0.0149;315149102.0;542.266;98.0;0.169;8025.0;0.014;1363416428.0;2.346;1339134472.0;0.98;132.0;0.227;417477924.0;0.3062;697089769.0;0.5113;581.170914;1.11;0.523424233
"./build/Benchmark/dxexmachina_interconnect classic  -w 2 -t 4000000";"dxexmachina_interconnect";2;4000000;4914131.0;0.015700000000000002;313313829.0;522.255;125.0;0.208;8047.0;0.013;1390934718.0;2.319;1357285801.0;0.98;135.0;0.225;428510108.0;0.3081;725396766.0;0.5215;599.92471;1.124;0.533767522
"./build/Benchmark/dxexmachina_interconnect classic  -w 2 -t 4000000";"dxexmachina_interconnect";2;4000000;4520214.0;0.0143;316692765.0;579.408;63.0;0.115;8097.0;0.015;1378036552.0;2.521;1337194496.0;0.97;133.0;0.243;410924298.0;0.2982;694423643.0;0.5039;546.580117;1.135;0.481636912
"./build/Benchmark/dxexmachina_interconnect classic  -w 2 -t 4000000";"dxexmachina_interconnect";2;4000000;5107982.0;0.016200000000000003;315595398.0;567.825;91.0;0.164;8023.0;0.014;1373411332.0;2.471;1346108856.0;0.98;135.0;0.243;413272142.0;0.3009;689947881.0;0.5024000000000001;555.796552;1.105;0.503021264
"./build/Benchmark/dxexmachina_interconnect classic  -w 2 -t 4000000";"dxexmachina_interconnect";2;4000000;4891842.0;0.0155;314589840.0;577.913;78.0;0.143;8060.0;0.015;1360699409.0;2.5;1347788191.0;0.99;137.0;0.252;425801357.0;0.3129;714578594.0;0.5252;544.355103;1.114;0.488468384
"./build/Benchmark/dxexmachina_interconnect classic  -w 2 -t 4000000";"dxexmachina_interconnect";2;4000000;4619740.0;0.014499999999999999;319363636.0;614.338;77.0;0.148;8024.0;0.015;1390756912.0;2.675;1368770482.0;0.98;136.0;0.262;431184297.0;0.31;718746465.0;0.5168;519.850203;1.114;0.466602185
"./build/Benchmark/dxexmachina_interconnect classic  -w 2 -t 4000000";"dxexmachina_interconnect";2;4000000;4906967.0;0.0155;316083702.0;508.112;103.0;0.166;8029.0;0.013;1368824360.0;2.2;1337504310.0;0.98;135.0;0.217;404521836.0;0.2955;689150525.0;0.5035000000000001;622.074856;1.12;0.555563924
"./build/Benchmark/dxexmachina_interconnect classic  -w 2 -t 4000000";"dxexmachina_interconnect";2;4000000;4515574.0;0.014199999999999999;317553198.0;573.338;87.0;0.157;8065.0;0.015;1364587020.0;2.464;1362173207.0;1.0;134.0;0.242;414260721.0;0.3036;702731997.0;0.515;553.867792;1.123;0.493286758
"./build/Benchmark/dxexmachina_interconnect classic  -w 2 -t 4000000";"dxexmachina_interconnect";2;4000000;5673939.0;0.0179;316502113.0;531.479;87.0;0.146;8028.0;0.013;1408389008.0;2.365;1347907567.0;0.96;135.0;0.227;418566753.0;0.29719999999999996;709543185.0;0.5038;595.511985;1.122;0.530921251
"./build/Benchmark/dxexmachina_interconnect classic  -w 2 -t 4000000";"dxexmachina_interconnect";2;4000000;5235777.0;0.016399999999999998;320186158.0;589.637;74.0;0.136;8017.0;0.015;1412511552.0;2.601;1362330781.0;0.96;135.0;0.249;436062845.0;0.30870000000000003;722533519.0;0.5115;543.02214;1.116;0.486372629
"./build/Benchmark/dxexmachina_interconnect classic  -w 2 -t 4000000";"dxexmachina_interconnect";2;4000000;4594318.0;0.0144;318442231.0;612.137;74.0;0.142;8016.0;0.015;1385324832.0;2.663;1348946005.0;0.97;136.0;0.261;420279671.0;0.3034;706808578.0;0.5102;520.214304;1.104;0.471140998
"./build/Benchmark/dxexmachina_interconnect classic  -w 2 -t 4000000";"dxexmachina_interconnect";2;4000000;4825426.0;0.0151;320138534.0;493.065;103.0;0.159;8018.0;0.012;1370744598.0;2.111;1374033494.0;1.0;136.0;0.209;417051944.0;0.3043;705204545.0;0.5145000000000001;649.28259;1.122;0.578664638
"./build/Benchmark/dxexmachina_interconnect classic  -w 2 -t 4000000";"dxexmachina_interconnect";2;4000000;4412965.0;0.0137;321671679.0;602.095;83.0;0.155;8012.0;0.015;1364767179.0;2.555;1365863623.0;1.0;133.0;0.249;392305642.0;0.2875;673851213.0;0.49369999999999997;534.254399;1.113;0.480100087
"./build/Benchmark/dxexmachina_interconnect classic  -w 2 -t 4000000";"dxexmachina_interconnect";2;4000000;5036874.0;0.015600000000000001;322651210.0;603.643;81.0;0.152;8033.0;0.015;1402714584.0;2.624;1347451564.0;0.96;136.0;0.254;427750087.0;0.3049;710844001.0;0.5068;534.506289;1.117;0.478321334
"./build/Benchmark/dxexmachina_interconnect classic  -w 2 -t 4000000";"dxexmachina_interconnect";2;4000000;5655934.0;0.018000000000000002;313576780.0;590.95;88.0;0.166;8041.0;0.015;1402211059.0;2.643;1351372299.0;0.96;131.0;0.247;429700620.0;0.3064;725459859.0;0.5174;530.631727;1.121;0.473323592
"./build/Benchmark/dxexmachina_interconnect classic  -w 2 -t 4000000";"dxexmachina_interconnect";2;4000000;4884011.0;0.0154;316807234.0;624.338;76.0;0.15;8014.0;0.016;1361718789.0;2.684;1355844997.0;1.0;135.0;0.266;402593702.0;0.2957;685838195.0;0.5036999999999999;507.429179;1.113;0.455978407
"./build/Benchmark/dxexmachina_interconnect classic  -w 2 -t 4000000";"dxexmachina_interconnect";2;4000000;5029031.0;0.016;313660045.0;575.388;80.0;0.147;8018.0;0.015;1377140070.0;2.526;1337885662.0;0.97;134.0;0.246;421046780.0;0.3057;699028270.0;0.5075999999999999;545.127814;1.109;0.491625536
"./build/Benchmark/dxexmachina_interconnect classic  -w 2 -t 4000000";"dxexmachina_interconnect";2;4000000;4904409.0;0.015600000000000001;315267465.0;574.786;97.0;0.177;8026.0;0.015;1359028927.0;2.478;1342134859.0;0.99;131.0;0.239;403146753.0;0.2966;687734480.0;0.506;548.495208;1.119;0.490067146
"./build/Benchmark/dxexmachina_interconnect classic  -w 2 -t 4000000";"dxexmachina_interconnect";2;4000000;5196042.0;0.0165;315548167.0;583.84;74.0;0.137;8079.0;0.015;1371929893.0;2.538;1361531066.0;0.99;135.0;0.25;421132063.0;0.307;694576862.0;0.5063;540.4699;1.137;0.475408342
"./build/Benchmark/dxexmachina_interconnect classic  -w 2 -t 4000000";"dxexmachina_interconnect";2;4000000;4710836.0;0.0151;312313958.0;561.853;72.0;0.13;8071.0;0.015;1371211953.0;2.467;1327546303.0;0.97;130.0;0.234;413469249.0;0.3015;700998414.0;0.5112;555.864508;1.135;0.489606945
"./build/Benchmark/dxexmachina_interconnect classic  -w 2 -t 4000000";"dxexmachina_interconnect";2;4000000;5331369.0;0.0166;321701375.0;632.506;76.0;0.149;8003.0;0.016;1389138648.0;2.731;1373655906.0;0.99;135.0;0.265;415535166.0;0.2991;693557618.0;0.4993;508.613559;1.108;0.459161775
"./build/Benchmark/dxexmachina_interconnect classic  -w 2 -t 4000000";"dxexmachina_interconnect";2;4000000;5159881.0;0.016399999999999998;315008226.0;570.848;86.0;0.156;8096.0;0.015;1378401648.0;2.498;1346761027.0;0.98;136.0;0.246;412186751.0;0.299;704649134.0;0.5112;551.824807;1.132;0.487313494
"./build/Benchmark/dxexmachina_interconnect classic  -w 2 -t 4000000";"dxexmachina_interconnect";2;4000000;5118137.0;0.0159;321120371.0;575.381;142.0;0.254;8008.0;0.014;1376200333.0;2.466;1371485945.0;1.0;136.0;0.244;418453058.0;0.3041;707489503.0;0.5141;558.100411;1.115;0.50032975
"./build/Benchmark/dxexmachina_interconnect classic  -w 2 -t 4000000";"dxexmachina_interconnect";2;4000000;5599161.0;0.0177;316525035.0;565.856;110.0;0.197;8034.0;0.014;1403587304.0;2.509;1338347586.0;0.95;134.0;0.24;418241654.0;0.298;705497730.0;0.5025999999999999;559.373614;1.112;0.503014123
"./build/Benchmark/dxexmachina_interconnect classic  -w 2 -t 4000000";"dxexmachina_interconnect";2;4000000;4501713.0;0.014199999999999999;317615066.0;621.498;79.0;0.155;8006.0;0.016;1382345214.0;2.705;1338173521.0;0.97;136.0;0.266;412432785.0;0.2984;701662558.0;0.5075999999999999;511.047892;1.106;0.462226
"./build/Benchmark/dxexmachina_interconnect classic  -w 2 -t 4000000";"dxexmachina_interconnect";2;4000000;4752591.0;0.0148;320225907.0;617.831;63.0;0.122;8007.0;0.015;1385205383.0;2.673;1369119008.0;0.99;131.0;0.253;417721540.0;0.3016;706604138.0;0.5101;518.306925;1.124;0.4610461
"./build/Benchmark/dxexmachina_interconnect classic  -w 2 -t 4000000";"dxexmachina_interconnect";2;4000000;4240459.0;0.013500000000000002;314501505.0;604.546;85.0;0.163;8046.0;0.015;1362673049.0;2.619;1321671655.0;0.97;136.0;0.261;395592640.0;0.2903;693345216.0;0.5088;520.227164;1.119;0.46481759
"./build/Benchmark/dxexmachina_interconnect classic  -w 2 -t 4000000";"dxexmachina_interconnect";2;4000000;5040170.0;0.0158;319758253.0;558.774;89.0;0.156;8031.0;0.014;1397219703.0;2.442;1348945336.0;0.97;135.0;0.236;421195707.0;0.3015;718001855.0;0.5139;572.249746;1.116;0.512897541
"./build/Benchmark/dxexmachina_interconnect classic  -w 2 -t 4000000";"dxexmachina_interconnect";2;4000000;5433352.0;0.0171;317865062.0;588.509;68.0;0.126;8014.0;0.015;1392300849.0;2.578;1361828659.0;0.98;135.0;0.25;428908932.0;0.3081;702453070.0;0.5045000000000001;540.119295;1.108;0.487389773
"./build/Benchmark/dxexmachina_interconnect classic  -w 2 -t 4000000";"dxexmachina_interconnect";2;4000000;5033902.0;0.015700000000000002;320661184.0;628.295;77.0;0.151;8010.0;0.016;1382812520.0;2.709;1361138799.0;0.98;136.0;0.266;407683271.0;0.2948;695549218.0;0.503;510.366945;1.116;0.457331209
"./build/Benchmark/dxexmachina_interconnect classic  -w 2 -t 4000000";"dxexmachina_interconnect";2;4000000;4917777.0;0.015300000000000001;321340708.0;529.409;122.0;0.201;8004.0;0.013;1376077914.0;2.267;1378029892.0;1.0;135.0;0.222;413985553.0;0.30079999999999996;701483756.0;0.5097999999999999;606.979961;1.116;0.543672632
"./build/Benchmark/dxexmachina_interconnect classic  -w 2 -t 4000000";"dxexmachina_interconnect";2;4000000;4523298.0;0.0143;316936255.0;584.41;97.0;0.179;8068.0;0.015;1383250849.0;2.551;1340948214.0;0.97;134.0;0.247;426641822.0;0.3084;702886193.0;0.5081;542.317915;1.119;0.484434461
"./build/Benchmark/dxexmachina_interconnect classic  -w 2 -t 4000000";"dxexmachina_interconnect";2;4000000;4960508.0;0.0154;321940172.0;606.44;96.0;0.181;8035.0;0.015;1387457901.0;2.614;1377745150.0;0.99;132.0;0.249;426952076.0;0.3077;711165347.0;0.5126;530.869224;1.123;0.472781077
"./build/Benchmark/dxexmachina_interconnect classic  -w 2 -t 4000000";"dxexmachina_interconnect";2;4000000;5247621.0;0.0163;322926617.0;626.064;75.0;0.145;8017.0;0.016;1382135766.0;2.68;1370105508.0;0.99;134.0;0.26;413141294.0;0.2989;692447626.0;0.501;515.804258;1.123;0.459244021
"./build/Benchmark/dxexmachina_interconnect classic  -w 2 -t 4000000";"dxexmachina_interconnect";2;4000000;5060609.0;0.0161;315148280.0;606.665;74.0;0.142;8012.0;0.015;1393313215.0;2.682;1338033991.0;0.96;131.0;0.252;429751876.0;0.3084;716425692.0;0.5142;519.476947;1.106;0.469566542
"./build/Benchmark/dxexmachina_interconnect classic  -w 2 -t 4000000";"dxexmachina_interconnect";2;4000000;5030441.0;0.0159;315554697.0;625.362;92.0;0.182;8003.0;0.016;1367116797.0;2.709;1345995792.0;0.98;135.0;0.268;403254128.0;0.295;687333536.0;0.5028;504.595536;1.102;0.457979766
"./build/Benchmark/dxexmachina_interconnect classic  -w 2 -t 4000000";"dxexmachina_interconnect";2;4000000;5253572.0;0.0163;321608159.0;577.03;91.0;0.163;8032.0;0.014;1426942101.0;2.56;1358125619.0;0.95;131.0;0.235;443628389.0;0.3109;733198870.0;0.5138;557.35069;1.109;0.502795622
"./build/Benchmark/dxexmachina_interconnect classic  -w 4 -t 4000000";"dxexmachina_interconnect";4;4000000;10947243.0;0.0096;1140513769.0;832.827;6.0;0.004;8003.0;0.006;3936404695.0;2.874;4454783220.0;1.13;141.0;0.103;940237069.0;0.2389;1816382038.0;0.46140000000000003;1369.448959;1.049;1.304995055
"./build/Benchmark/dxexmachina_interconnect classic  -w 4 -t 4000000";"dxexmachina_interconnect";4;4000000;10234465.0;0.009000000000000001;1139581311.0;799.829;8.0;0.006;8004.0;0.006;3938955009.0;2.765;4445280381.0;1.13;140.0;0.098;940517764.0;0.23879999999999998;1795236264.0;0.4558;1424.780362;1.049;1.357810524
"./build/Benchmark/dxexmachina_interconnect classic  -w 4 -t 4000000";"dxexmachina_interconnect";4;4000000;10041213.0;0.0088;1137069442.0;780.522;14.0;0.01;8004.0;0.005;3940958573.0;2.705;4437498118.0;1.13;140.0;0.096;948535789.0;0.2407;1805792814.0;0.4582;1456.805703;1.048;1.389885406
"./build/Benchmark/dxexmachina_interconnect classic  -w 4 -t 4000000";"dxexmachina_interconnect";4;4000000;10579064.0;0.009300000000000001;1142293102.0;832.208;6.0;0.004;8002.0;0.006;3945328981.0;2.874;4462830082.0;1.13;138.0;0.101;939522323.0;0.23809999999999998;1787876346.0;0.4532;1372.605142;1.05;1.307396117
"./build/Benchmark/dxexmachina_interconnect classic  -w 4 -t 4000000";"dxexmachina_interconnect";4;4000000;10639051.0;0.009300000000000001;1141699953.0;800.611;9.0;0.006;8006.0;0.006;3942917250.0;2.765;4464654824.0;1.13;137.0;0.096;945421106.0;0.2398;1792281374.0;0.4546;1426.036449;1.052;1.355625192
"./build/Benchmark/dxexmachina_interconnect classic  -w 4 -t 4000000";"dxexmachina_interconnect";4;4000000;11688470.0;0.0103;1140164125.0;830.343;14.0;0.01;8006.0;0.006;3951333731.0;2.878;4463663528.0;1.13;136.0;0.099;934526697.0;0.2365;1782349076.0;0.4511;1373.123828;1.049;1.308791405
"./build/Benchmark/dxexmachina_interconnect classic  -w 4 -t 4000000";"dxexmachina_interconnect";4;4000000;11560188.0;0.0101;1141369306.0;774.972;11.0;0.007;8005.0;0.005;3975160208.0;2.699;4457424495.0;1.12;140.0;0.095;952581139.0;0.2396;1819796380.0;0.4578;1472.787407;1.049;1.403370814
"./build/Benchmark/dxexmachina_interconnect classic  -w 4 -t 4000000";"dxexmachina_interconnect";4;4000000;11008661.0;0.0096;1142207686.0;814.92;9.0;0.006;8004.0;0.006;3993071959.0;2.849;4460561719.0;1.12;138.0;0.098;966988745.0;0.2422;1840147515.0;0.4608;1401.618966;1.05;1.334512725
"./build/Benchmark/dxexmachina_interconnect classic  -w 4 -t 4000000";"dxexmachina_interconnect";4;4000000;11321099.0;0.009899999999999999;1143270489.0;778.988;9.0;0.006;8005.0;0.005;3955675917.0;2.695;4465419849.0;1.13;138.0;0.094;940698055.0;0.2378;1798897860.0;0.4548;1467.634855;1.051;1.396431497
"./build/Benchmark/dxexmachina_interconnect classic  -w 4 -t 4000000";"dxexmachina_interconnect";4;4000000;10272180.0;0.009000000000000001;1143530581.0;808.57;17.0;0.012;8005.0;0.006;3933728798.0;2.781;4465923618.0;1.14;139.0;0.098;946862806.0;0.2407;1797148025.0;0.4569;1414.26349;1.052;1.344440121
"./build/Benchmark/dxexmachina_interconnect classic  -w 4 -t 4000000";"dxexmachina_interconnect";4;4000000;9750061.0;0.0085;1141358501.0;794.8;10.0;0.007;8010.0;0.006;3919443721.0;2.729;4460430166.0;1.14;141.0;0.098;938802116.0;0.2395;1789191675.0;0.45649999999999996;1436.032292;1.05;1.367019559
"./build/Benchmark/dxexmachina_interconnect classic  -w 4 -t 4000000";"dxexmachina_interconnect";4;4000000;10783413.0;0.009399999999999999;1142845103.0;768.935;9.0;0.006;8002.0;0.005;4008292208.0;2.697;4464767765.0;1.11;140.0;0.094;980686778.0;0.2447;1847537697.0;0.46090000000000003;1486.270704;1.051;1.41392888
"./build/Benchmark/dxexmachina_interconnect classic  -w 4 -t 4000000";"dxexmachina_interconnect";4;4000000;10567891.0;0.009300000000000001;1141063598.0;821.705;8.0;0.006;8004.0;0.006;3986356822.0;2.871;4450497895.0;1.12;137.0;0.099;976826360.0;0.245;1840802572.0;0.4618;1388.653058;1.049;1.323384973
"./build/Benchmark/dxexmachina_interconnect classic  -w 4 -t 4000000";"dxexmachina_interconnect";4;4000000;11650691.0;0.0102;1138346270.0;776.788;12.0;0.008;8002.0;0.005;3989472142.0;2.722;4441308025.0;1.11;138.0;0.094;972001060.0;0.24359999999999998;1832572473.0;0.4594;1465.453043;1.049;1.39705072
"./build/Benchmark/dxexmachina_interconnect classic  -w 4 -t 4000000";"dxexmachina_interconnect";4;4000000;10758764.0;0.0095;1138204086.0;781.929;10.0;0.007;8005.0;0.005;3934944564.0;2.703;4445463554.0;1.13;140.0;0.096;941906657.0;0.2394;1793997853.0;0.4559;1455.635558;1.048;1.388858745
"./build/Benchmark/dxexmachina_interconnect classic  -w 4 -t 4000000";"dxexmachina_interconnect";4;4000000;11402056.0;0.01;1135894618.0;803.099;9.0;0.006;8004.0;0.006;3931591397.0;2.78;4433246732.0;1.13;140.0;0.099;934178354.0;0.2376;1781141987.0;0.45299999999999996;1414.388799;1.049;1.348893558
"./build/Benchmark/dxexmachina_interconnect classic  -w 4 -t 4000000";"dxexmachina_interconnect";4;4000000;11760540.0;0.0104;1135876909.0;776.028;14.0;0.01;8009.0;0.005;3990947004.0;2.727;4435436514.0;1.11;137.0;0.094;977159396.0;0.24480000000000002;1827624125.0;0.4579;1463.705748;1.049;1.394851832
"./build/Benchmark/dxexmachina_interconnect classic  -w 4 -t 4000000";"dxexmachina_interconnect";4;4000000;10414310.0;0.0092;1136518222.0;764.043;12.0;0.008;8005.0;0.005;4006894416.0;2.694;4435466828.0;1.11;139.0;0.093;984052734.0;0.24559999999999998;1875216495.0;0.46799999999999997;1487.504783;1.05;1.416784229
"./build/Benchmark/dxexmachina_interconnect classic  -w 4 -t 4000000";"dxexmachina_interconnect";4;4000000;10742954.0;0.009399999999999999;1139173836.0;794.384;11.0;0.008;8002.0;0.006;3958832920.0;2.761;4445112730.0;1.12;141.0;0.098;951279458.0;0.2403;1813087570.0;0.45799999999999996;1434.033644;1.05;1.36614622
"./build/Benchmark/dxexmachina_interconnect classic  -w 4 -t 4000000";"dxexmachina_interconnect";4;4000000;9892265.0;0.0087;1139937602.0;829.534;10.0;0.007;8005.0;0.006;3948367434.0;2.873;4453618330.0;1.13;139.0;0.101;953164786.0;0.2414;1813345353.0;0.4593;1374.190673;1.049;1.309698927
"./build/Benchmark/dxexmachina_interconnect classic  -w 4 -t 4000000";"dxexmachina_interconnect";4;4000000;10406819.0;0.0091;1142376833.0;822.763;6.0;0.004;8003.0;0.006;3981726482.0;2.868;4459931183.0;1.12;140.0;0.101;964425969.0;0.2422;1833124852.0;0.4604;1388.464091;1.051;1.321595567
"./build/Benchmark/dxexmachina_interconnect classic  -w 4 -t 4000000";"dxexmachina_interconnect";4;4000000;9698803.0;0.0085;1138647618.0;805.273;13.0;0.009;8008.0;0.006;3957903939.0;2.799;4442242379.0;1.12;138.0;0.098;960299016.0;0.2426;1837506923.0;0.4643;1413.988878;1.05;1.346901016
"./build/Benchmark/dxexmachina_interconnect classic  -w 4 -t 4000000";"dxexmachina_interconnect";4;4000000;10641079.0;0.009300000000000001;1141840762.0;794.67;6.0;0.004;8004.0;0.006;3973287010.0;2.765;4460863320.0;1.12;137.0;0.095;956753374.0;0.2408;1819574609.0;0.45799999999999996;1436.874258;1.051;1.367607172
"./build/Benchmark/dxexmachina_interconnect classic  -w 4 -t 4000000";"dxexmachina_interconnect";4;4000000;10605734.0;0.009300000000000001;1142458640.0;784.148;9.0;0.006;8005.0;0.005;3942854457.0;2.706;4466473617.0;1.13;143.0;0.098;934956294.0;0.2371;1794135471.0;0.455;1456.942854;1.05;1.387787956
"./build/Benchmark/dxexmachina_interconnect classic  -w 4 -t 4000000";"dxexmachina_interconnect";4;4000000;11717237.0;0.0103;1139397731.0;822.962;6.0;0.004;8004.0;0.006;3966153566.0;2.865;4441607486.0;1.12;140.0;0.101;956187582.0;0.24109999999999998;1817222201.0;0.4582;1384.509018;1.05;1.319115591
"./build/Benchmark/dxexmachina_interconnect classic  -w 4 -t 4000000";"dxexmachina_interconnect";4;4000000;10505715.0;0.0092;1142263900.0;804.648;10.0;0.007;8006.0;0.006;4058743426.0;2.859;4464677449.0;1.1;136.0;0.096;1009384718.0;0.2487;1912499037.0;0.47119999999999995;1419.582408;1.051;1.35129695
"./build/Benchmark/dxexmachina_interconnect classic  -w 4 -t 4000000";"dxexmachina_interconnect";4;4000000;10761117.0;0.009399999999999999;1138867714.0;816.197;11.0;0.008;8006.0;0.006;3974256259.0;2.848;4449279711.0;1.12;137.0;0.098;973219517.0;0.24489999999999998;1836819074.0;0.4622;1395.335058;1.049;1.330200317
"./build/Benchmark/dxexmachina_interconnect classic  -w 4 -t 4000000";"dxexmachina_interconnect";4;4000000;10606313.0;0.009300000000000001;1142588476.0;777.712;12.0;0.008;8003.0;0.005;3965266136.0;2.699;4453892525.0;1.12;136.0;0.093;953536897.0;0.24050000000000002;1811687214.0;0.4569;1469.167357;1.05;1.399226921
"./build/Benchmark/dxexmachina_interconnect classic  -w 4 -t 4000000";"dxexmachina_interconnect";4;4000000;11205433.0;0.0098;1138613058.0;789.249;7.0;0.005;8003.0;0.006;3959627670.0;2.745;4449607148.0;1.12;136.0;0.094;965848633.0;0.2439;1823811674.0;0.4606;1442.652959;1.048;1.376334002
"./build/Benchmark/dxexmachina_interconnect classic  -w 4 -t 4000000";"dxexmachina_interconnect";4;4000000;11194039.0;0.0098;1138180697.0;829.213;5.0;0.004;8003.0;0.006;3949893266.0;2.878;4448308824.0;1.13;139.0;0.101;946961124.0;0.2397;1800731969.0;0.4559;1372.604066;1.049;1.308945872
"./build/Benchmark/dxexmachina_interconnect classic  -w 4 -t 4000000";"dxexmachina_interconnect";4;4000000;12464784.0;0.0109;1142095799.0;788.745;11.0;0.008;8005.0;0.006;3971932541.0;2.743;4459717025.0;1.12;136.0;0.094;949806512.0;0.2391;1797584338.0;0.4526;1447.990853;1.05;1.378462744
"./build/Benchmark/dxexmachina_interconnect classic  -w 4 -t 4000000";"dxexmachina_interconnect";4;4000000;9886654.0;0.0086;1143726654.0;786.616;7.0;0.005;8003.0;0.006;3923463916.0;2.698;4466461211.0;1.14;141.0;0.097;927481139.0;0.2364;1784855988.0;0.4549;1453.983845;1.051;1.383190167
"./build/Benchmark/dxexmachina_interconnect classic  -w 4 -t 4000000";"dxexmachina_interconnect";4;4000000;10968999.0;0.0097;1136127835.0;795.044;16.0;0.011;8006.0;0.006;3970899798.0;2.779;4432966190.0;1.12;140.0;0.098;971649775.0;0.2447;1828271754.0;0.4604;1429.012151;1.048;1.363268079
"./build/Benchmark/dxexmachina_interconnect classic  -w 4 -t 4000000";"dxexmachina_interconnect";4;4000000;10801430.0;0.0095;1137175093.0;811.306;9.0;0.006;8009.0;0.006;3962301944.0;2.827;4440148262.0;1.12;137.0;0.098;953280250.0;0.24059999999999998;1812888933.0;0.4575;1401.660361;1.049;1.336508054
"./build/Benchmark/dxexmachina_interconnect classic  -w 4 -t 4000000";"dxexmachina_interconnect";4;4000000;10832123.0;0.0095;1140239045.0;828.158;4.0;0.003;8002.0;0.006;3954059099.0;2.872;4456820065.0;1.13;140.0;0.102;942325793.0;0.23829999999999998;1801912667.0;0.4557;1376.83837;1.05;1.31154932
"./build/Benchmark/dxexmachina_interconnect classic  -w 4 -t 4000000";"dxexmachina_interconnect";4;4000000;10782859.0;0.0095;1135632209.0;829.72;5.0;0.004;8002.0;0.006;3934773006.0;2.875;4424903808.0;1.12;141.0;0.103;942037142.0;0.2394;1794874512.0;0.4562;1368.693504;1.047;1.307728739
"./build/Benchmark/dxexmachina_interconnect classic  -w 4 -t 4000000";"dxexmachina_interconnect";4;4000000;11340446.0;0.01;1136659949.0;822.8;6.0;0.004;8004.0;0.006;3973238681.0;2.876;4438032733.0;1.12;141.0;0.102;967021434.0;0.2434;1815399531.0;0.4569;1381.453691;1.048;1.31808382
"./build/Benchmark/dxexmachina_interconnect classic  -w 4 -t 4000000";"dxexmachina_interconnect";4;4000000;11535676.0;0.0101;1137619178.0;767.599;14.0;0.009;8003.0;0.005;3994833144.0;2.695;4443655892.0;1.11;139.0;0.094;971174592.0;0.24309999999999998;1837579330.0;0.46;1482.048333;1.05;1.410816598
"./build/Benchmark/dxexmachina_interconnect classic  -w 4 -t 4000000";"dxexmachina_interconnect";4;4000000;10436452.0;0.0092;1138784684.0;802.586;6.0;0.004;8004.0;0.006;3967610545.0;2.796;4447311556.0;1.12;137.0;0.097;965817191.0;0.2434;1823193713.0;0.4595;1418.894923;1.049;1.353190406
"./build/Benchmark/dxexmachina_interconnect classic  -w 4 -t 4000000";"dxexmachina_interconnect";4;4000000;11787932.0;0.0103;1141949283.0;781.811;14.0;0.01;8003.0;0.005;3950618908.0;2.705;4460154218.0;1.13;142.0;0.097;935024182.0;0.23670000000000002;1785950028.0;0.4521;1460.646667;1.051;1.389809107
"./build/Benchmark/dxexmachina_interconnect classic  -w 4 -t 4000000";"dxexmachina_interconnect";4;4000000;11376742.0;0.01;1139180735.0;832.189;4.0;0.003;8002.0;0.006;3933006415.0;2.873;4445911229.0;1.13;137.0;0.1;935450841.0;0.2378;1774017704.0;0.4511;1368.896798;1.05;1.304099063
"./build/Benchmark/dxexmachina_interconnect classic  -w 4 -t 4000000";"dxexmachina_interconnect";4;4000000;10756244.0;0.0095;1136246191.0;791.458;12.0;0.008;8004.0;0.006;3948031626.0;2.75;4431335986.0;1.12;136.0;0.095;951005623.0;0.2409;1808787020.0;0.4581;1435.637035;1.048;1.369650202
"./build/Benchmark/dxexmachina_interconnect classic  -w 4 -t 4000000";"dxexmachina_interconnect";4;4000000;10185313.0;0.0089;1142396830.0;803.168;8.0;0.006;8008.0;0.006;3963932202.0;2.787;4451797703.0;1.12;137.0;0.096;957135913.0;0.2415;1822482635.0;0.4598;1422.363503;1.05;1.354586676
"./build/Benchmark/dxexmachina_interconnect classic  -w 4 -t 4000000";"dxexmachina_interconnect";4;4000000;11456005.0;0.01;1142439611.0;828.476;7.0;0.005;8006.0;0.006;3948711040.0;2.864;4466120498.0;1.13;140.0;0.102;936846476.0;0.2373;1791558691.0;0.4537;1378.965876;1.05;1.312855053
"./build/Benchmark/dxexmachina_interconnect classic  -w 4 -t 4000000";"dxexmachina_interconnect";4;4000000;11405584.0;0.01;1139327574.0;780.558;9.0;0.006;8006.0;0.005;3947857406.0;2.705;4451752863.0;1.13;139.0;0.095;936014713.0;0.2371;1775523511.0;0.4497;1459.632543;1.048;1.392560814
"./build/Benchmark/dxexmachina_interconnect classic  -w 4 -t 4000000";"dxexmachina_interconnect";4;4000000;10703728.0;0.009399999999999999;1139098230.0;795.552;15.0;0.01;8009.0;0.006;3991907536.0;2.788;4445217187.0;1.11;136.0;0.095;971897186.0;0.24350000000000002;1847045177.0;0.46270000000000006;1431.832939;1.05;1.364158051
"./build/Benchmark/dxexmachina_interconnect classic  -w 4 -t 4000000";"dxexmachina_interconnect";4;4000000;11472511.0;0.0101;1138629653.0;778.337;12.0;0.008;8002.0;0.005;3954593315.0;2.703;4444153198.0;1.12;137.0;0.094;938252606.0;0.2373;1795882999.0;0.45409999999999995;1462.900406;1.048;1.39561832
"./build/Benchmark/dxexmachina_interconnect classic  -w 4 -t 4000000";"dxexmachina_interconnect";4;4000000;9420309.0;0.0083;1138407672.0;775.757;10.0;0.007;8004.0;0.005;3969908279.0;2.705;4444243678.0;1.12;140.0;0.095;963790125.0;0.24280000000000002;1829530495.0;0.4608;1467.478858;1.048;1.400167957
"./build/Benchmark/dxexmachina_interconnect classic  -w 4 -t 4000000";"dxexmachina_interconnect";4;4000000;10476807.0;0.0092;1138964950.0;832.735;8.0;0.006;8003.0;0.006;3931639354.0;2.875;4446197311.0;1.13;140.0;0.102;938209810.0;0.2386;1792725863.0;0.456;1367.740347;1.049;1.303493786
"./build/Benchmark/dxexmachina_interconnect classic  -w 4 -t 4000000";"dxexmachina_interconnect";4;4000000;10835680.0;0.0095;1136446159.0;816.144;9.0;0.006;8004.0;0.006;3952786435.0;2.839;4435522197.0;1.12;140.0;0.101;950127129.0;0.2404;1801232344.0;0.4557;1392.458259;1.047;1.329674006
"./build/Benchmark/dxexmachina_interconnect classic  -w 8 -t 4000000";"dxexmachina_interconnect";8;4000000;31336946.0;0.0063;4987100666.0;915.643;40.0;0.007;8002.0;0.001;15914276460.0;2.922;18570625622.0;1.17;149.0;0.027;3586801628.0;0.2254;7218714733.0;0.4536;5446.553843;1.017;5.356712324
"./build/Benchmark/dxexmachina_interconnect classic  -w 8 -t 4000000";"dxexmachina_interconnect";8;4000000;39159377.0;0.0078000000000000005;4990567390.0;922.582;12.0;0.002;8003.0;0.001;15938243560.0;2.946;18594428521.0;1.17;145.0;0.027;3586648191.0;0.225;7148137715.0;0.4485;5409.350198;1.016;5.324047821
"./build/Benchmark/dxexmachina_interconnect classic  -w 8 -t 4000000";"dxexmachina_interconnect";8;4000000;35546336.0;0.0070999999999999995;4990813716.0;900.659;12.0;0.002;8005.0;0.001;16202817606.0;2.924;18590071651.0;1.15;148.0;0.027;3737772275.0;0.23070000000000002;7433308574.0;0.45880000000000004;5541.288626;1.017;5.449267037
"./build/Benchmark/dxexmachina_interconnect classic  -w 8 -t 4000000";"dxexmachina_interconnect";8;4000000;39821122.0;0.008;4989737454.0;896.136;41.0;0.007;8004.0;0.001;16209055515.0;2.911;18584542181.0;1.15;148.0;0.027;3717193976.0;0.2293;7381650311.0;0.45539999999999997;5568.058169;1.017;5.472992252
"./build/Benchmark/dxexmachina_interconnect classic  -w 8 -t 4000000";"dxexmachina_interconnect";8;4000000;37057742.0;0.0074;4989367257.0;885.521;12.0;0.002;8004.0;0.001;16043793165.0;2.847;18580900001.0;1.16;148.0;0.026;3662358079.0;0.22829999999999998;7291461990.0;0.4545;5634.383765;1.019;5.528055307
"./build/Benchmark/dxexmachina_interconnect classic  -w 8 -t 4000000";"dxexmachina_interconnect";8;4000000;32678775.0;0.006500000000000001;4994420380.0;924.685;12.0;0.002;8002.0;0.001;15950215819.0;2.953;18595866033.0;1.17;144.0;0.027;3620501056.0;0.22699999999999998;7275166692.0;0.4561;5401.211533;1.016;5.314971237
"./build/Benchmark/dxexmachina_interconnect classic  -w 8 -t 4000000";"dxexmachina_interconnect";8;4000000;37517615.0;0.0075;4992641987.0;916.317;39.0;0.007;8003.0;0.001;16114623699.0;2.958;18595106030.0;1.15;145.0;0.027;3684027999.0;0.2286;7321617737.0;0.4543;5448.597237;1.016;5.363948259
"./build/Benchmark/dxexmachina_interconnect classic  -w 8 -t 4000000";"dxexmachina_interconnect";8;4000000;40011467.0;0.008;4985551094.0;860.682;10.0;0.002;8003.0;0.001;16327194916.0;2.819;18565365825.0;1.14;146.0;0.025;3757554226.0;0.23010000000000003;7490392238.0;0.45880000000000004;5792.560267;1.019;5.683325181
"./build/Benchmark/dxexmachina_interconnect classic  -w 8 -t 4000000";"dxexmachina_interconnect";8;4000000;33819212.0;0.0068000000000000005;4987608073.0;897.767;11.0;0.002;8004.0;0.001;15964704730.0;2.874;18574167629.0;1.16;144.0;0.026;3611365601.0;0.2262;7242857260.0;0.4537;5555.5716;1.018;5.458718685
"./build/Benchmark/dxexmachina_interconnect classic  -w 8 -t 4000000";"dxexmachina_interconnect";8;4000000;35381727.0;0.0070999999999999995;4991104113.0;927.167;9.0;0.002;8003.0;0.001;15899223172.0;2.954;18590075606.0;1.17;149.0;0.028;3561073645.0;0.22399999999999998;7163771379.0;0.4506;5383.178292;1.016;5.298914892
"./build/Benchmark/dxexmachina_interconnect classic  -w 8 -t 4000000";"dxexmachina_interconnect";8;4000000;39489938.0;0.0079;4988336688.0;899.253;9.0;0.002;8005.0;0.001;15967213705.0;2.878;18574425644.0;1.16;146.0;0.026;3612367101.0;0.2262;7207405330.0;0.4514;5547.202818;1.016;5.457579577
"./build/Benchmark/dxexmachina_interconnect classic  -w 8 -t 4000000";"dxexmachina_interconnect";8;4000000;37993557.0;0.0076;4993904780.0;908.712;12.0;0.002;8005.0;0.001;16073977142.0;2.925;18604409859.0;1.16;149.0;0.027;3648638742.0;0.22699999999999998;7277962174.0;0.45280000000000004;5495.584596;1.016;5.407708748
"./build/Benchmark/dxexmachina_interconnect classic  -w 8 -t 4000000";"dxexmachina_interconnect";8;4000000;33092248.0;0.0066;4989590260.0;903.455;12.0;0.002;8007.0;0.001;15946895344.0;2.887;18577803375.0;1.16;145.0;0.026;3632616278.0;0.2278;7305041804.0;0.4581;5522.788365;1.017;5.431942356
"./build/Benchmark/dxexmachina_interconnect classic  -w 8 -t 4000000";"dxexmachina_interconnect";8;4000000;36945630.0;0.0074;4990401947.0;878.013;15.0;0.003;8003.0;0.001;16094481275.0;2.832;18586057130.0;1.15;148.0;0.026;3621431069.0;0.225;7263692546.0;0.45130000000000003;5683.743434;1.013;5.610875535
"./build/Benchmark/dxexmachina_interconnect classic  -w 8 -t 4000000";"dxexmachina_interconnect";8;4000000;36923308.0;0.0074;4992547673.0;903.712;11.0;0.002;8005.0;0.001;16056789427.0;2.906;18597542218.0;1.16;147.0;0.027;3668447748.0;0.2285;7262821006.0;0.4523;5524.488601;1.016;5.436900232
"./build/Benchmark/dxexmachina_interconnect classic  -w 8 -t 4000000";"dxexmachina_interconnect";8;4000000;33509654.0;0.0067;4989044529.0;920.012;11.0;0.002;8003.0;0.001;15982244367.0;2.947;18580779799.0;1.16;145.0;0.027;3647677523.0;0.22820000000000001;7306464803.0;0.4572;5422.806664;1.016;5.339934604
"./build/Benchmark/dxexmachina_interconnect classic  -w 8 -t 4000000";"dxexmachina_interconnect";8;4000000;35938620.0;0.0072;4992058618.0;892.68;10.0;0.002;8005.0;0.001;16053861357.0;2.871;18586657385.0;1.16;148.0;0.026;3645992086.0;0.2271;7307505951.0;0.45520000000000005;5592.213193;1.018;5.495404141
"./build/Benchmark/dxexmachina_interconnect classic  -w 8 -t 4000000";"dxexmachina_interconnect";8;4000000;38135094.0;0.0076;4991867276.0;907.762;10.0;0.002;8005.0;0.001;16176569231.0;2.942;18595512954.0;1.15;148.0;0.027;3750454052.0;0.2318;7463042155.0;0.46130000000000004;5499.095004;1.016;5.410215431
"./build/Benchmark/dxexmachina_interconnect classic  -w 8 -t 4000000";"dxexmachina_interconnect";8;4000000;34099473.0;0.0068000000000000005;4988502552.0;889.893;25.0;0.004;8005.0;0.001;16044717252.0;2.862;18574613073.0;1.16;148.0;0.026;3673335528.0;0.2289;7308077930.0;0.45549999999999996;5605.735754;1.019;5.500849326
"./build/Benchmark/dxexmachina_interconnect classic  -w 8 -t 4000000";"dxexmachina_interconnect";8;4000000;36171998.0;0.0072;4990798694.0;900.382;11.0;0.002;8003.0;0.001;16014111126.0;2.889;18589786163.0;1.16;148.0;0.027;3657208913.0;0.2284;7279577080.0;0.4546;5542.979513;1.016;5.453603974
"./build/Benchmark/dxexmachina_interconnect classic  -w 8 -t 4000000";"dxexmachina_interconnect";8;4000000;35118844.0;0.006999999999999999;4994445685.0;919.568;10.0;0.002;8004.0;0.001;16027648315.0;2.951;18603448890.0;1.16;145.0;0.027;3621762247.0;0.226;7273431255.0;0.45380000000000004;5431.295037;1.016;5.34507285
"./build/Benchmark/dxexmachina_interconnect classic  -w 8 -t 4000000";"dxexmachina_interconnect";8;4000000;35167465.0;0.0070999999999999995;4987845175.0;912.65;11.0;0.002;8002.0;0.001;16150306858.0;2.955;18575179786.0;1.15;148.0;0.027;3713835248.0;0.23;7395029524.0;0.4579;5465.23602;1.015;5.38207274
"./build/Benchmark/dxexmachina_interconnect classic  -w 8 -t 4000000";"dxexmachina_interconnect";8;4000000;36193478.0;0.0073;4991792466.0;900.738;12.0;0.002;8002.0;0.001;16084783669.0;2.902;18593720939.0;1.16;145.0;0.026;3621246210.0;0.22510000000000002;7260073357.0;0.4514;5541.894514;1.016;5.452613974
"./build/Benchmark/dxexmachina_interconnect classic  -w 8 -t 4000000";"dxexmachina_interconnect";8;4000000;40204492.0;0.008100000000000001;4992946395.0;899.806;10.0;0.002;8003.0;0.001;16095981560.0;2.901;18598322448.0;1.16;146.0;0.026;3685588885.0;0.22899999999999998;7290738155.0;0.45299999999999996;5548.915134;1.018;5.451345808
"./build/Benchmark/dxexmachina_interconnect classic  -w 8 -t 4000000";"dxexmachina_interconnect";8;4000000;35605253.0;0.0070999999999999995;4990100918.0;909.23;9.0;0.002;8009.0;0.001;16208776774.0;2.953;18577359868.0;1.15;147.0;0.027;3746651475.0;0.2311;7496259684.0;0.4625;5488.26928;1.015;5.405108086
"./build/Benchmark/dxexmachina_interconnect classic  -w 8 -t 4000000";"dxexmachina_interconnect";8;4000000;33474730.0;0.0067;4992323845.0;922.203;10.0;0.002;8003.0;0.001;15940360870.0;2.945;18603560899.0;1.17;148.0;0.027;3609044741.0;0.22640000000000002;7241577570.0;0.4543;5413.475969;1.016;5.326715971
"./build/Benchmark/dxexmachina_interconnect classic  -w 8 -t 4000000";"dxexmachina_interconnect";8;4000000;42346697.0;0.0085;4991455147.0;919.954;10.0;0.002;8002.0;0.001;16053476440.0;2.959;18574877543.0;1.16;148.0;0.027;3654408873.0;0.22760000000000002;7243221547.0;0.4512;5425.767915;1.016;5.342483682
"./build/Benchmark/dxexmachina_interconnect classic  -w 8 -t 4000000";"dxexmachina_interconnect";8;4000000;32648518.0;0.006500000000000001;4985675005.0;897.238;10.0;0.002;8002.0;0.001;15977562364.0;2.875;18559090686.0;1.16;149.0;0.027;3614771041.0;0.2262;7251263541.0;0.45380000000000004;5556.692014;1.018;5.456949576
"./build/Benchmark/dxexmachina_interconnect classic  -w 8 -t 4000000";"dxexmachina_interconnect";8;4000000;39419102.0;0.0079;4987835016.0;878.534;37.0;0.007;8005.0;0.001;16015789143.0;2.821;18581988318.0;1.16;148.0;0.026;3630157252.0;0.2267;7240542209.0;0.4521;5677.451194;1.02;5.565510758
"./build/Benchmark/dxexmachina_interconnect classic  -w 8 -t 4000000";"dxexmachina_interconnect";8;4000000;38794883.0;0.0078000000000000005;4990087968.0;919.56;13.0;0.002;8003.0;0.001;15988376851.0;2.946;18572279429.0;1.16;144.0;0.027;3625747755.0;0.2268;7183745801.0;0.4493;5426.601567;1.016;5.342372153
"./build/Benchmark/dxexmachina_interconnect classic  -w 8 -t 4000000";"dxexmachina_interconnect";8;4000000;33133623.0;0.0066;4991085580.0;907.867;9.0;0.002;8005.0;0.001;16014087119.0;2.913;18582881868.0;1.16;148.0;0.027;3660639306.0;0.2286;7310817420.0;0.45649999999999996;5497.597908;1.016;5.412270476
"./build/Benchmark/dxexmachina_interconnect classic  -w 8 -t 4000000";"dxexmachina_interconnect";8;4000000;35252151.0;0.0070999999999999995;4993492368.0;925.152;10.0;0.002;8002.0;0.001;15938185512.0;2.953;18603464968.0;1.17;144.0;0.027;3598004195.0;0.2257;7222315200.0;0.4531;5397.483687;1.016;5.311726932
"./build/Benchmark/dxexmachina_interconnect classic  -w 8 -t 4000000";"dxexmachina_interconnect";8;4000000;33950407.0;0.0068000000000000005;4986180659.0;903.527;9.0;0.002;8003.0;0.001;15942205133.0;2.889;18567831465.0;1.16;148.0;0.027;3619522731.0;0.22699999999999998;7260873103.0;0.45539999999999997;5518.571783;1.018;5.422893137
"./build/Benchmark/dxexmachina_interconnect classic  -w 8 -t 4000000";"dxexmachina_interconnect";8;4000000;35183984.0;0.0070999999999999995;4988519671.0;910.537;12.0;0.002;8003.0;0.001;15986815072.0;2.918;18575496802.0;1.16;147.0;0.027;3590269707.0;0.22460000000000002;7235592187.0;0.4526;5478.656155;1.016;5.391298217
"./build/Benchmark/dxexmachina_interconnect classic  -w 8 -t 4000000";"dxexmachina_interconnect";8;4000000;34656340.0;0.0069;4991967433.0;919.378;11.0;0.002;8002.0;0.001;16008801149.0;2.948;18598080532.0;1.16;148.0;0.027;3639545751.0;0.2273;7273240021.0;0.4543;5429.725016;1.016;5.343139699
"./build/Benchmark/dxexmachina_interconnect classic  -w 8 -t 4000000";"dxexmachina_interconnect";8;4000000;35685185.0;0.0070999999999999995;4992684007.0;921.901;13.0;0.002;8004.0;0.001;15997597951.0;2.954;18600297806.0;1.16;148.0;0.027;3623287511.0;0.22649999999999998;7239101144.0;0.4525;5415.638516;1.016;5.331354004
"./build/Benchmark/dxexmachina_interconnect classic  -w 8 -t 4000000";"dxexmachina_interconnect";8;4000000;32316201.0;0.006500000000000001;4994352275.0;923.232;12.0;0.002;8002.0;0.001;15938905592.0;2.946;18602582192.0;1.17;145.0;0.027;3619181037.0;0.2271;7272034161.0;0.4562;5409.637128;1.017;5.321212596
"./build/Benchmark/dxexmachina_interconnect classic  -w 8 -t 4000000";"dxexmachina_interconnect";8;4000000;32912891.0;0.0066;4993191649.0;925.963;26.0;0.005;8003.0;0.001;15948648351.0;2.958;18599029927.0;1.17;144.0;0.027;3608038271.0;0.2262;7246898493.0;0.45439999999999997;5392.431481;1.016;5.307946222
"./build/Benchmark/dxexmachina_interconnect classic  -w 8 -t 4000000";"dxexmachina_interconnect";8;4000000;31311278.0;0.0063;4991339037.0;918.586;9.0;0.002;8002.0;0.001;15970883409.0;2.939;18584293215.0;1.16;147.0;0.027;3644192969.0;0.22820000000000001;7303740044.0;0.4573;5433.720176;1.016;5.347576447
"./build/Benchmark/dxexmachina_interconnect classic  -w 8 -t 4000000";"dxexmachina_interconnect";8;4000000;37630633.0;0.0075;4991726086.0;924.051;12.0;0.002;8004.0;0.001;15912876210.0;2.946;18591987087.0;1.17;149.0;0.028;3562619522.0;0.22390000000000002;7158377949.0;0.4498;5402.005639;1.016;5.317018603
"./build/Benchmark/dxexmachina_interconnect classic  -w 8 -t 4000000";"dxexmachina_interconnect";8;4000000;39184588.0;0.0079;4990802021.0;908.12;9.0;0.002;8003.0;0.001;16078036447.0;2.926;18583513079.0;1.16;145.0;0.026;3680330299.0;0.2289;7235132338.0;0.45;5495.751226;1.016;5.408691437
"./build/Benchmark/dxexmachina_interconnect classic  -w 8 -t 4000000";"dxexmachina_interconnect";8;4000000;37657511.0;0.0075;4990245518.0;888.006;10.0;0.002;8003.0;0.001;15984294017.0;2.844;18582145172.0;1.16;148.0;0.026;3600954210.0;0.2253;7210545861.0;0.4511;5619.610682;1.019;5.513354301
"./build/Benchmark/dxexmachina_interconnect classic  -w 8 -t 4000000";"dxexmachina_interconnect";8;4000000;32976864.0;0.0066;4988617499.0;922.195;14.0;0.003;8002.0;0.001;15917869335.0;2.943;18567388856.0;1.17;148.0;0.027;3578569966.0;0.2248;7217494424.0;0.4534;5409.502663;1.015;5.331485098
"./build/Benchmark/dxexmachina_interconnect classic  -w 8 -t 4000000";"dxexmachina_interconnect";8;4000000;38957313.0;0.0078000000000000005;4989069907.0;925.704;9.0;0.002;8003.0;0.001;15911169801.0;2.952;18581059366.0;1.17;145.0;0.027;3574299835.0;0.22460000000000002;7152334378.0;0.4495;5389.484582;1.016;5.305973688
"./build/Benchmark/dxexmachina_interconnect classic  -w 8 -t 4000000";"dxexmachina_interconnect";8;4000000;33555709.0;0.0067;4990547713.0;900.724;11.0;0.002;8003.0;0.001;15970007463.0;2.882;18587376162.0;1.16;148.0;0.027;3633642923.0;0.2275;7270313750.0;0.45520000000000005;5540.594138;1.017;5.447661558
"./build/Benchmark/dxexmachina_interconnect classic  -w 8 -t 4000000";"dxexmachina_interconnect";8;4000000;35520492.0;0.0070999999999999995;4994604529.0;914.974;10.0;0.002;8002.0;0.001;16048255398.0;2.94;18602949732.0;1.16;146.0;0.027;3664397760.0;0.22829999999999998;7296638721.0;0.4547;5458.738742;1.016;5.371024599
"./build/Benchmark/dxexmachina_interconnect classic  -w 8 -t 4000000";"dxexmachina_interconnect";8;4000000;35164616.0;0.006999999999999999;4993954378.0;924.35;11.0;0.002;8002.0;0.001;15924721499.0;2.948;18598657777.0;1.17;147.0;0.027;3599429443.0;0.226;7206360230.0;0.4525;5402.666438;1.016;5.317922197
"./build/Benchmark/dxexmachina_interconnect classic  -w 8 -t 4000000";"dxexmachina_interconnect";8;4000000;32871076.0;0.0066;4991948611.0;926.554;13.0;0.002;8003.0;0.001;15922510821.0;2.955;18588068185.0;1.17;147.0;0.027;3586546477.0;0.2253;7215623138.0;0.4532;5387.647797;1.016;5.302845075
"./build/Benchmark/dxexmachina_interconnect classic  -w 8 -t 4000000";"dxexmachina_interconnect";8;4000000;34969739.0;0.006999999999999999;4988970521.0;922.019;11.0;0.002;8002.0;0.001;15973074250.0;2.952;18577117075.0;1.16;148.0;0.027;3573633079.0;0.2237;7176302514.0;0.4493;5410.918781;1.016;5.327863984
"./build/Benchmark/dxexmachina_interconnect classic  -w 8 -t 4000000";"dxexmachina_interconnect";8;4000000;39901492.0;0.008;4990176039.0;905.053;10.0;0.002;8005.0;0.001;16123750717.0;2.924;18588552441.0;1.15;145.0;0.026;3695566129.0;0.22920000000000001;7319689738.0;0.45399999999999996;5513.683332;1.017;5.42334822
"./build/Benchmark/dxexmachina_interconnect classic  -w 16 -t 4000000";"dxexmachina_interconnect";16;4000000;233088232.0;0.0103;22574362554.0;972.051;35.0;0.002;8003.0;0.345;70512085576.0;3.036;82230119873.0;1.17;168.0;0.007;14661251396.0;0.2079;30279472132.0;0.4294;23223.433478;1.006;23.082002351
"./build/Benchmark/dxexmachina_interconnect classic  -w 16 -t 4000000";"dxexmachina_interconnect";16;4000000;242682942.0;0.0108;22569958138.0;966.098;75.0;0.003;8004.0;0.343;70636417851.0;3.024;82216663339.0;1.16;173.0;0.007;14635575702.0;0.2072;30135448500.0;0.4266;23361.97856;1.006;23.229873708
"./build/Benchmark/dxexmachina_interconnect classic  -w 16 -t 4000000";"dxexmachina_interconnect";16;4000000;248508487.0;0.011000000000000001;22572128679.0;957.174;32.0;0.001;8002.0;0.339;71063613210.0;3.013;82230130876.0;1.16;172.0;0.007;14905288231.0;0.2097;30497614524.0;0.4292;23582.059539;1.006;23.43987882
"./build/Benchmark/dxexmachina_interconnect classic  -w 16 -t 4000000";"dxexmachina_interconnect";16;4000000;258397342.0;0.011399999999999999;22573365445.0;948.313;33.0;0.001;8004.0;0.336;71021000850.0;2.984;82236432063.0;1.16;174.0;0.007;14624704957.0;0.2059;30206335058.0;0.4253;23803.715522;1.006;23.660337109
"./build/Benchmark/dxexmachina_interconnect classic  -w 16 -t 4000000";"dxexmachina_interconnect";16;4000000;234049078.0;0.0104;22575845507.0;966.599;155.0;0.007;8006.0;0.343;70863198219.0;3.034;82240961788.0;1.16;172.0;0.007;14850545366.0;0.2096;30433723615.0;0.42950000000000005;23355.952571;1.006;23.216817384
"./build/Benchmark/dxexmachina_interconnect classic  -w 16 -t 4000000";"dxexmachina_interconnect";16;4000000;238745218.0;0.0106;22570776763.0;972.721;33.0;0.001;8002.0;0.345;70526273371.0;3.039;82218725371.0;1.17;173.0;0.007;14661550644.0;0.2079;30161954907.0;0.4277;23203.760467;1.006;23.066051393
"./build/Benchmark/dxexmachina_interconnect classic  -w 16 -t 4000000";"dxexmachina_interconnect";16;4000000;265209831.0;0.011699999999999999;22572244511.0;962.267;33.0;0.001;8005.0;0.341;71267491945.0;3.038;82232870367.0;1.15;173.0;0.007;15050825242.0;0.2112;30667624414.0;0.4303;23457.370398;1.006;23.316835181
"./build/Benchmark/dxexmachina_interconnect classic  -w 16 -t 4000000";"dxexmachina_interconnect";16;4000000;247509915.0;0.011000000000000001;22575017049.0;968.282;33.0;0.001;8002.0;0.343;70860543651.0;3.039;82247978774.0;1.16;173.0;0.007;14781161448.0;0.2086;30305568353.0;0.4277;23314.497795;1.006;23.173797967
"./build/Benchmark/dxexmachina_interconnect classic  -w 16 -t 4000000";"dxexmachina_interconnect";16;4000000;252460935.0;0.011200000000000002;22569576257.0;969.269;74.0;0.003;8004.0;0.344;70780291283.0;3.04;82217401994.0;1.16;175.0;0.008;14720689395.0;0.20800000000000002;30213656405.0;0.4269;23285.153438;1.006;23.147711598
"./build/Benchmark/dxexmachina_interconnect classic  -w 16 -t 4000000";"dxexmachina_interconnect";16;4000000;250496838.0;0.0111;22571432948.0;962.692;155.0;0.007;8004.0;0.341;71346372248.0;3.043;82226453568.0;1.15;172.0;0.007;14918328771.0;0.2091;30362099498.0;0.42560000000000003;23446.172347;1.006;23.309214597
"./build/Benchmark/dxexmachina_interconnect classic  -w 16 -t 4000000";"dxexmachina_interconnect";16;4000000;233795061.0;0.0104;22570606342.0;972.255;34.0;0.001;8002.0;0.345;70407809474.0;3.033;82212025010.0;1.17;171.0;0.007;14684186615.0;0.2086;30291541698.0;0.4302;23214.697939;1.006;23.077318915
"./build/Benchmark/dxexmachina_interconnect classic  -w 16 -t 4000000";"dxexmachina_interconnect";16;4000000;239685551.0;0.0106;22570631236.0;957.396;33.0;0.001;8002.0;0.339;71804341302.0;3.046;82222193130.0;1.15;171.0;0.007;15384239447.0;0.2143;31493513423.0;0.4386;23575.02118;1.006;23.43695829
"./build/Benchmark/dxexmachina_interconnect classic  -w 16 -t 4000000";"dxexmachina_interconnect";16;4000000;257783367.0;0.011399999999999999;22575311140.0;971.86;32.0;0.001;8002.0;0.344;70618056665.0;3.04;82247835074.0;1.16;173.0;0.007;14681666052.0;0.2079;30144841993.0;0.4269;23228.970407;1.006;23.087432184
"./build/Benchmark/dxexmachina_interconnect classic  -w 16 -t 4000000";"dxexmachina_interconnect";16;4000000;237845009.0;0.0105;22568774146.0;965.329;35.0;0.001;8002.0;0.342;70972703211.0;3.036;82215331549.0;1.16;173.0;0.007;14893836662.0;0.20989999999999998;30528165336.0;0.4301;23379.362887;1.006;23.239357099
"./build/Benchmark/dxexmachina_interconnect classic  -w 16 -t 4000000";"dxexmachina_interconnect";16;4000000;263930111.0;0.011699999999999999;22567952404.0;961.957;31.0;0.001;8002.0;0.341;71106039088.0;3.031;82219533332.0;1.16;170.0;0.007;14777447859.0;0.2078;30253638493.0;0.4255;23460.46922;1.006;23.321775887
"./build/Benchmark/dxexmachina_interconnect classic  -w 16 -t 4000000";"dxexmachina_interconnect";16;4000000;235099179.0;0.0104;22572574653.0;970.452;33.0;0.001;8002.0;0.344;70503666320.0;3.031;82237063752.0;1.17;169.0;0.007;14658393078.0;0.2079;30299888526.0;0.42979999999999996;23259.858689;1.006;23.118237579
"./build/Benchmark/dxexmachina_interconnect classic  -w 16 -t 4000000";"dxexmachina_interconnect";16;4000000;271660745.0;0.012;22573743344.0;960.915;33.0;0.001;8002.0;0.341;70842778981.0;3.016;82234028544.0;1.16;174.0;0.007;14636864358.0;0.2066;29954076327.0;0.4228;23491.916464;1.006;23.347284652
"./build/Benchmark/dxexmachina_interconnect classic  -w 16 -t 4000000";"dxexmachina_interconnect";16;4000000;255259078.0;0.0113;22574657085.0;970.409;32.0;0.001;8002.0;0.344;70698211934.0;3.039;82234688708.0;1.16;170.0;0.007;14683129479.0;0.2077;30179844915.0;0.4269;23263.02808;1.006;23.122620905
"./build/Benchmark/dxexmachina_interconnect classic  -w 16 -t 4000000";"dxexmachina_interconnect";16;4000000;242809801.0;0.0108;22577256213.0;960.56;32.0;0.001;8002.0;0.34;70879239992.0;3.016;82232711383.0;1.16;173.0;0.007;14937474178.0;0.2107;30601760280.0;0.43170000000000003;23504.253625;1.006;23.359470222
"./build/Benchmark/dxexmachina_interconnect classic  -w 16 -t 4000000";"dxexmachina_interconnect";16;4000000;272505714.0;0.0121;22569549344.0;956.807;76.0;0.003;8003.0;0.339;71520520323.0;3.032;82211010640.0;1.15;170.0;0.007;15070812564.0;0.2107;30405216168.0;0.4251;23588.401473;1.006;23.450576119
"./build/Benchmark/dxexmachina_interconnect classic  -w 16 -t 4000000";"dxexmachina_interconnect";16;4000000;263736532.0;0.011699999999999999;22565838995.0;963.053;35.0;0.001;8002.0;0.342;71213929252.0;3.039;82197405061.0;1.15;174.0;0.007;15006494983.0;0.2107;30550991444.0;0.429;23431.569153;1.006;23.293110643
"./build/Benchmark/dxexmachina_interconnect classic  -w 16 -t 4000000";"dxexmachina_interconnect";16;4000000;240934803.0;0.010700000000000001;22571766384.0;967.174;32.0;0.001;8004.0;0.343;70721592261.0;3.03;82219821328.0;1.16;173.0;0.007;14741769728.0;0.2084;30412404711.0;0.43;23337.848826;1.006;23.199682557
"./build/Benchmark/dxexmachina_interconnect classic  -w 16 -t 4000000";"dxexmachina_interconnect";16;4000000;234923591.0;0.0104;22569796029.0;960.902;39.0;0.002;8008.0;0.341;70535289353.0;3.003;82214628440.0;1.17;170.0;0.007;14611177810.0;0.2071;30274062533.0;0.4292;23488.134589;1.006;23.34796571
"./build/Benchmark/dxexmachina_interconnect classic  -w 16 -t 4000000";"dxexmachina_interconnect";16;4000000;250914848.0;0.0111;22572839978.0;958.433;41.0;0.002;8003.0;0.34;71730511163.0;3.046;82238210896.0;1.15;173.0;0.007;15043011756.0;0.2097;30266718863.0;0.42200000000000004;23551.828328;1.006;23.412513641
"./build/Benchmark/dxexmachina_interconnect classic  -w 16 -t 4000000";"dxexmachina_interconnect";16;4000000;250557119.0;0.0111;22568496260.0;971.119;148.0;0.006;8004.0;0.344;70608403354.0;3.038;82211762637.0;1.16;172.0;0.007;14483980286.0;0.2051;30062639698.0;0.42579999999999996;23239.67559;1.006;23.102498354
"./build/Benchmark/dxexmachina_interconnect classic  -w 16 -t 4000000";"dxexmachina_interconnect";16;4000000;242928543.0;0.0108;22569565491.0;968.321;33.0;0.001;8004.0;0.343;70839275370.0;3.039;82215452077.0;1.16;170.0;0.007;14756758082.0;0.20829999999999999;30329105812.0;0.42810000000000004;23307.935669;1.006;23.171586284
"./build/Benchmark/dxexmachina_interconnect classic  -w 16 -t 4000000";"dxexmachina_interconnect";16;4000000;241574951.0;0.010700000000000001;22570793475.0;971.823;32.0;0.001;8002.0;0.345;70586361947.0;3.039;82211484047.0;1.16;173.0;0.007;14672398147.0;0.2079;30290607257.0;0.4291;23225.217325;1.006;23.089284423
"./build/Benchmark/dxexmachina_interconnect classic  -w 16 -t 4000000";"dxexmachina_interconnect";16;4000000;240398317.0;0.010700000000000001;22570066627.0;966.527;34.0;0.001;8002.0;0.343;70953743673.0;3.038;82221218708.0;1.16;172.0;0.007;14821568511.0;0.2089;30421344891.0;0.42869999999999997;23351.728153;1.006;23.214476004
"./build/Benchmark/dxexmachina_interconnect classic  -w 16 -t 4000000";"dxexmachina_interconnect";16;4000000;248269477.0;0.011000000000000001;22571507179.0;965.111;33.0;0.001;8003.0;0.342;71102287967.0;3.04;82236443767.0;1.16;173.0;0.007;14706025907.0;0.20679999999999998;30361882391.0;0.42700000000000005;23387.467902;1.006;23.248913564
"./build/Benchmark/dxexmachina_interconnect classic  -w 16 -t 4000000";"dxexmachina_interconnect";16;4000000;240705048.0;0.010700000000000001;22573162243.0;972.367;31.0;0.001;8002.0;0.345;70555225494.0;3.039;82233071462.0;1.17;172.0;0.007;14680820877.0;0.20809999999999998;30255214214.0;0.4288;23214.646812;1.006;23.075903902
"./build/Benchmark/dxexmachina_interconnect classic  -w 16 -t 4000000";"dxexmachina_interconnect";16;4000000;235801912.0;0.0104;22574460376.0;967.942;33.0;0.001;8002.0;0.343;70818288709.0;3.037;82246050013.0;1.16;173.0;0.007;14856214815.0;0.20980000000000001;30546103265.0;0.4313;23322.125723;1.006;23.17947488
"./build/Benchmark/dxexmachina_interconnect classic  -w 16 -t 4000000";"dxexmachina_interconnect";16;4000000;242222749.0;0.010700000000000001;22573515763.0;972.573;35.0;0.002;8002.0;0.345;70499742655.0;3.037;82236289803.0;1.17;171.0;0.007;14546770471.0;0.20629999999999998;30034516006.0;0.426;23210.101053;1.006;23.068736713
"./build/Benchmark/dxexmachina_interconnect classic  -w 16 -t 4000000";"dxexmachina_interconnect";16;4000000;237052691.0;0.0105;22572345187.0;971.141;32.0;0.001;8002.0;0.344;70640041957.0;3.039;82218710014.0;1.16;173.0;0.007;14758116997.0;0.2089;30329550018.0;0.4294;23243.12281;1.006;23.104382393
"./build/Benchmark/dxexmachina_interconnect classic  -w 16 -t 4000000";"dxexmachina_interconnect";16;4000000;235806754.0;0.0104;22570870597.0;960.347;32.0;0.001;8002.0;0.34;70823491128.0;3.013;82222255262.0;1.16;172.0;0.007;14840092886.0;0.2095;30504474634.0;0.4307;23502.828573;1.006;23.359584513
"./build/Benchmark/dxexmachina_interconnect classic  -w 16 -t 4000000";"dxexmachina_interconnect";16;4000000;233940451.0;0.0104;22567531700.0;963.242;33.0;0.001;8002.0;0.342;70526468170.0;3.01;82192926578.0;1.17;173.0;0.007;14725969899.0;0.20879999999999999;30367219818.0;0.43060000000000004;23428.72976;1.006;23.286195867
"./build/Benchmark/dxexmachina_interconnect classic  -w 16 -t 4000000";"dxexmachina_interconnect";16;4000000;245966214.0;0.0109;22570485352.0;967.358;33.0;0.001;8003.0;0.343;70820317527.0;3.035;82227992025.0;1.16;172.0;0.007;14868019820.0;0.20989999999999998;30353300022.0;0.4286;23332.102665;1.006;23.192109272
"./build/Benchmark/dxexmachina_interconnect classic  -w 16 -t 4000000";"dxexmachina_interconnect";16;4000000;235587725.0;0.0104;22568559827.0;966.116;72.0;0.003;8005.0;0.343;70487624647.0;3.017;82211146372.0;1.17;174.0;0.007;14666822735.0;0.20809999999999998;30248716024.0;0.4291;23360.091399;1.005;23.235452771
"./build/Benchmark/dxexmachina_interconnect classic  -w 16 -t 4000000";"dxexmachina_interconnect";16;4000000;259556450.0;0.0115;22568944099.0;967.577;33.0;0.001;8002.0;0.343;70937517217.0;3.041;82216310327.0;1.16;170.0;0.007;14658245298.0;0.2066;30142865892.0;0.4249;23325.229071;1.006;23.186978766
"./build/Benchmark/dxexmachina_interconnect classic  -w 16 -t 4000000";"dxexmachina_interconnect";16;4000000;244346551.0;0.0108;22572430124.0;966.415;36.0;0.002;8004.0;0.343;70925533531.0;3.037;82231814182.0;1.16;173.0;0.007;14810924239.0;0.20879999999999999;30455863348.0;0.4294;23356.866332;1.006;23.215481035
"./build/Benchmark/dxexmachina_interconnect classic  -w 16 -t 4000000";"dxexmachina_interconnect";16;4000000;262497882.0;0.0116;22569361684.0;966.783;33.0;0.001;8002.0;0.343;70800027681.0;3.033;82209560968.0;1.16;173.0;0.007;14667348980.0;0.2072;30024166944.0;0.4241;23344.815976;1.006;23.20723156
"./build/Benchmark/dxexmachina_interconnect classic  -w 16 -t 4000000";"dxexmachina_interconnect";16;4000000;263720899.0;0.011699999999999999;22576643480.0;964.917;34.0;0.001;8002.0;0.342;71110981760.0;3.039;82240380291.0;1.16;173.0;0.007;14977404985.0;0.21059999999999998;30306049280.0;0.42619999999999997;23397.502816;1.006;23.254930339
"./build/Benchmark/dxexmachina_interconnect classic  -w 16 -t 4000000";"dxexmachina_interconnect";16;4000000;255079593.0;0.0113;22573479543.0;965.389;32.0;0.001;8002.0;0.342;71080084467.0;3.04;82240471699.0;1.16;170.0;0.007;14779567003.0;0.2079;30295602209.0;0.42619999999999997;23382.787104;1.006;23.241531813
"./build/Benchmark/dxexmachina_interconnect classic  -w 16 -t 4000000";"dxexmachina_interconnect";16;4000000;235809184.0;0.0104;22568719515.0;960.944;32.0;0.001;8002.0;0.341;71348616201.0;3.038;82212458936.0;1.15;170.0;0.007;15166203518.0;0.2126;31106851164.0;0.436;23485.995044;1.006;23.349139529
"./build/Benchmark/dxexmachina_interconnect classic  -w 16 -t 4000000";"dxexmachina_interconnect";16;4000000;234309354.0;0.0104;22571514166.0;970.479;34.0;0.001;8002.0;0.344;70697025031.0;3.04;82230415137.0;1.16;174.0;0.007;14710711182.0;0.20809999999999998;30273570655.0;0.4282;23258.111827;1.006;23.11812646
"./build/Benchmark/dxexmachina_interconnect classic  -w 16 -t 4000000";"dxexmachina_interconnect";16;4000000;233555662.0;0.0103;22574128026.0;961.431;32.0;0.001;8002.0;0.341;70819512726.0;3.016;82229836850.0;1.16;175.0;0.007;14798543630.0;0.209;30484035389.0;0.4304;23479.723224;1.006;23.33558726
"./build/Benchmark/dxexmachina_interconnect classic  -w 16 -t 4000000";"dxexmachina_interconnect";16;4000000;238250114.0;0.0106;22568541200.0;968.722;34.0;0.001;8003.0;0.344;70828474694.0;3.04;82211839708.0;1.16;173.0;0.007;14790400998.0;0.20879999999999999;30464367569.0;0.4301;23297.231287;1.006;23.160660217
"./build/Benchmark/dxexmachina_interconnect classic  -w 16 -t 4000000";"dxexmachina_interconnect";16;4000000;237378709.0;0.0105;22572494332.0;970.969;34.0;0.001;8002.0;0.344;70666376292.0;3.04;82225940314.0;1.16;173.0;0.007;14675221597.0;0.2077;30289616791.0;0.4286;23247.391029;1.006;23.107780954
"./build/Benchmark/dxexmachina_interconnect classic  -w 16 -t 4000000";"dxexmachina_interconnect";16;4000000;250611171.0;0.0111;22576984603.0;973.103;34.0;0.001;8002.0;0.345;70509613003.0;3.039;82243532746.0;1.17;172.0;0.007;14590676103.0;0.2069;30033713081.0;0.426;23201.026073;1.006;23.060469945
"./build/Benchmark/dxexmachina_interconnect classic  -w 16 -t 4000000";"dxexmachina_interconnect";16;4000000;242798703.0;0.0108;22569711711.0;965.879;36.0;0.002;8004.0;0.343;70609023916.0;3.022;82214822956.0;1.16;174.0;0.007;14579635981.0;0.2065;30066743900.0;0.42579999999999996;23367.024944;1.006;23.226794992
"./build/Benchmark/dxexmachina_interconnect classic  -w 16 -t 4000000";"dxexmachina_interconnect";16;4000000;250719199.0;0.0111;22576203653.0;957.015;35.0;0.001;8002.0;0.339;71826709469.0;3.045;82240184016.0;1.14;169.0;0.007;15296704478.0;0.213;31012580302.0;0.4318;23590.221858;1.006;23.450499768
